time,open,high,low,close
2026-03-21T01:50:00+08:00,1.1562,1.15635,1.15604,1.15616
2026-03-21T01:55:00+08:00,1.15617,1.15622,1.15571,1.15578
2026-03-21T02:00:00+08:00,1.15579,1.15617,1.15579,1.15594
2026-03-21T02:05:00+08:00,1.15595,1.1562,1.1559,1.15602
2026-03-21T02:10:00+08:00,1.15601,1.15618,1.15565,1.15608
2026-03-21T02:15:00+08:00,1.15611,1.1563,1.156,1.15626
2026-03-21T02:20:00+08:00,1.15627,1.15634,1.15477,1.15525
2026-03-21T02:25:00+08:00,1.15526,1.15717,1.15525,1.1567
2026-03-21T02:30:00+08:00,1.15671,1.15695,1.15655,1.15677
2026-03-21T02:35:00+08:00,1.15678,1.15696,1.15636,1.15675
2026-03-21T02:40:00+08:00,1.15676,1.15693,1.15589,1.15604
2026-03-21T02:45:00+08:00,1.15602,1.15618,1.15547,1.15557
2026-03-21T02:50:00+08:00,1.15556,1.15572,1.15529,1.15555
2026-03-21T02:55:00+08:00,1.15554,1.15557,1.15476,1.15506
2026-03-21T03:00:00+08:00,1.15505,1.1555,1.15505,1.15525
2026-03-21T03:05:00+08:00,1.15523,1.15536,1.1547,1.15508
2026-03-21T03:10:00+08:00,1.15506,1.1552,1.15479,1.15509
2026-03-21T03:15:00+08:00,1.15508,1.15579,1.15507,1.15555
2026-03-21T03:20:00+08:00,1.15554,1.15554,1.15508,1.15512
2026-03-21T03:25:00+08:00,1.15509,1.15534,1.15503,1.15528
2026-03-21T03:30:00+08:00,1.15529,1.15537,1.15506,1.15514
2026-03-21T03:35:00+08:00,1.15513,1.15515,1.1547,1.15498
2026-03-21T03:40:00+08:00,1.15496,1.15598,1.15496,1.1559
2026-03-21T03:45:00+08:00,1.15593,1.15595,1.15532,1.15535
2026-03-21T03:50:00+08:00,1.15534,1.156,1.15533,1.15598
2026-03-21T03:55:00+08:00,1.15596,1.15619,1.15568,1.15585
2026-03-21T04:00:00+08:00,1.15583,1.1562,1.15573,1.15615
2026-03-21T04:05:00+08:00,1.15615,1.15615,1.15592,1.15606
2026-03-21T04:10:00+08:00,1.15605,1.1562,1.15603,1.15618
2026-03-21T04:15:00+08:00,1.15617,1.1565,1.15606,1.15648
2026-03-21T04:20:00+08:00,1.15647,1.15658,1.15628,1.15628
2026-03-21T04:25:00+08:00,1.15628,1.15643,1.15624,1.15643
2026-03-21T04:30:00+08:00,1.1564,1.15655,1.15631,1.15654
2026-03-21T04:35:00+08:00,1.15655,1.15662,1.15648,1.15661
2026-03-21T04:40:00+08:00,1.15661,1.15662,1.15613,1.15631
2026-03-21T04:45:00+08:00,1.15628,1.15657,1.1562,1.15635
2026-03-21T04:50:00+08:00,1.15637,1.15708,1.15632,1.15707
2026-03-23T05:00:00+08:00,1.15356,1.15359,1.15353,1.15359
2026-03-23T05:05:00+08:00,1.15358,1.15365,1.15358,1.15359
2026-03-23T05:10:00+08:00,1.15358,1.15359,1.15358,1.15359
2026-03-23T05:15:00+08:00,1.1536,1.1538,1.15359,1.1538
2026-03-23T05:20:00+08:00,1.15381,1.15381,1.15367,1.15367
2026-03-23T05:25:00+08:00,1.15366,1.15368,1.15358,1.15367
2026-03-23T05:30:00+08:00,1.15365,1.15373,1.15356,1.15359
2026-03-23T05:35:00+08:00,1.1536,1.15378,1.15358,1.15372
2026-03-23T05:40:00+08:00,1.15369,1.15374,1.15366,1.1537
2026-03-23T05:45:00+08:00,1.15366,1.15374,1.15366,1.15373
2026-03-23T05:50:00+08:00,1.15372,1.15377,1.15359,1.15359
2026-03-23T05:55:00+08:00,1.15358,1.15403,1.15358,1.15385
2026-03-23T06:00:00+08:00,1.15398,1.15505,1.15398,1.15498
2026-03-23T06:05:00+08:00,1.15499,1.15547,1.15485,1.15547
2026-03-23T06:10:00+08:00,1.15555,1.15563,1.15479,1.15482
2026-03-23T06:15:00+08:00,1.1548,1.15524,1.15459,1.15498
2026-03-23T06:20:00+08:00,1.15498,1.15589,1.15498,1.15573
2026-03-23T06:25:00+08:00,1.15572,1.15622,1.15557,1.15588
2026-03-23T06:30:00+08:00,1.15588,1.15627,1.15584,1.15594
2026-03-23T06:35:00+08:00,1.15593,1.156,1.15547,1.1557
2026-03-23T06:40:00+08:00,1.15572,1.15585,1.15538,1.15552
2026-03-23T06:45:00+08:00,1.15551,1.1559,1.15551,1.15584
2026-03-23T06:50:00+08:00,1.15585,1.15596,1.15573,1.15591
2026-03-23T06:55:00+08:00,1.15592,1.15598,1.1557,1.15582
2026-03-23T07:00:00+08:00,1.15581,1.15608,1.15573,1.15602
2026-03-23T07:05:00+08:00,1.15603,1.15624,1.15593,1.15615
2026-03-23T07:10:00+08:00,1.15612,1.15625,1.15598,1.15616
2026-03-23T07:15:00+08:00,1.15617,1.15631,1.156,1.1561
2026-03-23T07:20:00+08:00,1.15611,1.15642,1.15608,1.15637
2026-03-23T07:25:00+08:00,1.15638,1.15639,1.15605,1.15637
2026-03-23T07:30:00+08:00,1.15634,1.15649,1.15604,1.15618
2026-03-23T07:35:00+08:00,1.15617,1.15619,1.15596,1.15597
2026-03-23T07:40:00+08:00,1.15597,1.15636,1.15597,1.15633
2026-03-23T07:45:00+08:00,1.15634,1.15644,1.15616,1.1563
2026-03-23T07:50:00+08:00,1.15629,1.15642,1.15596,1.15597
2026-03-23T07:55:00+08:00,1.15598,1.15622,1.1559,1.1562
2026-03-23T08:00:00+08:00,1.15621,1.15637,1.15567,1.15592
2026-03-23T08:05:00+08:00,1.15592,1.15632,1.15543,1.15603
2026-03-23T08:10:00+08:00,1.15602,1.15644,1.15599,1.15616
2026-03-23T08:15:00+08:00,1.15619,1.15622,1.15578,1.15583
2026-03-23T08:20:00+08:00,1.15583,1.15634,1.15579,1.15592
2026-03-23T08:25:00+08:00,1.15594,1.15608,1.15572,1.15581
2026-03-23T08:30:00+08:00,1.1558,1.15585,1.15519,1.15523
2026-03-23T08:35:00+08:00,1.15524,1.15524,1.15431,1.15443
2026-03-23T08:40:00+08:00,1.15444,1.15446,1.15387,1.1541
2026-03-23T08:45:00+08:00,1.15411,1.15462,1.15399,1.15445
2026-03-23T08:50:00+08:00,1.15446,1.15467,1.15408,1.15413
2026-03-23T08:55:00+08:00,1.15412,1.15473,1.1541,1.15445
2026-03-23T09:00:00+08:00,1.15442,1.15519,1.15442,1.15517
2026-03-23T09:05:00+08:00,1.15515,1.15581,1.15491,1.15552
2026-03-23T09:10:00+08:00,1.15548,1.15591,1.15542,1.15588
2026-03-23T09:15:00+08:00,1.15587,1.1561,1.1558,1.15598
2026-03-23T09:20:00+08:00,1.15596,1.156,1.1557,1.15574
2026-03-23T09:25:00+08:00,1.15573,1.15576,1.15552,1.15569
2026-03-23T09:30:00+08:00,1.1557,1.15594,1.15528,1.15579
2026-03-23T09:35:00+08:00,1.15581,1.15616,1.15554,1.1559
2026-03-23T09:40:00+08:00,1.15591,1.15598,1.15565,1.15598
2026-03-23T09:45:00+08:00,1.15599,1.15599,1.15562,1.15584
2026-03-23T09:50:00+08:00,1.15583,1.15596,1.15549,1.15567
2026-03-23T09:55:00+08:00,1.15566,1.15575,1.15528,1.15545
2026-03-23T10:00:00+08:00,1.15548,1.15574,1.15536,1.15555
2026-03-23T10:05:00+08:00,1.1556,1.15574,1.15532,1.15543
2026-03-23T10:10:00+08:00,1.15542,1.15543,1.15491,1.15505
2026-03-23T10:15:00+08:00,1.15506,1.15536,1.15504,1.15532
2026-03-23T10:20:00+08:00,1.15533,1.15546,1.15506,1.15506
2026-03-23T10:25:00+08:00,1.15505,1.15539,1.15502,1.15511
2026-03-23T10:30:00+08:00,1.1551,1.15513,1.15443,1.15457
2026-03-23T10:35:00+08:00,1.15456,1.15471,1.1543,1.15448
2026-03-23T10:40:00+08:00,1.15449,1.15484,1.15442,1.1548
2026-03-23T10:45:00+08:00,1.15479,1.1548,1.15452,1.15455
2026-03-23T10:50:00+08:00,1.15456,1.15475,1.15434,1.15471
2026-03-23T10:55:00+08:00,1.15472,1.15486,1.15459,1.15469
2026-03-23T11:00:00+08:00,1.15467,1.15491,1.15454,1.15486
2026-03-23T11:05:00+08:00,1.15487,1.1549,1.15444,1.15448
2026-03-23T11:10:00+08:00,1.15447,1.15452,1.15427,1.15452
2026-03-23T11:15:00+08:00,1.15453,1.15475,1.15447,1.15468
2026-03-23T11:20:00+08:00,1.15469,1.15485,1.15467,1.15474
2026-03-23T11:25:00+08:00,1.15475,1.15491,1.15469,1.15477
2026-03-23T11:30:00+08:00,1.15478,1.15489,1.15468,1.15487
2026-03-23T11:35:00+08:00,1.15488,1.15488,1.15468,1.15476
2026-03-23T11:40:00+08:00,1.15477,1.155,1.15468,1.1549
2026-03-23T11:45:00+08:00,1.15489,1.15505,1.15479,1.15497
2026-03-23T11:50:00+08:00,1.15496,1.15502,1.15485,1.15487
2026-03-23T11:55:00+08:00,1.15489,1.15499,1.15467,1.15472
2026-03-23T12:00:00+08:00,1.15471,1.1551,1.15464,1.15469
2026-03-23T12:05:00+08:00,1.15471,1.15504,1.15469,1.15495
2026-03-23T12:10:00+08:00,1.15497,1.15505,1.15481,1.15497
2026-03-23T12:15:00+08:00,1.15496,1.15516,1.15484,1.15503
2026-03-23T12:20:00+08:00,1.15504,1.15509,1.15493,1.15509
2026-03-23T12:25:00+08:00,1.1551,1.1551,1.15483,1.15484
2026-03-23T12:30:00+08:00,1.15481,1.15482,1.15459,1.15478
2026-03-23T12:35:00+08:00,1.1548,1.15495,1.15469,1.15479
2026-03-23T12:40:00+08:00,1.15478,1.15481,1.15468,1.15472
2026-03-23T12:45:00+08:00,1.15474,1.15479,1.15465,1.15466
2026-03-23T12:50:00+08:00,1.15467,1.15489,1.15465,1.15489
2026-03-23T12:55:00+08:00,1.15491,1.15507,1.15481,1.15506
2026-03-23T13:00:00+08:00,1.15506,1.15521,1.15491,1.15512
2026-03-23T13:05:00+08:00,1.15511,1.15526,1.15499,1.15501
2026-03-23T13:10:00+08:00,1.15499,1.15503,1.15487,1.15494
2026-03-23T13:15:00+08:00,1.15493,1.15493,1.15423,1.15425
2026-03-23T13:20:00+08:00,1.15417,1.1543,1.15396,1.1541
2026-03-23T13:25:00+08:00,1.15411,1.15425,1.1541,1.15417
2026-03-23T13:30:00+08:00,1.15416,1.15417,1.15368,1.15372
2026-03-23T13:35:00+08:00,1.15373,1.15422,1.15368,1.154
2026-03-23T13:40:00+08:00,1.15399,1.15401,1.15369,1.15376
2026-03-23T13:45:00+08:00,1.15375,1.15376,1.15353,1.15362
2026-03-23T13:50:00+08:00,1.15361,1.15383,1.15344,1.15376
2026-03-23T13:55:00+08:00,1.15375,1.15378,1.15341,1.15343
2026-03-23T14:00:00+08:00,1.15344,1.15345,1.15299,1.1531
2026-03-23T14:05:00+08:00,1.15311,1.15323,1.15284,1.1529
2026-03-23T14:10:00+08:00,1.15289,1.15297,1.15249,1.15293
2026-03-23T14:15:00+08:00,1.15292,1.15305,1.1524,1.15241
2026-03-23T14:20:00+08:00,1.1524,1.15267,1.15223,1.15255
2026-03-23T14:25:00+08:00,1.15259,1.15273,1.15242,1.15262
2026-03-23T14:30:00+08:00,1.15262,1.15275,1.15237,1.15255
2026-03-23T14:35:00+08:00,1.15256,1.15281,1.15239,1.15257
2026-03-23T14:40:00+08:00,1.15255,1.15271,1.15205,1.15211
2026-03-23T14:45:00+08:00,1.15209,1.15264,1.15203,1.15264
2026-03-23T14:50:00+08:00,1.15261,1.15294,1.15255,1.15282
2026-03-23T14:55:00+08:00,1.15281,1.15317,1.15281,1.15305
2026-03-23T15:00:00+08:00,1.15304,1.15346,1.15303,1.15335
2026-03-23T15:05:00+08:00,1.15336,1.15356,1.1531,1.15329
2026-03-23T15:10:00+08:00,1.15328,1.15372,1.15322,1.15331
2026-03-23T15:15:00+08:00,1.15329,1.15329,1.15283,1.15303
2026-03-23T15:20:00+08:00,1.15304,1.15326,1.15279,1.15284
2026-03-23T15:25:00+08:00,1.15285,1.15308,1.15236,1.15242
2026-03-23T15:30:00+08:00,1.1524,1.15324,1.15237,1.15324
2026-03-23T15:35:00+08:00,1.15323,1.15404,1.15294,1.1537
2026-03-23T15:40:00+08:00,1.15369,1.15384,1.15346,1.15384
2026-03-23T15:45:00+08:00,1.15383,1.15391,1.15356,1.15358
2026-03-23T15:50:00+08:00,1.15355,1.15375,1.15285,1.15293
2026-03-23T15:55:00+08:00,1.15296,1.15304,1.15262,1.15271
2026-03-23T16:00:00+08:00,1.15272,1.15301,1.15261,1.15284
2026-03-23T16:05:00+08:00,1.15283,1.15348,1.1527,1.15336
2026-03-23T16:10:00+08:00,1.15337,1.15374,1.15308,1.15361
2026-03-23T16:15:00+08:00,1.15358,1.15374,1.15314,1.1537
2026-03-23T16:20:00+08:00,1.15369,1.15436,1.15351,1.15418
2026-03-23T16:25:00+08:00,1.15417,1.15455,1.15417,1.15436
2026-03-23T16:30:00+08:00,1.15434,1.15461,1.15391,1.15396
2026-03-23T16:35:00+08:00,1.15397,1.15398,1.15329,1.15364
2026-03-23T16:40:00+08:00,1.15363,1.15375,1.15298,1.1532
2026-03-23T16:45:00+08:00,1.15321,1.15359,1.15306,1.15329
2026-03-23T16:50:00+08:00,1.15327,1.15355,1.15321,1.15337
2026-03-23T16:55:00+08:00,1.15339,1.15348,1.15294,1.15297
2026-03-23T17:00:00+08:00,1.153,1.15337,1.15256,1.15262
2026-03-23T17:05:00+08:00,1.15263,1.15299,1.15231,1.15262
2026-03-23T17:10:00+08:00,1.15264,1.15284,1.15242,1.15253
2026-03-23T17:15:00+08:00,1.15252,1.15253,1.15186,1.15187
2026-03-23T17:20:00+08:00,1.15188,1.15194,1.15149,1.15151
2026-03-23T17:25:00+08:00,1.15149,1.15157,1.15118,1.15154
2026-03-23T17:30:00+08:00,1.15155,1.15174,1.15098,1.15101
2026-03-23T17:35:00+08:00,1.15101,1.15105,1.1506,1.15076
2026-03-23T17:40:00+08:00,1.15075,1.15075,1.14981,1.14994
2026-03-23T17:45:00+08:00,1.14992,1.15018,1.14942,1.14948
2026-03-23T17:50:00+08:00,1.14949,1.14991,1.14911,1.14916
2026-03-23T17:55:00+08:00,1.14919,1.14958,1.1491,1.1495
2026-03-23T18:00:00+08:00,1.14949,1.14961,1.14894,1.14923
2026-03-23T18:05:00+08:00,1.14925,1.14942,1.14876,1.14929
2026-03-23T18:10:00+08:00,1.14926,1.14935,1.14874,1.14886
2026-03-23T18:15:00+08:00,1.14885,1.14936,1.14868,1.14913
2026-03-23T18:20:00+08:00,1.14911,1.14927,1.14889,1.14908
2026-03-23T18:25:00+08:00,1.1491,1.14922,1.14853,1.14878
2026-03-23T18:30:00+08:00,1.1488,1.14946,1.1487,1.14893
2026-03-23T18:35:00+08:00,1.14889,1.14922,1.14866,1.14887
2026-03-23T18:40:00+08:00,1.14885,1.14922,1.14869,1.14905
2026-03-23T18:45:00+08:00,1.14907,1.14907,1.14862,1.14896
2026-03-23T18:50:00+08:00,1.14895,1.15014,1.14886,1.14886
2026-03-23T18:55:00+08:00,1.14889,1.14891,1.14846,1.14857
2026-03-23T19:00:00+08:00,1.14858,1.14935,1.14858,1.1487
2026-03-23T19:05:00+08:00,1.14871,1.16189,1.1487,1.15729
2026-03-23T19:10:00+08:00,1.15729,1.15995,1.15579,1.15652
2026-03-23T19:15:00+08:00,1.15656,1.15886,1.15602,1.15659
2026-03-23T19:20:00+08:00,1.15662,1.15671,1.15263,1.15542
2026-03-23T19:25:00+08:00,1.15533,1.15648,1.15429,1.1561
2026-03-23T19:30:00+08:00,1.1561,1.1592,1.15589,1.15883
2026-03-23T19:35:00+08:00,1.1588,1.15961,1.15785,1.15802
2026-03-23T19:40:00+08:00,1.15802,1.15874,1.15738,1.15802
2026-03-23T19:45:00+08:00,1.15801,1.15869,1.15582,1.15719
2026-03-23T19:50:00+08:00,1.15719,1.15771,1.15585,1.15734
2026-03-23T19:55:00+08:00,1.15736,1.15737,1.15514,1.15565
2026-03-23T20:00:00+08:00,1.15555,1.15634,1.1549,1.15602
2026-03-23T20:05:00+08:00,1.15603,1.15665,1.15464,1.15664
2026-03-23T20:10:00+08:00,1.15665,1.15692,1.15557,1.15557
2026-03-23T20:15:00+08:00,1.15559,1.1575,1.15556,1.1573
2026-03-23T20:20:00+08:00,1.15726,1.15797,1.15666,1.1568
2026-03-23T20:25:00+08:00,1.15683,1.15742,1.15671,1.15724
2026-03-23T20:30:00+08:00,1.15718,1.15718,1.15592,1.15707
2026-03-23T20:35:00+08:00,1.15708,1.15822,1.15707,1.15774
2026-03-23T20:40:00+08:00,1.15777,1.16008,1.15727,1.16
2026-03-23T20:45:00+08:00,1.15996,1.16018,1.15913,1.15993
2026-03-23T20:50:00+08:00,1.15991,1.16077,1.1598,1.16068
2026-03-23T20:55:00+08:00,1.16073,1.16146,1.16053,1.16125
2026-03-23T21:00:00+08:00,1.16134,1.16155,1.1598,1.16047
2026-03-23T21:05:00+08:00,1.1604,1.16051,1.15928,1.15957
2026-03-23T21:10:00+08:00,1.15955,1.15957,1.1588,1.15916
2026-03-23T21:15:00+08:00,1.15917,1.15933,1.1583,1.15836
2026-03-23T21:20:00+08:00,1.15837,1.15881,1.15798,1.15838
2026-03-23T21:25:00+08:00,1.15835,1.15927,1.15801,1.15873
2026-03-23T21:30:00+08:00,1.15874,1.15925,1.15827,1.15852
2026-03-23T21:35:00+08:00,1.15851,1.15978,1.15801,1.15978
2026-03-23T21:40:00+08:00,1.15978,1.16077,1.15906,1.15911
2026-03-23T21:45:00+08:00,1.15909,1.1601,1.15892,1.1601
2026-03-23T21:50:00+08:00,1.16012,1.16073,1.15958,1.1596
2026-03-23T21:55:00+08:00,1.15954,1.15999,1.15905,1.15999
2026-03-23T22:00:00+08:00,1.15996,1.16113,1.1593,1.16023
2026-03-23T22:05:00+08:00,1.16021,1.16038,1.15955,1.16015
2026-03-23T22:10:00+08:00,1.16015,1.16055,1.15953,1.1601
2026-03-23T22:15:00+08:00,1.16012,1.1619,1.15984,1.16173
2026-03-23T22:20:00+08:00,1.16177,1.16297,1.16165,1.16272
2026-03-23T22:25:00+08:00,1.16271,1.16312,1.16188,1.16263
2026-03-23T22:30:00+08:00,1.16261,1.16384,1.16212,1.16348
2026-03-23T22:35:00+08:00,1.16348,1.16399,1.16338,1.16345
2026-03-23T22:40:00+08:00,1.16329,1.16339,1.162,1.16257
2026-03-23T22:45:00+08:00,1.16257,1.16294,1.16179,1.1627
2026-03-23T22:50:00+08:00,1.16271,1.16271,1.16153,1.16174
2026-03-23T22:55:00+08:00,1.1617,1.16227,1.16152,1.16152
2026-03-23T23:00:00+08:00,1.16154,1.16294,1.16147,1.1627
2026-03-23T23:05:00+08:00,1.16269,1.16306,1.16235,1.16273
2026-03-23T23:10:00+08:00,1.16271,1.16289,1.16178,1.16223
2026-03-23T23:15:00+08:00,1.16225,1.16236,1.16149,1.16154
2026-03-23T23:20:00+08:00,1.16153,1.16216,1.16105,1.16198
2026-03-23T23:25:00+08:00,1.16201,1.16205,1.16075,1.16093
2026-03-23T23:30:00+08:00,1.16084,1.1612,1.16062,1.16067
2026-03-23T23:35:00+08:00,1.16065,1.16069,1.16003,1.16007
2026-03-23T23:40:00+08:00,1.16008,1.16074,1.15986,1.16006
2026-03-23T23:45:00+08:00,1.16004,1.16017,1.15947,1.15992
2026-03-23T23:50:00+08:00,1.15989,1.16011,1.15824,1.15852
2026-03-23T23:55:00+08:00,1.15859,1.15924,1.15839,1.15862
2026-03-24T00:00:00+08:00,1.15858,1.15921,1.15799,1.15814
2026-03-24T00:05:00+08:00,1.15814,1.15901,1.15776,1.1585
2026-03-24T00:10:00+08:00,1.15841,1.15894,1.15817,1.15858
2026-03-24T00:15:00+08:00,1.15852,1.15854,1.15764,1.15792
2026-03-24T00:20:00+08:00,1.15795,1.15832,1.15772,1.15829
2026-03-24T00:25:00+08:00,1.1583,1.15832,1.1577,1.1579
2026-03-24T00:30:00+08:00,1.15787,1.15894,1.15781,1.15894
2026-03-24T00:35:00+08:00,1.15893,1.15918,1.15868,1.15871
2026-03-24T00:40:00+08:00,1.1587,1.15937,1.15857,1.15935
2026-03-24T00:45:00+08:00,1.15932,1.15981,1.15916,1.15973
2026-03-24T00:50:00+08:00,1.15973,1.16006,1.15964,1.15987
2026-03-24T00:55:00+08:00,1.15988,1.15997,1.15875,1.15909
2026-03-24T01:00:00+08:00,1.1591,1.15954,1.15867,1.15901
2026-03-24T01:05:00+08:00,1.15909,1.15999,1.1588,1.15991
2026-03-24T01:10:00+08:00,1.1599,1.16001,1.15942,1.15954
2026-03-24T01:15:00+08:00,1.15957,1.16005,1.1593,1.1596
2026-03-24T01:20:00+08:00,1.15956,1.15966,1.15904,1.1594
2026-03-24T01:25:00+08:00,1.15939,1.16015,1.15938,1.16003
2026-03-24T01:30:00+08:00,1.15998,1.16035,1.15986,1.16034
2026-03-24T01:35:00+08:00,1.1604,1.16097,1.16038,1.16067
2026-03-24T01:40:00+08:00,1.16069,1.16084,1.15982,1.15983
2026-03-24T01:45:00+08:00,1.15986,1.15994,1.1593,1.15956
2026-03-24T01:50:00+08:00,1.15954,1.16003,1.15944,1.15997
2026-03-24T01:55:00+08:00,1.15999,1.16046,1.15986,1.1602
2026-03-24T02:00:00+08:00,1.16018,1.16054,1.16003,1.16052
2026-03-24T02:05:00+08:00,1.16054,1.16059,1.15919,1.16011
2026-03-24T02:10:00+08:00,1.16009,1.16084,1.16009,1.16056
2026-03-24T02:15:00+08:00,1.16055,1.16065,1.16007,1.16038
2026-03-24T02:20:00+08:00,1.16037,1.16094,1.16025,1.16085
2026-03-24T02:25:00+08:00,1.16086,1.1613,1.16077,1.16125
2026-03-24T02:30:00+08:00,1.16124,1.16271,1.16124,1.16265
2026-03-24T02:35:00+08:00,1.16268,1.16347,1.16267,1.16273
2026-03-24T02:40:00+08:00,1.16274,1.16298,1.16248,1.16286
2026-03-24T02:45:00+08:00,1.16285,1.16329,1.16265,1.16327
2026-03-24T02:50:00+08:00,1.16326,1.16359,1.16293,1.16355
2026-03-24T02:55:00+08:00,1.16356,1.16373,1.16322,1.16351
2026-03-24T03:00:00+08:00,1.16349,1.16352,1.16267,1.1627
2026-03-24T03:05:00+08:00,1.16269,1.163,1.16257,1.16296
2026-03-24T03:10:00+08:00,1.1629,1.16304,1.16247,1.16252
2026-03-24T03:15:00+08:00,1.16253,1.16261,1.16204,1.16254
2026-03-24T03:20:00+08:00,1.16253,1.16255,1.16217,1.1624
2026-03-24T03:25:00+08:00,1.16239,1.16245,1.1617,1.16175
2026-03-24T03:30:00+08:00,1.16174,1.1618,1.16134,1.16172
2026-03-24T03:35:00+08:00,1.16173,1.16194,1.16156,1.16159
2026-03-24T03:40:00+08:00,1.16158,1.16174,1.16131,1.16163
2026-03-24T03:45:00+08:00,1.16166,1.16181,1.16152,1.16159
2026-03-24T03:50:00+08:00,1.1616,1.16168,1.16134,1.16135
2026-03-24T03:55:00+08:00,1.16136,1.1615,1.16127,1.16135
2026-03-24T04:00:00+08:00,1.16133,1.16146,1.16107,1.16122
2026-03-24T04:05:00+08:00,1.16121,1.16153,1.16113,1.16151
2026-03-24T04:10:00+08:00,1.16149,1.16151,1.16129,1.16146
2026-03-24T04:15:00+08:00,1.16147,1.16152,1.16133,1.16135
2026-03-24T04:20:00+08:00,1.16134,1.16142,1.16117,1.16121
2026-03-24T04:25:00+08:00,1.16121,1.16124,1.16102,1.16104
2026-03-24T04:30:00+08:00,1.16105,1.16126,1.16097,1.1612
2026-03-24T04:35:00+08:00,1.16119,1.16124,1.16101,1.16124
2026-03-24T04:40:00+08:00,1.16125,1.16134,1.16107,1.16129
2026-03-24T04:45:00+08:00,1.16129,1.16138,1.16117,1.16118
2026-03-24T04:50:00+08:00,1.16117,1.16129,1.16095,1.16098
2026-03-24T04:55:00+08:00,1.16097,1.16108,1.16095,1.16104
2026-03-24T05:00:00+08:00,1.16102,1.16112,1.16102,1.16112
2026-03-24T05:05:00+08:00,1.16113,1.16115,1.16093,1.16113
2026-03-24T05:10:00+08:00,1.16112,1.16123,1.16108,1.16122
2026-03-24T05:15:00+08:00,1.1612,1.16121,1.16113,1.16116
2026-03-24T05:20:00+08:00,1.16115,1.16129,1.16114,1.16124
2026-03-24T05:25:00+08:00,1.16125,1.16127,1.16119,1.16125
2026-03-24T05:30:00+08:00,1.16126,1.16126,1.16119,1.16124
2026-03-24T05:35:00+08:00,1.16124,1.16132,1.16123,1.16132
2026-03-24T05:40:00+08:00,1.16131,1.16142,1.16131,1.1614
2026-03-24T05:45:00+08:00,1.1614,1.16148,1.16125,1.16137
2026-03-24T05:50:00+08:00,1.16136,1.16143,1.16133,1.16143
2026-03-24T05:55:00+08:00,1.16141,1.16143,1.1614,1.16143
2026-03-24T06:00:00+08:00,1.16147,1.16149,1.16084,1.16105
2026-03-24T06:05:00+08:00,1.16105,1.16155,1.16105,1.16141
2026-03-24T06:10:00+08:00,1.1614,1.16154,1.16127,1.1615
2026-03-24T06:15:00+08:00,1.1615,1.16155,1.16116,1.16128
2026-03-24T06:20:00+08:00,1.16127,1.16153,1.16125,1.16143
2026-03-24T06:25:00+08:00,1.16142,1.16156,1.16137,1.16154
2026-03-24T06:30:00+08:00,1.16155,1.16155,1.16128,1.16136
2026-03-24T06:35:00+08:00,1.16137,1.1615,1.16135,1.16135
2026-03-24T06:40:00+08:00,1.16135,1.16135,1.16112,1.16114
2026-03-24T06:45:00+08:00,1.16116,1.16127,1.16101,1.16124
2026-03-24T06:50:00+08:00,1.16123,1.1617,1.16106,1.16162
2026-03-24T06:55:00+08:00,1.16162,1.16177,1.16147,1.16147
2026-03-24T07:00:00+08:00,1.16147,1.16161,1.16134,1.16139
2026-03-24T07:05:00+08:00,1.16138,1.16152,1.16121,1.16134
2026-03-24T07:10:00+08:00,1.16133,1.16133,1.16111,1.16119
2026-03-24T07:15:00+08:00,1.16119,1.16143,1.16112,1.16128
2026-03-24T07:20:00+08:00,1.16128,1.16141,1.16114,1.16141
2026-03-24T07:25:00+08:00,1.1614,1.16144,1.16119,1.16122
2026-03-24T07:30:00+08:00,1.1612,1.16124,1.16103,1.16111
2026-03-24T07:35:00+08:00,1.16113,1.16116,1.16096,1.16104
2026-03-24T07:40:00+08:00,1.16105,1.16116,1.16086,1.16113
2026-03-24T07:45:00+08:00,1.16114,1.16117,1.16064,1.16079
2026-03-24T07:50:00+08:00,1.16077,1.16085,1.16063,1.16071
2026-03-24T07:55:00+08:00,1.16072,1.16081,1.16058,1.16081
2026-03-24T08:00:00+08:00,1.16084,1.16088,1.16008,1.1601
2026-03-24T08:05:00+08:00,1.16007,1.16026,1.15999,1.16007
2026-03-24T08:10:00+08:00,1.16008,1.16014,1.15939,1.1594
2026-03-24T08:15:00+08:00,1.1594,1.15941,1.15895,1.15933
2026-03-24T08:20:00+08:00,1.15934,1.15969,1.15905,1.15964
2026-03-24T08:25:00+08:00,1.15963,1.15976,1.15938,1.15944
2026-03-24T08:30:00+08:00,1.15944,1.15966,1.15925,1.15958
2026-03-24T08:35:00+08:00,1.15957,1.15957,1.15812,1.15851
2026-03-24T08:40:00+08:00,1.15854,1.15882,1.15827,1.15844
2026-03-24T08:45:00+08:00,1.15843,1.15873,1.15843,1.15854
2026-03-24T08:50:00+08:00,1.15855,1.15923,1.15855,1.15923
2026-03-24T08:55:00+08:00,1.15918,1.15932,1.15882,1.15886
2026-03-24T09:00:00+08:00,1.15885,1.15915,1.15865,1.15906
2026-03-24T09:05:00+08:00,1.15904,1.15931,1.15892,1.15926
2026-03-24T09:10:00+08:00,1.15927,1.15961,1.15922,1.15944
2026-03-24T09:15:00+08:00,1.15943,1.15945,1.1587,1.15905
2026-03-24T09:20:00+08:00,1.15903,1.15928,1.15882,1.1589
2026-03-24T09:25:00+08:00,1.15893,1.15919,1.15879,1.15886
2026-03-24T09:30:00+08:00,1.15888,1.15897,1.15843,1.15864
2026-03-24T09:35:00+08:00,1.15863,1.15865,1.15816,1.15822
2026-03-24T09:40:00+08:00,1.15823,1.15831,1.15804,1.15808
2026-03-24T09:45:00+08:00,1.15807,1.15827,1.15785,1.15805
2026-03-24T09:50:00+08:00,1.15806,1.15859,1.15803,1.15827
2026-03-24T09:55:00+08:00,1.15828,1.15863,1.15823,1.15846
2026-03-24T10:00:00+08:00,1.15851,1.15867,1.15838,1.15864
2026-03-24T10:05:00+08:00,1.15865,1.15868,1.15844,1.15866
2026-03-24T10:10:00+08:00,1.15865,1.15867,1.15826,1.15842
2026-03-24T10:15:00+08:00,1.15843,1.15867,1.1583,1.15855
2026-03-24T10:20:00+08:00,1.15856,1.15896,1.15853,1.15881
2026-03-24T10:25:00+08:00,1.15882,1.15911,1.15865,1.15909
2026-03-24T10:30:00+08:00,1.15907,1.15922,1.15896,1.15908
2026-03-24T10:35:00+08:00,1.15908,1.15913,1.15882,1.15882
2026-03-24T10:40:00+08:00,1.15883,1.15902,1.15876,1.15899
2026-03-24T10:45:00+08:00,1.15898,1.15915,1.15873,1.15873
2026-03-24T10:50:00+08:00,1.15872,1.15875,1.15827,1.15863
2026-03-24T10:55:00+08:00,1.15868,1.15872,1.15849,1.15859
2026-03-24T11:00:00+08:00,1.15861,1.15869,1.15812,1.15821
2026-03-24T11:05:00+08:00,1.15819,1.15852,1.15819,1.15847
2026-03-24T11:10:00+08:00,1.15846,1.15878,1.15846,1.15866
2026-03-24T11:15:00+08:00,1.15865,1.15894,1.15864,1.15885
2026-03-24T11:20:00+08:00,1.15886,1.15893,1.15871,1.15872
2026-03-24T11:25:00+08:00,1.15875,1.15893,1.15867,1.15885
2026-03-24T11:30:00+08:00,1.15884,1.15886,1.15836,1.15848
2026-03-24T11:35:00+08:00,1.15846,1.15854,1.15821,1.15834
2026-03-24T11:40:00+08:00,1.15835,1.15857,1.15833,1.1584
2026-03-24T11:45:00+08:00,1.15839,1.15853,1.15824,1.15834
2026-03-24T11:50:00+08:00,1.15833,1.1584,1.15821,1.15828
2026-03-24T11:55:00+08:00,1.15829,1.15849,1.15817,1.15832
2026-03-24T12:00:00+08:00,1.15833,1.15836,1.15809,1.15817
2026-03-24T12:05:00+08:00,1.15817,1.15824,1.15795,1.15805
2026-03-24T12:10:00+08:00,1.15806,1.15813,1.15775,1.15785
2026-03-24T12:15:00+08:00,1.15786,1.15788,1.15763,1.15768
2026-03-24T12:20:00+08:00,1.15768,1.15787,1.15766,1.15774
2026-03-24T12:25:00+08:00,1.15772,1.15778,1.15758,1.15772
2026-03-24T12:30:00+08:00,1.15771,1.15778,1.15758,1.15777
2026-03-24T12:35:00+08:00,1.15778,1.15796,1.15772,1.15789
2026-03-24T12:40:00+08:00,1.1579,1.158,1.15787,1.15793
2026-03-24T12:45:00+08:00,1.15792,1.15829,1.1579,1.15823
2026-03-24T12:50:00+08:00,1.15825,1.15828,1.1581,1.15816
2026-03-24T12:55:00+08:00,1.15815,1.15817,1.15792,1.15803
2026-03-24T13:00:00+08:00,1.15802,1.15808,1.1577,1.15773
2026-03-24T13:05:00+08:00,1.15772,1.15775,1.15757,1.15772
2026-03-24T13:10:00+08:00,1.15773,1.15814,1.15763,1.15792
2026-03-24T13:15:00+08:00,1.15794,1.15848,1.1579,1.1581
2026-03-24T13:20:00+08:00,1.15812,1.15838,1.15798,1.15827
2026-03-24T13:25:00+08:00,1.15828,1.15838,1.15812,1.15814
2026-03-24T13:30:00+08:00,1.15815,1.15822,1.15804,1.15814
2026-03-24T13:35:00+08:00,1.15817,1.15833,1.15809,1.15828
2026-03-24T13:40:00+08:00,1.15827,1.15874,1.15826,1.15866
2026-03-24T13:45:00+08:00,1.15868,1.15888,1.15859,1.15878
2026-03-24T13:50:00+08:00,1.15876,1.15892,1.15858,1.1586
2026-03-24T13:55:00+08:00,1.15857,1.15858,1.15828,1.15838
2026-03-24T14:00:00+08:00,1.15835,1.15879,1.15814,1.15862
2026-03-24T14:05:00+08:00,1.15861,1.15888,1.15856,1.15882
2026-03-24T14:10:00+08:00,1.15885,1.15885,1.15788,1.15817
2026-03-24T14:15:00+08:00,1.15816,1.15844,1.15803,1.15803
2026-03-24T14:20:00+08:00,1.15802,1.15831,1.15792,1.15823
2026-03-24T14:25:00+08:00,1.15822,1.15864,1.15817,1.15828
2026-03-24T14:30:00+08:00,1.1583,1.15845,1.15811,1.15821
2026-03-24T14:35:00+08:00,1.15823,1.1584,1.15801,1.15822
2026-03-24T14:40:00+08:00,1.15821,1.15845,1.15821,1.15831
2026-03-24T14:45:00+08:00,1.1583,1.1586,1.15802,1.1583
2026-03-24T14:50:00+08:00,1.15831,1.15891,1.15825,1.1589
2026-03-24T14:55:00+08:00,1.15891,1.15925,1.15884,1.15924
2026-03-24T15:00:00+08:00,1.15921,1.15988,1.15892,1.15972
2026-03-24T15:05:00+08:00,1.15973,1.16036,1.15962,1.1603
2026-03-24T15:10:00+08:00,1.16029,1.16179,1.16029,1.1615
2026-03-24T15:15:00+08:00,1.16149,1.1615,1.16057,1.16069
2026-03-24T15:20:00+08:00,1.16068,1.16112,1.16047,1.16104
2026-03-24T15:25:00+08:00,1.161,1.16101,1.16031,1.16035
2026-03-24T15:30:00+08:00,1.16033,1.16046,1.15966,1.16011
2026-03-24T15:35:00+08:00,1.16013,1.16058,1.15984,1.16034
2026-03-24T15:40:00+08:00,1.16037,1.16096,1.16029,1.16087
2026-03-24T15:45:00+08:00,1.16088,1.16088,1.1601,1.16024
2026-03-24T15:50:00+08:00,1.16024,1.16059,1.16014,1.16059
2026-03-24T15:55:00+08:00,1.16058,1.1609,1.16029,1.16086
2026-03-24T16:00:00+08:00,1.16087,1.16087,1.16008,1.16064
2026-03-24T16:05:00+08:00,1.16065,1.16094,1.16023,1.16071
2026-03-24T16:10:00+08:00,1.16072,1.16078,1.15995,1.16007
2026-03-24T16:15:00+08:00,1.16008,1.16047,1.15945,1.15945
2026-03-24T16:20:00+08:00,1.15944,1.15975,1.15932,1.15955
2026-03-24T16:25:00+08:00,1.15956,1.15961,1.15907,1.15925
2026-03-24T16:30:00+08:00,1.15921,1.15956,1.15914,1.15928
2026-03-24T16:35:00+08:00,1.15925,1.15975,1.15913,1.15928
2026-03-24T16:40:00+08:00,1.1593,1.15966,1.15912,1.15959
2026-03-24T16:45:00+08:00,1.15957,1.15986,1.15957,1.15962
2026-03-24T16:55:00+08:00,1.15878,1.15898,1.15877,1.15897
2026-03-24T17:00:00+08:00,1.15902,1.15932,1.15892,1.15923
2026-03-24T17:05:00+08:00,1.15922,1.15942,1.15837,1.15873
2026-03-24T17:10:00+08:00,1.15876,1.15898,1.15813,1.15827
2026-03-24T17:15:00+08:00,1.15826,1.15855,1.15787,1.15847
2026-03-24T17:20:00+08:00,1.15846,1.1585,1.15791,1.15829
2026-03-24T17:25:00+08:00,1.15829,1.15873,1.15826,1.15849
2026-03-24T17:30:00+08:00,1.15843,1.15916,1.15838,1.15899
2026-03-24T17:35:00+08:00,1.159,1.15915,1.15872,1.15915
2026-03-24T17:40:00+08:00,1.15916,1.15956,1.15914,1.1595
2026-03-24T17:45:00+08:00,1.15945,1.15952,1.15919,1.15937
2026-03-24T17:50:00+08:00,1.15938,1.15938,1.15908,1.15924
2026-03-24T17:55:00+08:00,1.15925,1.15969,1.15925,1.15948
2026-03-24T18:00:00+08:00,1.15949,1.15964,1.15895,1.15926
2026-03-24T18:05:00+08:00,1.15927,1.15949,1.15908,1.15942
2026-03-24T18:10:00+08:00,1.1594,1.1595,1.15913,1.15931
2026-03-24T18:15:00+08:00,1.15923,1.15958,1.15911,1.15945
2026-03-24T18:20:00+08:00,1.15946,1.15946,1.15912,1.15915
2026-03-24T18:25:00+08:00,1.15918,1.15926,1.15871,1.15889
2026-03-24T18:30:00+08:00,1.15888,1.15901,1.15851,1.15852
2026-03-24T18:35:00+08:00,1.15853,1.15898,1.15847,1.15888
2026-03-24T18:40:00+08:00,1.15894,1.15896,1.15858,1.15893
2026-03-24T18:45:00+08:00,1.15892,1.15902,1.15833,1.15839
2026-03-24T18:50:00+08:00,1.15846,1.1589,1.15842,1.15874
2026-03-24T18:55:00+08:00,1.15869,1.15924,1.15854,1.15921
2026-03-24T19:00:00+08:00,1.15909,1.1594,1.15875,1.15917
2026-03-24T19:05:00+08:00,1.15915,1.15992,1.15915,1.15988
2026-03-24T19:10:00+08:00,1.15989,1.16005,1.15959,1.15971
2026-03-24T19:15:00+08:00,1.15972,1.15974,1.15903,1.15938
2026-03-24T19:20:00+08:00,1.15936,1.15954,1.15936,1.1595
2026-03-24T19:25:00+08:00,1.15948,1.1596,1.15913,1.15941
2026-03-24T19:30:00+08:00,1.15938,1.15953,1.15918,1.15929
2026-03-24T19:35:00+08:00,1.15928,1.15944,1.15907,1.15931
2026-03-24T19:40:00+08:00,1.1593,1.15974,1.15921,1.15948
2026-03-24T19:45:00+08:00,1.15951,1.1596,1.15924,1.15936
2026-03-24T19:50:00+08:00,1.15938,1.15938,1.15791,1.15846
2026-03-24T19:55:00+08:00,1.15841,1.15905,1.15836,1.15892
2026-03-24T20:00:00+08:00,1.15894,1.15938,1.15894,1.15918
2026-03-24T20:05:00+08:00,1.15912,1.15914,1.1587,1.15897
2026-03-24T20:10:00+08:00,1.15896,1.15907,1.15868,1.15895
2026-03-24T20:15:00+08:00,1.1589,1.15892,1.15851,1.15857
2026-03-24T20:20:00+08:00,1.15856,1.15897,1.15841,1.15888
2026-03-24T20:25:00+08:00,1.15886,1.15943,1.15878,1.15929
2026-03-24T20:30:00+08:00,1.15928,1.15937,1.15829,1.15848
2026-03-24T20:35:00+08:00,1.15849,1.15877,1.15823,1.15825
2026-03-24T20:40:00+08:00,1.15826,1.15853,1.15812,1.15819
2026-03-24T20:45:00+08:00,1.1582,1.15898,1.1582,1.15884
2026-03-24T20:50:00+08:00,1.15883,1.15994,1.15858,1.15933
2026-03-24T20:55:00+08:00,1.15936,1.15946,1.15841,1.15846
2026-03-24T21:00:00+08:00,1.15845,1.15907,1.15825,1.15882
2026-03-24T21:05:00+08:00,1.15883,1.159,1.15681,1.15715
2026-03-24T21:10:00+08:00,1.15716,1.15798,1.15691,1.15771
2026-03-24T21:15:00+08:00,1.15772,1.15795,1.1573,1.15745
2026-03-24T21:20:00+08:00,1.15739,1.15793,1.15733,1.15742
2026-03-24T21:25:00+08:00,1.15741,1.15795,1.15698,1.15707
2026-03-24T21:30:00+08:00,1.15705,1.15753,1.1568,1.15733
2026-03-24T21:35:00+08:00,1.15737,1.15751,1.15694,1.15716
2026-03-24T21:40:00+08:00,1.15719,1.15748,1.15691,1.15691
2026-03-24T21:45:00+08:00,1.15695,1.15732,1.1567,1.15703
2026-03-24T21:50:00+08:00,1.15705,1.15756,1.15693,1.15745
2026-03-24T21:55:00+08:00,1.15746,1.15784,1.15729,1.15777
2026-03-24T22:00:00+08:00,1.15777,1.1586,1.15776,1.1586
2026-03-24T22:05:00+08:00,1.15858,1.15903,1.15808,1.159
2026-03-24T22:10:00+08:00,1.15901,1.15926,1.15844,1.15885
2026-03-24T22:15:00+08:00,1.15884,1.15933,1.15867,1.15918
2026-03-24T22:20:00+08:00,1.15916,1.15935,1.15893,1.15929
2026-03-24T22:25:00+08:00,1.1593,1.15962,1.15905,1.15939
2026-03-24T22:30:00+08:00,1.15938,1.1596,1.15901,1.15913
2026-03-24T22:35:00+08:00,1.15911,1.15927,1.15875,1.15908
2026-03-24T22:40:00+08:00,1.15905,1.15948,1.1589,1.15921
2026-03-24T22:45:00+08:00,1.15922,1.15923,1.15854,1.15856
2026-03-24T22:50:00+08:00,1.15858,1.16068,1.15833,1.15978
2026-03-24T22:55:00+08:00,1.15979,1.16024,1.15804,1.15894
2026-03-24T23:00:00+08:00,1.15893,1.15957,1.15889,1.15905
2026-03-24T23:05:00+08:00,1.15904,1.15905,1.15855,1.15867
2026-03-24T23:10:00+08:00,1.15868,1.15887,1.15845,1.15887
2026-03-24T23:15:00+08:00,1.15891,1.15891,1.15846,1.15876
2026-03-24T23:20:00+08:00,1.15875,1.15922,1.1584,1.15912
2026-03-24T23:25:00+08:00,1.15914,1.15963,1.15914,1.15937
2026-03-24T23:30:00+08:00,1.15936,1.15973,1.15871,1.15881
2026-03-24T23:35:00+08:00,1.1588,1.15911,1.15871,1.15875
2026-03-24T23:40:00+08:00,1.15874,1.15908,1.15866,1.15882
2026-03-24T23:45:00+08:00,1.15881,1.15883,1.1582,1.15824
2026-03-24T23:50:00+08:00,1.15825,1.15841,1.1579,1.15793
2026-03-24T23:55:00+08:00,1.15792,1.15817,1.15759,1.15777
2026-03-25T00:00:00+08:00,1.15773,1.15801,1.15741,1.15793
2026-03-25T00:05:00+08:00,1.15795,1.15832,1.15779,1.15821
2026-03-25T00:10:00+08:00,1.1582,1.15856,1.15797,1.1585
2026-03-25T00:15:00+08:00,1.15848,1.15873,1.15846,1.15865
2026-03-25T00:20:00+08:00,1.15864,1.15882,1.15849,1.1587
2026-03-25T00:25:00+08:00,1.15869,1.15923,1.15862,1.15908
2026-03-25T00:30:00+08:00,1.15903,1.15926,1.15876,1.15879
2026-03-25T00:35:00+08:00,1.1588,1.15886,1.15817,1.15817
2026-03-25T00:40:00+08:00,1.15816,1.15869,1.15816,1.15869
2026-03-25T00:45:00+08:00,1.15868,1.15886,1.1584,1.15864
2026-03-25T00:50:00+08:00,1.15862,1.15889,1.15854,1.15854
2026-03-25T00:55:00+08:00,1.15857,1.1587,1.15827,1.15829
2026-03-25T01:00:00+08:00,1.15828,1.15834,1.15703,1.15706
2026-03-25T01:05:00+08:00,1.15703,1.15703,1.15571,1.15597
2026-03-25T01:10:00+08:00,1.15596,1.15652,1.15582,1.15639
2026-03-25T01:15:00+08:00,1.15637,1.15685,1.15629,1.15672
2026-03-25T01:20:00+08:00,1.15673,1.15723,1.15665,1.157
2026-03-25T01:25:00+08:00,1.157,1.15717,1.15665,1.15709
2026-03-25T01:30:00+08:00,1.15706,1.15749,1.15677,1.15678
2026-03-25T01:35:00+08:00,1.15677,1.15732,1.15674,1.15709
2026-03-25T01:40:00+08:00,1.15711,1.15734,1.15669,1.15679
2026-03-25T01:45:00+08:00,1.1568,1.15691,1.15651,1.15669
2026-03-25T01:50:00+08:00,1.15668,1.15708,1.15651,1.15669
2026-03-25T01:55:00+08:00,1.15667,1.15838,1.15659,1.1576
2026-03-25T02:00:00+08:00,1.15761,1.15809,1.15717,1.15743
2026-03-25T02:05:00+08:00,1.15742,1.15751,1.15678,1.15682
2026-03-25T02:10:00+08:00,1.15681,1.15734,1.15678,1.1572
2026-03-25T02:15:00+08:00,1.15721,1.15757,1.15693,1.15741
2026-03-25T02:20:00+08:00,1.15747,1.1579,1.15723,1.15755
2026-03-25T02:25:00+08:00,1.15756,1.15793,1.15748,1.15791
2026-03-25T02:30:00+08:00,1.15793,1.15846,1.15773,1.15831
2026-03-25T02:35:00+08:00,1.1583,1.15919,1.1583,1.15917
2026-03-25T02:40:00+08:00,1.15913,1.15926,1.15848,1.15858
2026-03-25T02:45:00+08:00,1.15859,1.15867,1.15822,1.15836
2026-03-25T02:50:00+08:00,1.15833,1.15864,1.15822,1.15852
2026-03-25T02:55:00+08:00,1.15848,1.15848,1.15787,1.15823
2026-03-25T03:00:00+08:00,1.15822,1.15871,1.15822,1.15867
2026-03-25T03:05:00+08:00,1.15868,1.15918,1.15855,1.15914
2026-03-25T03:10:00+08:00,1.15915,1.15929,1.15898,1.15909
2026-03-25T03:15:00+08:00,1.15908,1.15911,1.15891,1.15906
2026-03-25T03:20:00+08:00,1.15908,1.15913,1.15887,1.15906
2026-03-25T03:25:00+08:00,1.15907,1.15912,1.15875,1.15878
2026-03-25T03:30:00+08:00,1.15879,1.1588,1.15844,1.15847
2026-03-25T03:35:00+08:00,1.15848,1.15863,1.15839,1.15848
2026-03-25T03:40:00+08:00,1.15852,1.15873,1.15843,1.15861
2026-03-25T03:45:00+08:00,1.15862,1.15882,1.15857,1.15877
2026-03-25T03:50:00+08:00,1.15878,1.15881,1.15854,1.15866
2026-03-25T03:55:00+08:00,1.15865,1.15868,1.15844,1.15856
2026-03-25T04:00:00+08:00,1.15854,1.15865,1.15837,1.15837
2026-03-25T04:05:00+08:00,1.15831,1.15844,1.15829,1.15842
2026-03-25T04:10:00+08:00,1.15841,1.15849,1.15831,1.15837
2026-03-25T04:15:00+08:00,1.15838,1.15878,1.15834,1.15874
2026-03-25T04:20:00+08:00,1.15876,1.16197,1.15873,1.16185
2026-03-25T04:25:00+08:00,1.16182,1.16284,1.16045,1.16064
2026-03-25T04:30:00+08:00,1.16062,1.16106,1.16011,1.16046
2026-03-25T04:35:00+08:00,1.16045,1.1615,1.16023,1.16141
2026-03-25T04:40:00+08:00,1.16145,1.16149,1.16005,1.16051
2026-03-25T04:45:00+08:00,1.16053,1.16079,1.15994,1.16059
2026-03-25T04:50:00+08:00,1.16061,1.16079,1.16032,1.16064
2026-03-25T04:55:00+08:00,1.16063,1.16096,1.1606,1.16072
2026-03-25T05:00:00+08:00,1.16077,1.16082,1.15982,1.16041
2026-03-25T05:05:00+08:00,1.16041,1.16091,1.16015,1.16083
2026-03-25T05:10:00+08:00,1.16085,1.16086,1.1601,1.16016
2026-03-25T05:15:00+08:00,1.16017,1.16044,1.1599,1.16027
2026-03-25T05:20:00+08:00,1.16028,1.16041,1.16025,1.16041
2026-03-25T05:25:00+08:00,1.16038,1.16046,1.16038,1.16041
2026-03-25T05:30:00+08:00,1.16037,1.16038,1.16024,1.16032
2026-03-25T05:35:00+08:00,1.16032,1.16053,1.16032,1.16038
2026-03-25T05:40:00+08:00,1.16038,1.16071,1.16037,1.16063
2026-03-25T05:45:00+08:00,1.16063,1.16084,1.16057,1.16064
2026-03-25T05:50:00+08:00,1.16065,1.16077,1.16061,1.16069
2026-03-25T05:55:00+08:00,1.16075,1.16125,1.16066,1.16096
2026-03-25T06:00:00+08:00,1.16093,1.16151,1.16087,1.16149
2026-03-25T06:05:00+08:00,1.16145,1.16191,1.16132,1.16163
2026-03-25T06:10:00+08:00,1.16163,1.16169,1.16107,1.16118
2026-03-25T06:15:00+08:00,1.16118,1.16124,1.1606,1.16121
2026-03-25T06:20:00+08:00,1.16116,1.16127,1.16101,1.16103
2026-03-25T06:25:00+08:00,1.16104,1.16113,1.16042,1.16113
2026-03-25T06:30:00+08:00,1.1611,1.1614,1.16108,1.16125
2026-03-25T06:35:00+08:00,1.16126,1.16138,1.161,1.16113
2026-03-25T06:40:00+08:00,1.16113,1.16137,1.16108,1.16133
2026-03-25T06:45:00+08:00,1.16134,1.16153,1.16126,1.16141
2026-03-25T06:50:00+08:00,1.16142,1.16153,1.16122,1.16129
2026-03-25T06:55:00+08:00,1.1613,1.16158,1.16129,1.16141
2026-03-25T07:00:00+08:00,1.16142,1.16158,1.16087,1.16098
2026-03-25T07:05:00+08:00,1.16099,1.16121,1.16088,1.16114
2026-03-25T07:10:00+08:00,1.16118,1.16128,1.16109,1.16125
2026-03-25T07:15:00+08:00,1.16124,1.16145,1.16099,1.16124
2026-03-25T07:20:00+08:00,1.16123,1.16165,1.16112,1.16161
2026-03-25T07:25:00+08:00,1.1616,1.16183,1.16157,1.16178
2026-03-25T07:30:00+08:00,1.16168,1.16179,1.16151,1.16168
2026-03-25T07:35:00+08:00,1.16167,1.16174,1.16146,1.16169
2026-03-25T07:40:00+08:00,1.1617,1.1617,1.16117,1.1612
2026-03-25T07:45:00+08:00,1.16119,1.16138,1.16107,1.16134
2026-03-25T07:50:00+08:00,1.16135,1.16135,1.16121,1.16134
2026-03-25T07:55:00+08:00,1.16135,1.16152,1.16133,1.16138
2026-03-25T08:00:00+08:00,1.1614,1.16181,1.16126,1.16163
2026-03-25T08:05:00+08:00,1.16166,1.16234,1.16144,1.16225
2026-03-25T08:10:00+08:00,1.16224,1.16274,1.16223,1.16244
2026-03-25T08:15:00+08:00,1.16237,1.16249,1.1618,1.16194
2026-03-25T08:20:00+08:00,1.16193,1.16214,1.1617,1.16204
2026-03-25T08:25:00+08:00,1.16203,1.16215,1.16193,1.16205
2026-03-25T08:30:00+08:00,1.16205,1.16264,1.16136,1.16261
2026-03-25T08:35:00+08:00,1.1626,1.16307,1.16255,1.16284
2026-03-25T08:40:00+08:00,1.16283,1.16302,1.16269,1.16282
2026-03-25T08:45:00+08:00,1.16282,1.16298,1.16273,1.16282
2026-03-25T08:50:00+08:00,1.16281,1.16293,1.16246,1.16286
2026-03-25T08:55:00+08:00,1.16284,1.16284,1.1623,1.16234
2026-03-25T09:00:00+08:00,1.16233,1.16237,1.16178,1.16198
2026-03-25T09:05:00+08:00,1.16197,1.16224,1.16183,1.16224
2026-03-25T09:10:00+08:00,1.16223,1.16242,1.1618,1.16184
2026-03-25T09:15:00+08:00,1.16183,1.16221,1.16183,1.16208
2026-03-25T09:20:00+08:00,1.16209,1.16244,1.16209,1.16221
2026-03-25T09:25:00+08:00,1.1622,1.16221,1.16191,1.162
2026-03-25T09:30:00+08:00,1.16198,1.16203,1.16169,1.16189
2026-03-25T09:35:00+08:00,1.16188,1.16215,1.16176,1.16202
2026-03-25T09:40:00+08:00,1.16203,1.16237,1.16171,1.16188
2026-03-25T09:45:00+08:00,1.16187,1.16204,1.16164,1.16176
2026-03-25T09:50:00+08:00,1.16177,1.16179,1.1614,1.16146
2026-03-25T09:55:00+08:00,1.16145,1.16149,1.16119,1.1612
2026-03-25T10:00:00+08:00,1.16123,1.16131,1.16093,1.161
2026-03-25T10:05:00+08:00,1.16097,1.16115,1.16079,1.16081
2026-03-25T10:10:00+08:00,1.16077,1.16079,1.16043,1.16063
2026-03-25T10:15:00+08:00,1.16062,1.1609,1.16047,1.16089
2026-03-25T10:20:00+08:00,1.16088,1.16089,1.16046,1.1606
2026-03-25T10:25:00+08:00,1.1606,1.16079,1.16057,1.16074
2026-03-25T10:30:00+08:00,1.16072,1.16076,1.16042,1.16059
2026-03-25T10:35:00+08:00,1.1606,1.1608,1.16055,1.16067
2026-03-25T10:40:00+08:00,1.16069,1.16072,1.16051,1.16068
2026-03-25T10:45:00+08:00,1.16071,1.16084,1.16042,1.16047
2026-03-25T10:50:00+08:00,1.16046,1.16054,1.16015,1.16023
2026-03-25T10:55:00+08:00,1.16026,1.16048,1.16012,1.16042
2026-03-25T11:00:00+08:00,1.1604,1.16049,1.16027,1.16037
2026-03-25T11:05:00+08:00,1.1603,1.16051,1.16023,1.16038
2026-03-25T11:10:00+08:00,1.16037,1.16051,1.16018,1.1603
2026-03-25T11:15:00+08:00,1.16031,1.16056,1.16023,1.16044
2026-03-25T11:20:00+08:00,1.16043,1.16046,1.16024,1.16037
2026-03-25T11:25:00+08:00,1.16038,1.16038,1.16017,1.16024
2026-03-25T11:30:00+08:00,1.16023,1.16028,1.16007,1.16027
2026-03-25T11:35:00+08:00,1.1603,1.16048,1.16026,1.16042
2026-03-25T11:40:00+08:00,1.16043,1.16045,1.16025,1.16036
2026-03-25T11:45:00+08:00,1.16038,1.16041,1.16028,1.16032
2026-03-25T11:50:00+08:00,1.16033,1.16039,1.16025,1.16031
2026-03-25T11:55:00+08:00,1.16031,1.16046,1.16029,1.16038
2026-03-25T12:00:00+08:00,1.16038,1.16038,1.16022,1.16034
2026-03-25T12:05:00+08:00,1.16034,1.16035,1.15981,1.15998
2026-03-25T12:10:00+08:00,1.15997,1.16006,1.15991,1.16006
2026-03-25T12:15:00+08:00,1.16003,1.16022,1.15998,1.1602
2026-03-25T12:20:00+08:00,1.16022,1.16037,1.16016,1.16037
2026-03-25T12:25:00+08:00,1.16039,1.16042,1.16024,1.16026
2026-03-25T12:30:00+08:00,1.16027,1.1604,1.15997,1.16007
2026-03-25T12:35:00+08:00,1.16008,1.16019,1.16002,1.16014
2026-03-25T12:40:00+08:00,1.16013,1.16013,1.15991,1.15992
2026-03-25T12:45:00+08:00,1.15991,1.15994,1.15979,1.15987
2026-03-25T12:50:00+08:00,1.15986,1.15993,1.15974,1.15976
2026-03-25T12:55:00+08:00,1.15978,1.15995,1.15975,1.15978
2026-03-25T13:00:00+08:00,1.15979,1.15979,1.1595,1.15951
2026-03-25T13:05:00+08:00,1.15952,1.1596,1.1594,1.15951
2026-03-25T13:10:00+08:00,1.15951,1.15969,1.1595,1.15963
2026-03-25T13:15:00+08:00,1.15962,1.15962,1.15944,1.15947
2026-03-25T13:20:00+08:00,1.15948,1.15952,1.15932,1.15936
2026-03-25T13:25:00+08:00,1.15935,1.15949,1.15923,1.15946
2026-03-25T13:30:00+08:00,1.15948,1.15977,1.15947,1.15972
2026-03-25T13:35:00+08:00,1.15971,1.15983,1.15962,1.15967
2026-03-25T13:40:00+08:00,1.15966,1.15973,1.15953,1.15958
2026-03-25T13:45:00+08:00,1.1596,1.1596,1.15915,1.15921
2026-03-25T13:50:00+08:00,1.15922,1.15923,1.15901,1.15903
2026-03-25T13:55:00+08:00,1.15902,1.15927,1.15891,1.15922
2026-03-25T14:00:00+08:00,1.15923,1.15944,1.15896,1.15939
2026-03-25T14:05:00+08:00,1.15941,1.15945,1.1587,1.15876
2026-03-25T14:10:00+08:00,1.15879,1.15915,1.15872,1.15892
2026-03-25T14:15:00+08:00,1.15893,1.15927,1.15888,1.15913
2026-03-25T14:20:00+08:00,1.15911,1.15937,1.15911,1.15928
2026-03-25T14:25:00+08:00,1.15928,1.15935,1.15905,1.15911
2026-03-25T14:30:00+08:00,1.15912,1.15938,1.1591,1.15933
2026-03-25T14:35:00+08:00,1.15932,1.1595,1.15931,1.15948
2026-03-25T14:40:00+08:00,1.15949,1.15966,1.15941,1.15944
2026-03-25T14:45:00+08:00,1.15942,1.15975,1.15922,1.15969
2026-03-25T14:50:00+08:00,1.15968,1.15999,1.15952,1.15954
2026-03-25T14:55:00+08:00,1.15955,1.15978,1.15942,1.15964
2026-03-25T15:00:00+08:00,1.15961,1.15996,1.15952,1.15986
2026-03-25T15:05:00+08:00,1.15987,1.16009,1.15965,1.15967
2026-03-25T15:10:00+08:00,1.15965,1.16026,1.15965,1.16016
2026-03-25T15:15:00+08:00,1.16017,1.1603,1.16001,1.16026
2026-03-25T15:20:00+08:00,1.16028,1.16052,1.15984,1.1599
2026-03-25T15:25:00+08:00,1.15991,1.16024,1.15971,1.16009
2026-03-25T15:30:00+08:00,1.16008,1.16014,1.15926,1.15929
2026-03-25T15:35:00+08:00,1.1593,1.15939,1.15884,1.15917
2026-03-25T15:40:00+08:00,1.15919,1.15974,1.15919,1.15951
2026-03-25T15:45:00+08:00,1.15953,1.15991,1.15952,1.15988
2026-03-25T15:50:00+08:00,1.15989,1.16015,1.15964,1.15987
2026-03-25T15:55:00+08:00,1.15988,1.16033,1.1596,1.15975
2026-03-25T16:00:00+08:00,1.15976,1.15982,1.15906,1.15946
2026-03-25T16:05:00+08:00,1.15947,1.16037,1.15917,1.16022
2026-03-25T16:10:00+08:00,1.16021,1.16084,1.16012,1.16063
2026-03-25T16:15:00+08:00,1.16065,1.16107,1.16044,1.16086
2026-03-25T16:20:00+08:00,1.16085,1.16142,1.16083,1.1614
2026-03-25T16:25:00+08:00,1.16141,1.16162,1.16117,1.16138
2026-03-25T16:30:00+08:00,1.16135,1.16167,1.16115,1.16159
2026-03-25T16:35:00+08:00,1.1616,1.1616,1.16059,1.1611
2026-03-25T16:40:00+08:00,1.16108,1.16146,1.16108,1.16118
2026-03-25T16:45:00+08:00,1.16115,1.16151,1.16091,1.16114
2026-03-25T16:50:00+08:00,1.16113,1.16113,1.16048,1.16049
2026-03-25T16:55:00+08:00,1.16044,1.16056,1.16018,1.16027
2026-03-25T17:00:00+08:00,1.16026,1.16095,1.16012,1.16058
2026-03-25T17:05:00+08:00,1.16057,1.16089,1.16035,1.16037
2026-03-25T17:10:00+08:00,1.16036,1.16059,1.16029,1.16044
2026-03-25T17:15:00+08:00,1.16042,1.16048,1.15992,1.16023
2026-03-25T17:20:00+08:00,1.16024,1.1604,1.15983,1.15993
2026-03-25T17:25:00+08:00,1.15992,1.15996,1.1596,1.1597
2026-03-25T17:30:00+08:00,1.15972,1.15977,1.15936,1.15949
2026-03-25T17:35:00+08:00,1.15948,1.15962,1.15914,1.1594
2026-03-25T17:40:00+08:00,1.15939,1.15989,1.15938,1.15961
2026-03-25T17:45:00+08:00,1.1596,1.15972,1.15911,1.15947
2026-03-25T17:50:00+08:00,1.15944,1.15977,1.15937,1.15969
2026-03-25T17:55:00+08:00,1.1597,1.16016,1.1595,1.15992
2026-03-25T18:00:00+08:00,1.15993,1.16055,1.1599,1.16038
2026-03-25T18:05:00+08:00,1.16039,1.16046,1.1602,1.16044
2026-03-25T18:10:00+08:00,1.16043,1.16043,1.16002,1.16013
2026-03-25T18:15:00+08:00,1.16009,1.1603,1.15997,1.1602
2026-03-25T18:20:00+08:00,1.16016,1.16036,1.15979,1.15994
2026-03-25T18:25:00+08:00,1.15995,1.15998,1.15969,1.15971
2026-03-25T18:30:00+08:00,1.15972,1.15987,1.15959,1.1597
2026-03-25T18:35:00+08:00,1.15971,1.16006,1.1597,1.15992
2026-03-25T18:40:00+08:00,1.15991,1.16026,1.15962,1.15969
2026-03-25T18:45:00+08:00,1.15968,1.16053,1.15964,1.16037
2026-03-25T18:50:00+08:00,1.16036,1.1605,1.16019,1.16049
2026-03-25T18:55:00+08:00,1.16047,1.16054,1.16031,1.16046
2026-03-25T19:00:00+08:00,1.16046,1.16115,1.16043,1.16106
2026-03-25T19:05:00+08:00,1.16105,1.16112,1.16069,1.16081
2026-03-25T19:10:00+08:00,1.1608,1.1608,1.16043,1.1605
2026-03-25T19:15:00+08:00,1.16052,1.1606,1.16026,1.1604
2026-03-25T19:20:00+08:00,1.16042,1.16083,1.1604,1.16081
2026-03-25T19:25:00+08:00,1.16083,1.16091,1.1605,1.16059
2026-03-25T19:30:00+08:00,1.1606,1.16068,1.16033,1.16042
2026-03-25T19:35:00+08:00,1.16041,1.16044,1.16021,1.16032
2026-03-25T19:40:00+08:00,1.16033,1.16068,1.16021,1.16064
2026-03-25T19:45:00+08:00,1.16058,1.16074,1.15944,1.16007
2026-03-25T19:50:00+08:00,1.16008,1.16031,1.15975,1.16028
2026-03-25T19:55:00+08:00,1.16029,1.16058,1.16024,1.16054
2026-03-25T20:00:00+08:00,1.16071,1.16097,1.16059,1.16071
2026-03-25T20:05:00+08:00,1.1607,1.16131,1.16058,1.16128
2026-03-25T20:10:00+08:00,1.16126,1.16138,1.16097,1.16104
2026-03-25T20:15:00+08:00,1.16105,1.1611,1.15958,1.1597
2026-03-25T20:20:00+08:00,1.15965,1.15997,1.15874,1.1594
2026-03-25T20:25:00+08:00,1.15939,1.15985,1.15934,1.15956
2026-03-25T20:30:00+08:00,1.15953,1.15956,1.15907,1.15932
2026-03-25T20:35:00+08:00,1.15931,1.15983,1.15923,1.1597
2026-03-25T20:40:00+08:00,1.15971,1.15973,1.15908,1.15918
2026-03-25T20:45:00+08:00,1.15916,1.15919,1.15864,1.15881
2026-03-25T20:50:00+08:00,1.1588,1.1592,1.15873,1.15919
2026-03-25T20:55:00+08:00,1.15918,1.15927,1.15897,1.15914
2026-03-25T21:00:00+08:00,1.1592,1.15984,1.15886,1.15975
2026-03-25T21:05:00+08:00,1.15976,1.15989,1.15912,1.15918
2026-03-25T21:10:00+08:00,1.15915,1.15956,1.15868,1.15901
2026-03-25T21:15:00+08:00,1.159,1.15903,1.15868,1.15903
2026-03-25T21:20:00+08:00,1.15901,1.15908,1.15853,1.15898
2026-03-25T21:25:00+08:00,1.159,1.15901,1.15841,1.15844
2026-03-25T21:30:00+08:00,1.15848,1.15886,1.1581,1.1583
2026-03-25T21:35:00+08:00,1.15828,1.15854,1.15788,1.15789
2026-03-25T21:40:00+08:00,1.15793,1.15831,1.1579,1.15802
2026-03-25T21:45:00+08:00,1.15803,1.15813,1.15732,1.15736
2026-03-25T21:50:00+08:00,1.15735,1.15765,1.15724,1.1574
2026-03-25T21:55:00+08:00,1.15737,1.15769,1.15717,1.1573
2026-03-25T22:00:00+08:00,1.15729,1.15742,1.15664,1.15665
2026-03-25T22:05:00+08:00,1.15666,1.15754,1.15666,1.15747
2026-03-25T22:10:00+08:00,1.15744,1.15766,1.15708,1.15766
2026-03-25T22:15:00+08:00,1.15763,1.15828,1.15761,1.15816
2026-03-25T22:20:00+08:00,1.15815,1.15831,1.15723,1.15735
2026-03-25T22:25:00+08:00,1.15742,1.15823,1.1573,1.15814
2026-03-25T22:30:00+08:00,1.15819,1.15856,1.15813,1.15826
2026-03-25T22:35:00+08:00,1.15825,1.15835,1.15772,1.15794
2026-03-25T22:40:00+08:00,1.15793,1.15819,1.15773,1.15784
2026-03-25T22:45:00+08:00,1.15782,1.1586,1.15779,1.15846
2026-03-25T22:50:00+08:00,1.15845,1.15878,1.1584,1.15856
2026-03-25T22:55:00+08:00,1.1586,1.15873,1.1584,1.1586
2026-03-25T23:00:00+08:00,1.1586,1.15893,1.15851,1.15868
2026-03-25T23:05:00+08:00,1.15869,1.15872,1.15775,1.15779
2026-03-25T23:10:00+08:00,1.1578,1.15797,1.15748,1.15752
2026-03-25T23:15:00+08:00,1.15754,1.15771,1.15658,1.15681
2026-03-25T23:20:00+08:00,1.1568,1.15744,1.1567,1.157
2026-03-25T23:25:00+08:00,1.15701,1.15747,1.15688,1.15747
2026-03-25T23:30:00+08:00,1.1575,1.15779,1.15741,1.15778
2026-03-25T23:35:00+08:00,1.15777,1.15779,1.15719,1.15721
2026-03-25T23:40:00+08:00,1.15723,1.15736,1.15652,1.1568
2026-03-25T23:45:00+08:00,1.15683,1.15688,1.15655,1.15671
2026-03-25T23:50:00+08:00,1.15673,1.1569,1.15631,1.15642
2026-03-25T23:55:00+08:00,1.1565,1.15706,1.15646,1.15699
2026-03-26T00:00:00+08:00,1.157,1.15735,1.1566,1.15665
2026-03-26T00:05:00+08:00,1.15666,1.15668,1.15585,1.1559
2026-03-26T00:10:00+08:00,1.15592,1.15618,1.15553,1.15618
2026-03-26T00:15:00+08:00,1.15617,1.15634,1.15584,1.15617
2026-03-26T00:20:00+08:00,1.15618,1.15733,1.15617,1.15733
2026-03-26T00:25:00+08:00,1.15724,1.15768,1.1568,1.15716
2026-03-26T00:30:00+08:00,1.15715,1.15726,1.15691,1.15716
2026-03-26T00:35:00+08:00,1.15717,1.15726,1.15686,1.15691
2026-03-26T00:40:00+08:00,1.15693,1.15726,1.15682,1.15707
2026-03-26T00:45:00+08:00,1.15705,1.15715,1.15681,1.15692
2026-03-26T00:50:00+08:00,1.15696,1.15727,1.1568,1.15717
2026-03-26T00:55:00+08:00,1.15715,1.1572,1.15671,1.15677
2026-03-26T01:00:00+08:00,1.15675,1.15698,1.15645,1.15676
2026-03-26T01:05:00+08:00,1.1568,1.1568,1.15654,1.15666
2026-03-26T01:10:00+08:00,1.15664,1.15729,1.15659,1.15705
2026-03-26T01:15:00+08:00,1.15706,1.15733,1.15685,1.15718
2026-03-26T01:20:00+08:00,1.15717,1.15753,1.15707,1.15736
2026-03-26T01:25:00+08:00,1.15735,1.15767,1.15734,1.1576
2026-03-26T01:30:00+08:00,1.15763,1.158,1.15741,1.15797
2026-03-26T01:35:00+08:00,1.15796,1.1582,1.15795,1.15803
2026-03-26T01:40:00+08:00,1.15804,1.15837,1.15788,1.15806
2026-03-26T01:45:00+08:00,1.15807,1.15815,1.15786,1.15808
2026-03-26T01:50:00+08:00,1.15809,1.15829,1.15764,1.1577
2026-03-26T01:55:00+08:00,1.15769,1.15823,1.1575,1.15784
2026-03-26T02:00:00+08:00,1.15783,1.15803,1.15755,1.15779
2026-03-26T02:05:00+08:00,1.15779,1.15811,1.15779,1.15785
2026-03-26T02:10:00+08:00,1.15784,1.15804,1.15771,1.15785
2026-03-26T02:15:00+08:00,1.15786,1.15805,1.15775,1.15782
2026-03-26T02:20:00+08:00,1.15781,1.15808,1.15778,1.15807
2026-03-26T02:25:00+08:00,1.15806,1.15809,1.1578,1.15787
2026-03-26T02:30:00+08:00,1.15788,1.15801,1.15769,1.15775
2026-03-26T02:35:00+08:00,1.15776,1.15777,1.15736,1.15739
2026-03-26T02:40:00+08:00,1.1574,1.15748,1.15703,1.15706
2026-03-26T02:45:00+08:00,1.15705,1.15713,1.15698,1.15701
2026-03-26T02:50:00+08:00,1.15699,1.15703,1.15685,1.15694
2026-03-26T02:55:00+08:00,1.15695,1.15696,1.15612,1.15665
2026-03-26T03:00:00+08:00,1.15664,1.15664,1.15614,1.15629
2026-03-26T03:05:00+08:00,1.15628,1.15639,1.15601,1.15607
2026-03-26T03:10:00+08:00,1.15607,1.15617,1.15592,1.15608
2026-03-26T03:15:00+08:00,1.15607,1.15657,1.15606,1.15653
2026-03-26T03:20:00+08:00,1.15647,1.15663,1.15633,1.15648
2026-03-26T03:25:00+08:00,1.15646,1.15656,1.15623,1.15633
2026-03-26T03:30:00+08:00,1.15635,1.15642,1.15615,1.15624
2026-03-26T03:35:00+08:00,1.15625,1.15645,1.15622,1.15636
2026-03-26T03:40:00+08:00,1.15634,1.15666,1.15632,1.15647
2026-03-26T03:45:00+08:00,1.15646,1.15653,1.15627,1.15637
2026-03-26T03:50:00+08:00,1.15641,1.15649,1.15632,1.15645
2026-03-26T03:55:00+08:00,1.15646,1.1565,1.15619,1.15631
2026-03-26T04:00:00+08:00,1.15632,1.15633,1.15603,1.15608
2026-03-26T04:05:00+08:00,1.15606,1.15619,1.15594,1.15606
2026-03-26T04:10:00+08:00,1.15606,1.15612,1.15598,1.15602
2026-03-26T04:15:00+08:00,1.15601,1.15603,1.15589,1.15591
2026-03-26T04:20:00+08:00,1.1559,1.15597,1.15589,1.15592
2026-03-26T04:25:00+08:00,1.15593,1.15593,1.1557,1.15571
2026-03-26T04:30:00+08:00,1.15572,1.15577,1.15561,1.15576
2026-03-26T04:35:00+08:00,1.1558,1.15588,1.15573,1.15584
2026-03-26T04:40:00+08:00,1.15586,1.15596,1.15579,1.15586
2026-03-26T04:45:00+08:00,1.15578,1.15579,1.1556,1.1557
2026-03-26T04:50:00+08:00,1.15571,1.15585,1.1557,1.15581
2026-03-26T04:55:00+08:00,1.15583,1.15603,1.15578,1.15592
2026-03-26T05:00:00+08:00,1.15581,1.15587,1.15579,1.15587
2026-03-26T05:05:00+08:00,1.15582,1.15586,1.15581,1.15585
2026-03-26T05:10:00+08:00,1.15586,1.15607,1.15586,1.15605
2026-03-26T05:15:00+08:00,1.15605,1.15605,1.15598,1.15605
2026-03-26T05:20:00+08:00,1.15604,1.15607,1.15604,1.15607
2026-03-26T05:25:00+08:00,1.15606,1.15606,1.15602,1.15603
2026-03-26T05:30:00+08:00,1.15604,1.15608,1.15594,1.15594
2026-03-26T05:35:00+08:00,1.15596,1.156,1.15595,1.15599
2026-03-26T05:40:00+08:00,1.15599,1.15601,1.15597,1.15597
2026-03-26T05:45:00+08:00,1.15596,1.15608,1.15596,1.15604
2026-03-26T05:50:00+08:00,1.15604,1.15607,1.15593,1.15593
2026-03-26T05:55:00+08:00,1.15593,1.15604,1.1559,1.15596
2026-03-26T06:00:00+08:00,1.15603,1.15611,1.15588,1.15596
2026-03-26T06:05:00+08:00,1.15593,1.1561,1.1559,1.1559
2026-03-26T06:10:00+08:00,1.15589,1.1559,1.15577,1.15579
2026-03-26T06:15:00+08:00,1.1558,1.15581,1.15559,1.15567
2026-03-26T06:20:00+08:00,1.15567,1.15577,1.15563,1.15573
2026-03-26T06:25:00+08:00,1.15574,1.15583,1.15571,1.15582
2026-03-26T06:30:00+08:00,1.15583,1.15597,1.1558,1.15596
2026-03-26T06:35:00+08:00,1.15597,1.15597,1.15592,1.15595
2026-03-26T06:40:00+08:00,1.15595,1.1562,1.15595,1.1562
2026-03-26T06:45:00+08:00,1.15619,1.15625,1.15618,1.15621
2026-03-26T06:50:00+08:00,1.15622,1.15626,1.15603,1.15606
2026-03-26T06:55:00+08:00,1.15605,1.15609,1.156,1.15603
2026-03-26T07:00:00+08:00,1.15604,1.15613,1.15593,1.15604
2026-03-26T07:05:00+08:00,1.15603,1.15614,1.15596,1.15607
2026-03-26T07:10:00+08:00,1.15607,1.15615,1.15602,1.15611
2026-03-26T07:15:00+08:00,1.15611,1.15613,1.15593,1.15596
2026-03-26T07:20:00+08:00,1.15597,1.1561,1.15595,1.15603
2026-03-26T07:25:00+08:00,1.15604,1.15617,1.15601,1.15616
2026-03-26T07:30:00+08:00,1.15617,1.15618,1.1559,1.15592
2026-03-26T07:35:00+08:00,1.15593,1.15607,1.1559,1.15603
2026-03-26T07:40:00+08:00,1.15604,1.15605,1.15593,1.15598
2026-03-26T07:45:00+08:00,1.15597,1.15608,1.15591,1.15605
2026-03-26T07:50:00+08:00,1.15606,1.15617,1.15601,1.15609
2026-03-26T07:55:00+08:00,1.15608,1.15621,1.15602,1.15615
2026-03-26T08:00:00+08:00,1.15614,1.15628,1.15609,1.1561
2026-03-26T08:05:00+08:00,1.1561,1.15645,1.1561,1.15636
2026-03-26T08:10:00+08:00,1.15635,1.15648,1.15625,1.15641
2026-03-26T08:15:00+08:00,1.15638,1.15639,1.15613,1.15621
2026-03-26T08:20:00+08:00,1.1562,1.15648,1.1561,1.15636
2026-03-26T08:25:00+08:00,1.15637,1.15637,1.15603,1.15604
2026-03-26T08:30:00+08:00,1.15603,1.15614,1.15579,1.15582
2026-03-26T08:35:00+08:00,1.15581,1.15593,1.15567,1.15568
2026-03-26T08:40:00+08:00,1.15574,1.15583,1.15547,1.15549
2026-03-26T08:45:00+08:00,1.15547,1.15562,1.1554,1.15561
2026-03-26T08:50:00+08:00,1.15559,1.15573,1.15556,1.15559
2026-03-26T08:55:00+08:00,1.15561,1.15591,1.15556,1.15583
2026-03-26T09:00:00+08:00,1.15582,1.15659,1.1558,1.1564
2026-03-26T09:05:00+08:00,1.15639,1.15641,1.15601,1.15624
2026-03-26T09:10:00+08:00,1.15625,1.15639,1.15611,1.15633
2026-03-26T09:15:00+08:00,1.15634,1.15641,1.15608,1.15609
2026-03-26T09:20:00+08:00,1.15613,1.15629,1.1561,1.15623
2026-03-26T09:25:00+08:00,1.15619,1.15648,1.15612,1.15645
2026-03-26T09:30:00+08:00,1.15644,1.15664,1.15639,1.15648
2026-03-26T09:35:00+08:00,1.15653,1.1567,1.15653,1.15657
2026-03-26T09:40:00+08:00,1.15658,1.1567,1.15653,1.15655
2026-03-26T09:45:00+08:00,1.15654,1.15671,1.15636,1.15638
2026-03-26T09:50:00+08:00,1.15639,1.15646,1.15629,1.15631
2026-03-26T09:55:00+08:00,1.15633,1.15652,1.15632,1.15643
2026-03-26T10:00:00+08:00,1.15644,1.15649,1.15634,1.15644
2026-03-26T10:05:00+08:00,1.15645,1.15653,1.15622,1.15625
2026-03-26T10:10:00+08:00,1.15624,1.1564,1.15622,1.15625
2026-03-26T10:15:00+08:00,1.15624,1.15641,1.15623,1.1563
2026-03-26T10:20:00+08:00,1.1563,1.15657,1.1563,1.15635
2026-03-26T10:25:00+08:00,1.15636,1.15639,1.15624,1.1563
2026-03-26T10:30:00+08:00,1.15628,1.15631,1.15588,1.15591
2026-03-26T10:35:00+08:00,1.15592,1.15598,1.15544,1.15556
2026-03-26T10:40:00+08:00,1.15559,1.15593,1.15559,1.15583
2026-03-26T10:45:00+08:00,1.15583,1.15603,1.15579,1.15601
2026-03-26T10:50:00+08:00,1.15605,1.15611,1.15595,1.15596
2026-03-26T10:55:00+08:00,1.15594,1.15597,1.15583,1.15589
2026-03-26T11:00:00+08:00,1.15587,1.15596,1.15577,1.15592
2026-03-26T11:05:00+08:00,1.1559,1.15597,1.15585,1.15588
2026-03-26T11:10:00+08:00,1.15589,1.15636,1.15585,1.15634
2026-03-26T11:15:00+08:00,1.15633,1.15635,1.15619,1.15626
2026-03-26T11:20:00+08:00,1.15627,1.15654,1.15626,1.15649
2026-03-26T11:25:00+08:00,1.15648,1.15681,1.15644,1.15674
2026-03-26T11:30:00+08:00,1.15675,1.15697,1.15674,1.15694
2026-03-26T11:35:00+08:00,1.15696,1.15696,1.15676,1.15681
2026-03-26T11:40:00+08:00,1.1568,1.15689,1.15671,1.15675
2026-03-26T11:45:00+08:00,1.15674,1.15681,1.15664,1.15674
2026-03-26T11:50:00+08:00,1.15675,1.15684,1.15666,1.1568
2026-03-26T11:55:00+08:00,1.15681,1.15688,1.15676,1.15687
2026-03-26T12:00:00+08:00,1.15684,1.15692,1.15674,1.15675
2026-03-26T12:05:00+08:00,1.15674,1.15686,1.15674,1.15684
2026-03-26T12:10:00+08:00,1.15685,1.15696,1.1568,1.1569
2026-03-26T12:15:00+08:00,1.15691,1.15699,1.15688,1.15694
2026-03-26T12:20:00+08:00,1.15695,1.15705,1.15692,1.15699
2026-03-26T12:25:00+08:00,1.15698,1.15711,1.15698,1.1571
2026-03-26T12:30:00+08:00,1.15712,1.15726,1.15711,1.15718
2026-03-26T12:35:00+08:00,1.15715,1.15718,1.15698,1.15698
2026-03-26T12:40:00+08:00,1.15699,1.1571,1.15699,1.15707
2026-03-26T12:45:00+08:00,1.15708,1.15719,1.15699,1.15703
2026-03-26T12:50:00+08:00,1.15704,1.15705,1.15691,1.15702
2026-03-26T12:55:00+08:00,1.15703,1.15706,1.15685,1.15694
2026-03-26T13:00:00+08:00,1.15697,1.15699,1.15683,1.15694
2026-03-26T13:05:00+08:00,1.15693,1.157,1.15682,1.15695
2026-03-26T13:10:00+08:00,1.15698,1.15699,1.15683,1.15687
2026-03-26T13:15:00+08:00,1.15689,1.1569,1.1567,1.15673
2026-03-26T13:20:00+08:00,1.15672,1.15676,1.15661,1.15668
2026-03-26T13:25:00+08:00,1.15669,1.1567,1.15615,1.15653
2026-03-26T13:30:00+08:00,1.15657,1.15657,1.15634,1.15652
2026-03-26T13:35:00+08:00,1.15653,1.15657,1.15635,1.15639
2026-03-26T13:40:00+08:00,1.15638,1.15663,1.15628,1.15641
2026-03-26T13:45:00+08:00,1.15639,1.15639,1.15608,1.15613
2026-03-26T13:50:00+08:00,1.1561,1.15618,1.15593,1.15599
2026-03-26T13:55:00+08:00,1.15598,1.15611,1.15577,1.1558
2026-03-26T14:00:00+08:00,1.15574,1.15599,1.1557,1.15595
2026-03-26T14:05:00+08:00,1.15598,1.15598,1.15567,1.15596
2026-03-26T14:10:00+08:00,1.15602,1.15606,1.15544,1.15547
2026-03-26T14:15:00+08:00,1.15545,1.15577,1.15532,1.15549
2026-03-26T14:20:00+08:00,1.15548,1.15555,1.15538,1.15554
2026-03-26T14:25:00+08:00,1.15554,1.15604,1.15554,1.15594
2026-03-26T14:30:00+08:00,1.15593,1.15609,1.15583,1.15587
2026-03-26T14:35:00+08:00,1.15586,1.15597,1.15568,1.15578
2026-03-26T14:40:00+08:00,1.15579,1.15581,1.15516,1.15549
2026-03-26T14:45:00+08:00,1.1555,1.15583,1.1555,1.15582
2026-03-26T14:50:00+08:00,1.15583,1.1563,1.15577,1.15627
2026-03-26T14:55:00+08:00,1.15628,1.1567,1.15624,1.15667
2026-03-26T15:00:00+08:00,1.15668,1.15668,1.15585,1.15586
2026-03-26T15:05:00+08:00,1.15585,1.15591,1.15545,1.1559
2026-03-26T15:10:00+08:00,1.15588,1.15605,1.15563,1.15589
2026-03-26T15:15:00+08:00,1.1559,1.15601,1.15569,1.15589
2026-03-26T15:20:00+08:00,1.15584,1.15623,1.15546,1.15598
2026-03-26T15:25:00+08:00,1.15597,1.15611,1.15572,1.15585
2026-03-26T15:30:00+08:00,1.15587,1.156,1.15543,1.15554
2026-03-26T15:35:00+08:00,1.15555,1.15585,1.15527,1.15583
2026-03-26T15:40:00+08:00,1.15584,1.1559,1.15534,1.15548
2026-03-26T15:45:00+08:00,1.15547,1.15566,1.15538,1.15548
2026-03-26T15:50:00+08:00,1.15547,1.15554,1.15505,1.15532
2026-03-26T15:55:00+08:00,1.15535,1.15566,1.15531,1.15539
2026-03-26T16:00:00+08:00,1.1554,1.1554,1.15475,1.15499
2026-03-26T16:05:00+08:00,1.15502,1.15507,1.15478,1.15499
2026-03-26T16:10:00+08:00,1.15498,1.15535,1.15498,1.15529
2026-03-26T16:15:00+08:00,1.15528,1.15595,1.15528,1.15578
2026-03-26T16:20:00+08:00,1.15576,1.15586,1.15563,1.15584
2026-03-26T16:25:00+08:00,1.15585,1.15595,1.15533,1.15533
2026-03-26T16:30:00+08:00,1.15534,1.15604,1.1552,1.15592
2026-03-26T16:35:00+08:00,1.15589,1.15591,1.15545,1.15587
2026-03-26T16:40:00+08:00,1.15586,1.15604,1.15559,1.15565
2026-03-26T16:45:00+08:00,1.15566,1.15606,1.15561,1.15579
2026-03-26T16:50:00+08:00,1.1558,1.15589,1.15566,1.15583
2026-03-26T16:55:00+08:00,1.15582,1.15611,1.15575,1.15597
2026-03-26T17:00:00+08:00,1.15593,1.15625,1.15569,1.15622
2026-03-26T17:05:00+08:00,1.15621,1.15639,1.1559,1.15607
2026-03-26T17:10:00+08:00,1.15609,1.1565,1.15601,1.15606
2026-03-26T17:15:00+08:00,1.15602,1.15608,1.1553,1.15553
2026-03-26T17:20:00+08:00,1.15549,1.1558,1.15525,1.15577
2026-03-26T17:25:00+08:00,1.15574,1.15585,1.15552,1.15576
2026-03-26T17:30:00+08:00,1.1557,1.15603,1.15555,1.15573
2026-03-26T17:35:00+08:00,1.15572,1.15583,1.15548,1.15565
2026-03-26T17:40:00+08:00,1.15564,1.15569,1.15533,1.15544
2026-03-26T17:45:00+08:00,1.15545,1.15579,1.15538,1.15538
2026-03-26T17:50:00+08:00,1.15541,1.15588,1.15537,1.15587
2026-03-26T17:55:00+08:00,1.15584,1.15601,1.15571,1.15598
2026-03-26T18:00:00+08:00,1.15597,1.15602,1.15562,1.15573
2026-03-26T18:05:00+08:00,1.15574,1.15652,1.15574,1.15618
2026-03-26T18:10:00+08:00,1.15621,1.15642,1.15609,1.15631
2026-03-26T18:15:00+08:00,1.1563,1.15648,1.15614,1.15623
2026-03-26T18:20:00+08:00,1.15622,1.1563,1.15611,1.15618
2026-03-26T18:25:00+08:00,1.15619,1.15642,1.15615,1.15616
2026-03-26T18:30:00+08:00,1.15615,1.15627,1.15601,1.15622
2026-03-26T18:35:00+08:00,1.15621,1.15638,1.15587,1.15593
2026-03-26T18:40:00+08:00,1.15594,1.15621,1.15586,1.15589
2026-03-26T18:45:00+08:00,1.15592,1.15606,1.15545,1.15576
2026-03-26T18:50:00+08:00,1.15575,1.15592,1.1557,1.15572
2026-03-26T18:55:00+08:00,1.15573,1.15579,1.15565,1.15572
2026-03-26T19:00:00+08:00,1.15573,1.15588,1.15552,1.15555
2026-03-26T19:05:00+08:00,1.15556,1.15575,1.15546,1.15572
2026-03-26T19:10:00+08:00,1.15571,1.15572,1.15511,1.15514
2026-03-26T19:15:00+08:00,1.15515,1.15528,1.15506,1.15506
2026-03-26T19:20:00+08:00,1.15505,1.15508,1.1547,1.15471
2026-03-26T19:25:00+08:00,1.15472,1.15473,1.15429,1.15438
2026-03-26T19:30:00+08:00,1.15439,1.15446,1.15411,1.15418
2026-03-26T19:35:00+08:00,1.15419,1.15424,1.15385,1.15394
2026-03-26T19:40:00+08:00,1.15395,1.15396,1.1532,1.15335
2026-03-26T19:45:00+08:00,1.15339,1.15343,1.15279,1.15284
2026-03-26T19:50:00+08:00,1.15283,1.15305,1.15269,1.15286
2026-03-26T19:55:00+08:00,1.15287,1.15289,1.15231,1.15244
2026-03-26T20:00:00+08:00,1.15245,1.15273,1.15221,1.15255
2026-03-26T20:05:00+08:00,1.15256,1.15321,1.15246,1.15288
2026-03-26T20:10:00+08:00,1.15286,1.1534,1.15282,1.15319
2026-03-26T20:15:00+08:00,1.15317,1.15345,1.15308,1.15313
2026-03-26T20:20:00+08:00,1.15313,1.15342,1.153,1.15328
2026-03-26T20:25:00+08:00,1.15329,1.15351,1.15328,1.15337
2026-03-26T20:30:00+08:00,1.15335,1.15347,1.15275,1.15277
2026-03-26T20:35:00+08:00,1.1528,1.15337,1.15269,1.1533
2026-03-26T20:40:00+08:00,1.1533,1.15331,1.1527,1.15273
2026-03-26T20:45:00+08:00,1.15275,1.15327,1.15274,1.15326
2026-03-26T20:50:00+08:00,1.15325,1.15325,1.15294,1.15307
2026-03-26T20:55:00+08:00,1.15304,1.15356,1.15301,1.15353
2026-03-26T21:00:00+08:00,1.15352,1.15389,1.15349,1.15376
2026-03-26T21:05:00+08:00,1.15374,1.15411,1.15374,1.15387
2026-03-26T21:10:00+08:00,1.15384,1.15413,1.15354,1.15401
2026-03-26T21:15:00+08:00,1.154,1.15444,1.15394,1.15414
2026-03-26T21:20:00+08:00,1.15411,1.15438,1.15411,1.15421
2026-03-26T21:25:00+08:00,1.15422,1.15445,1.15406,1.15426
2026-03-26T21:30:00+08:00,1.15423,1.15441,1.15373,1.15406
2026-03-26T21:35:00+08:00,1.15405,1.1543,1.15382,1.15399
2026-03-26T21:40:00+08:00,1.15396,1.15496,1.15382,1.15496
2026-03-26T21:45:00+08:00,1.15495,1.15525,1.15445,1.15447
2026-03-26T21:50:00+08:00,1.15449,1.15501,1.15444,1.15466
2026-03-26T21:55:00+08:00,1.15465,1.1547,1.15361,1.15423
2026-03-26T22:00:00+08:00,1.15431,1.15446,1.15394,1.15407
2026-03-26T22:05:00+08:00,1.15406,1.15434,1.1537,1.15414
2026-03-26T22:10:00+08:00,1.15415,1.15429,1.15372,1.15427
2026-03-26T22:15:00+08:00,1.15428,1.155,1.154,1.15477
2026-03-26T22:20:00+08:00,1.15475,1.15512,1.15453,1.15482
2026-03-26T22:25:00+08:00,1.15477,1.15505,1.15464,1.15483
2026-03-26T22:30:00+08:00,1.15482,1.15543,1.15481,1.15541
2026-03-26T22:35:00+08:00,1.15542,1.1555,1.15491,1.15516
2026-03-26T22:40:00+08:00,1.15513,1.15549,1.15416,1.15435
2026-03-26T22:45:00+08:00,1.15431,1.15502,1.15421,1.15461
2026-03-26T22:50:00+08:00,1.15457,1.15518,1.15423,1.15424
2026-03-26T22:55:00+08:00,1.15421,1.15486,1.15405,1.15476
2026-03-26T23:00:00+08:00,1.15479,1.155,1.15451,1.15454
2026-03-26T23:05:00+08:00,1.15452,1.15513,1.15444,1.15464
2026-03-26T23:10:00+08:00,1.15465,1.15512,1.15465,1.1547
2026-03-26T23:15:00+08:00,1.15474,1.15492,1.15427,1.15452
2026-03-26T23:20:00+08:00,1.15451,1.15483,1.15443,1.15469
2026-03-26T23:25:00+08:00,1.15472,1.15487,1.15435,1.15438
2026-03-26T23:30:00+08:00,1.1544,1.15446,1.15401,1.15413
2026-03-26T23:35:00+08:00,1.15414,1.15423,1.15373,1.15379
2026-03-26T23:40:00+08:00,1.15378,1.15384,1.15316,1.1533
2026-03-26T23:45:00+08:00,1.15331,1.15408,1.15325,1.15382
2026-03-26T23:50:00+08:00,1.15383,1.15423,1.15377,1.15393
2026-03-26T23:55:00+08:00,1.15402,1.15431,1.15391,1.15416
2026-03-27T00:00:00+08:00,1.15415,1.15429,1.15394,1.15419
2026-03-27T00:05:00+08:00,1.1542,1.15428,1.1537,1.1541
2026-03-27T00:10:00+08:00,1.15409,1.15433,1.15374,1.15423
2026-03-27T00:15:00+08:00,1.15425,1.15428,1.15353,1.15364
2026-03-27T00:20:00+08:00,1.15362,1.15362,1.1531,1.15337
2026-03-27T00:25:00+08:00,1.15339,1.15351,1.15316,1.15349
2026-03-27T00:30:00+08:00,1.15347,1.15356,1.15313,1.1535
2026-03-27T00:35:00+08:00,1.15351,1.15351,1.15323,1.15331
2026-03-27T00:40:00+08:00,1.1533,1.15376,1.15319,1.1537
2026-03-27T00:45:00+08:00,1.15369,1.15391,1.1536,1.15379
2026-03-27T00:50:00+08:00,1.15378,1.15395,1.15354,1.15389
2026-03-27T00:55:00+08:00,1.15388,1.15391,1.15354,1.15357
2026-03-27T01:00:00+08:00,1.15356,1.15359,1.15326,1.15337
2026-03-27T01:05:00+08:00,1.15338,1.15371,1.15338,1.15351
2026-03-27T01:10:00+08:00,1.1535,1.15352,1.15326,1.15339
2026-03-27T01:15:00+08:00,1.1534,1.15345,1.15312,1.15338
2026-03-27T01:20:00+08:00,1.15337,1.15362,1.15317,1.1535
2026-03-27T01:25:00+08:00,1.15349,1.15351,1.15325,1.15342
2026-03-27T01:30:00+08:00,1.15346,1.15361,1.15327,1.15357
2026-03-27T01:35:00+08:00,1.15355,1.15377,1.15321,1.15321
2026-03-27T01:40:00+08:00,1.15318,1.15318,1.15274,1.15286
2026-03-27T01:45:00+08:00,1.15282,1.15288,1.15265,1.15281
2026-03-27T01:50:00+08:00,1.15279,1.15279,1.1526,1.15267
2026-03-27T01:55:00+08:00,1.15268,1.15284,1.15255,1.15261
2026-03-27T02:00:00+08:00,1.1526,1.15293,1.15252,1.15287
2026-03-27T02:05:00+08:00,1.15285,1.15311,1.15285,1.15311
2026-03-27T02:10:00+08:00,1.1531,1.15319,1.15293,1.15308
2026-03-27T02:15:00+08:00,1.15307,1.15312,1.15291,1.15295
2026-03-27T02:20:00+08:00,1.15293,1.15298,1.15272,1.15293
2026-03-27T02:25:00+08:00,1.1529,1.153,1.15269,1.15277
2026-03-27T02:30:00+08:00,1.15276,1.15306,1.15275,1.15299
2026-03-27T02:35:00+08:00,1.15298,1.15329,1.15295,1.15322
2026-03-27T02:40:00+08:00,1.15321,1.15333,1.15308,1.1533
2026-03-27T02:45:00+08:00,1.15329,1.15339,1.15318,1.15332
2026-03-27T02:50:00+08:00,1.15331,1.15336,1.15314,1.15329
2026-03-27T02:55:00+08:00,1.15326,1.1534,1.15324,1.15339
2026-03-27T03:00:00+08:00,1.15338,1.15344,1.15299,1.15304
2026-03-27T03:05:00+08:00,1.15306,1.15313,1.15274,1.15277
2026-03-27T03:10:00+08:00,1.15278,1.15279,1.15235,1.15245
2026-03-27T03:15:00+08:00,1.15244,1.15271,1.15244,1.1526
2026-03-27T03:20:00+08:00,1.15261,1.15276,1.15256,1.1526
2026-03-27T03:25:00+08:00,1.15261,1.15264,1.15229,1.15238
2026-03-27T03:30:00+08:00,1.15239,1.15258,1.1523,1.15254
2026-03-27T03:35:00+08:00,1.15255,1.15287,1.15251,1.1527
2026-03-27T03:40:00+08:00,1.15267,1.15268,1.15236,1.15238
2026-03-27T03:45:00+08:00,1.15239,1.15243,1.15219,1.1523
2026-03-27T03:50:00+08:00,1.15232,1.15246,1.15225,1.15237
2026-03-27T03:55:00+08:00,1.15235,1.15249,1.15216,1.1522
2026-03-27T04:00:00+08:00,1.15217,1.15222,1.15201,1.1522
2026-03-27T04:05:00+08:00,1.15218,1.15222,1.15196,1.15197
2026-03-27T04:10:00+08:00,1.15198,1.15587,1.15195,1.15471
2026-03-27T04:15:00+08:00,1.15469,1.15487,1.15389,1.15401
2026-03-27T04:20:00+08:00,1.15399,1.1544,1.15345,1.15351
2026-03-27T04:25:00+08:00,1.15352,1.15378,1.15304,1.15336
2026-03-27T04:30:00+08:00,1.15335,1.15375,1.15327,1.15363
2026-03-27T04:35:00+08:00,1.15353,1.15387,1.15353,1.15385
2026-03-27T04:40:00+08:00,1.15372,1.1538,1.15324,1.15328
2026-03-27T04:45:00+08:00,1.15329,1.15339,1.15293,1.153
2026-03-27T04:50:00+08:00,1.153,1.15304,1.15277,1.15291
2026-03-27T04:55:00+08:00,1.15291,1.15314,1.15284,1.15293
2026-03-27T05:00:00+08:00,1.15256,1.15281,1.15247,1.15275
2026-03-27T05:05:00+08:00,1.15263,1.15295,1.15263,1.15289
2026-03-27T05:10:00+08:00,1.1529,1.15314,1.1529,1.15314
2026-03-27T05:15:00+08:00,1.15313,1.1532,1.15282,1.15282
2026-03-27T05:20:00+08:00,1.15282,1.15293,1.15282,1.15291
2026-03-27T05:25:00+08:00,1.15292,1.15302,1.15292,1.153
2026-03-27T05:30:00+08:00,1.153,1.15334,1.15299,1.15319
2026-03-27T05:35:00+08:00,1.15318,1.15346,1.15315,1.15343
2026-03-27T05:40:00+08:00,1.15344,1.1535,1.15324,1.15324
2026-03-27T05:45:00+08:00,1.15325,1.15331,1.15325,1.15328
2026-03-27T05:50:00+08:00,1.15329,1.15339,1.15327,1.15339
2026-03-27T05:55:00+08:00,1.15337,1.15341,1.15311,1.15318
2026-03-27T06:00:00+08:00,1.15316,1.15378,1.15313,1.15374
2026-03-27T06:05:00+08:00,1.15376,1.15403,1.15348,1.15368
2026-03-27T06:10:00+08:00,1.15367,1.15382,1.15362,1.15365
2026-03-27T06:15:00+08:00,1.15365,1.15386,1.15364,1.15385
2026-03-27T06:20:00+08:00,1.15387,1.15387,1.1536,1.15362
2026-03-27T06:25:00+08:00,1.1536,1.15363,1.15352,1.15363
2026-03-27T06:30:00+08:00,1.15362,1.15388,1.15362,1.15385
2026-03-27T06:35:00+08:00,1.15384,1.1539,1.15378,1.15381
2026-03-27T06:40:00+08:00,1.1538,1.15391,1.15375,1.15389
2026-03-27T06:45:00+08:00,1.15388,1.15398,1.15384,1.15396
2026-03-27T06:50:00+08:00,1.15395,1.15396,1.15384,1.1539
2026-03-27T06:55:00+08:00,1.15388,1.15391,1.15379,1.15384
2026-03-27T07:00:00+08:00,1.15385,1.15395,1.15382,1.15386
2026-03-27T07:05:00+08:00,1.15385,1.15389,1.15372,1.15384
2026-03-27T07:10:00+08:00,1.15385,1.15387,1.15373,1.15375
2026-03-27T07:15:00+08:00,1.15376,1.15389,1.15376,1.15387
2026-03-27T07:20:00+08:00,1.15386,1.15387,1.15374,1.15384
2026-03-27T07:25:00+08:00,1.15384,1.15385,1.15374,1.15381
2026-03-27T07:30:00+08:00,1.1538,1.15393,1.15375,1.15393
2026-03-27T07:35:00+08:00,1.15394,1.15399,1.15385,1.15385
2026-03-27T07:40:00+08:00,1.15384,1.15387,1.15356,1.15364
2026-03-27T07:45:00+08:00,1.15363,1.1537,1.15346,1.15355
2026-03-27T07:50:00+08:00,1.15356,1.15365,1.15349,1.15353
2026-03-27T07:55:00+08:00,1.15352,1.15353,1.1534,1.15345
2026-03-27T08:00:00+08:00,1.15336,1.15381,1.15336,1.15371
2026-03-27T08:05:00+08:00,1.1537,1.15377,1.15348,1.15365
2026-03-27T08:10:00+08:00,1.15367,1.15367,1.15323,1.15323
2026-03-27T08:15:00+08:00,1.15324,1.15345,1.1529,1.15296
2026-03-27T08:20:00+08:00,1.15297,1.15301,1.15246,1.15285
2026-03-27T08:25:00+08:00,1.15287,1.15287,1.1526,1.15271
2026-03-27T08:30:00+08:00,1.15273,1.15303,1.15264,1.15286
2026-03-27T08:35:00+08:00,1.15284,1.15288,1.15268,1.15285
2026-03-27T08:40:00+08:00,1.15284,1.15296,1.15273,1.15285
2026-03-27T08:45:00+08:00,1.15283,1.15283,1.15245,1.15261
2026-03-27T08:50:00+08:00,1.15262,1.15288,1.15243,1.15285
2026-03-27T08:55:00+08:00,1.15284,1.15314,1.15284,1.15307
2026-03-27T09:00:00+08:00,1.15308,1.15323,1.15299,1.15301
2026-03-27T09:05:00+08:00,1.153,1.15322,1.153,1.15312
2026-03-27T09:10:00+08:00,1.15313,1.15347,1.15312,1.15332
2026-03-27T09:15:00+08:00,1.15334,1.15357,1.15324,1.15347
2026-03-27T09:20:00+08:00,1.15349,1.15368,1.15338,1.15365
2026-03-27T09:25:00+08:00,1.15364,1.15368,1.15351,1.15365
2026-03-27T09:30:00+08:00,1.15366,1.15399,1.15362,1.15387
2026-03-27T09:35:00+08:00,1.15386,1.15404,1.15384,1.15392
2026-03-27T09:40:00+08:00,1.15396,1.15403,1.1538,1.15383
2026-03-27T09:45:00+08:00,1.15382,1.15391,1.15363,1.15386
2026-03-27T09:50:00+08:00,1.15381,1.15382,1.15362,1.15369
2026-03-27T09:55:00+08:00,1.15368,1.15409,1.15366,1.15399
2026-03-27T10:00:00+08:00,1.15405,1.15428,1.15404,1.15411
2026-03-27T10:05:00+08:00,1.15407,1.15412,1.15382,1.15391
2026-03-27T10:10:00+08:00,1.15388,1.15392,1.15375,1.15384
2026-03-27T10:15:00+08:00,1.15383,1.15395,1.15373,1.15385
2026-03-27T10:20:00+08:00,1.15386,1.15389,1.15361,1.15378
2026-03-27T10:25:00+08:00,1.15377,1.15391,1.1537,1.15389
2026-03-27T10:30:00+08:00,1.1539,1.15411,1.15381,1.15409
2026-03-27T10:35:00+08:00,1.15407,1.15412,1.15391,1.15403
2026-03-27T10:40:00+08:00,1.15404,1.15414,1.15396,1.15407
2026-03-27T10:45:00+08:00,1.15408,1.15421,1.15387,1.15392
2026-03-27T10:50:00+08:00,1.15391,1.15396,1.15381,1.15386
2026-03-27T10:55:00+08:00,1.15389,1.15398,1.15382,1.15383
2026-03-27T11:00:00+08:00,1.15384,1.15403,1.15381,1.15383
2026-03-27T11:05:00+08:00,1.15382,1.15383,1.15348,1.15357
2026-03-27T11:10:00+08:00,1.15358,1.15374,1.15349,1.15361
2026-03-27T11:15:00+08:00,1.15358,1.15362,1.15347,1.15351
2026-03-27T11:20:00+08:00,1.15352,1.15352,1.15337,1.15339
2026-03-27T11:25:00+08:00,1.1534,1.15357,1.15337,1.15352
2026-03-27T11:30:00+08:00,1.15353,1.15379,1.15353,1.1537
2026-03-27T11:35:00+08:00,1.15369,1.15393,1.15366,1.15393
2026-03-27T11:40:00+08:00,1.15391,1.15398,1.15382,1.15387
2026-03-27T11:45:00+08:00,1.15388,1.15389,1.15374,1.15378
2026-03-27T11:50:00+08:00,1.15377,1.15392,1.15372,1.15378
2026-03-27T11:55:00+08:00,1.15377,1.15392,1.15372,1.15391
2026-03-27T12:00:00+08:00,1.1539,1.15399,1.15369,1.15398
2026-03-27T12:05:00+08:00,1.15397,1.15404,1.15386,1.15387
2026-03-27T12:10:00+08:00,1.15388,1.15398,1.15385,1.15394
2026-03-27T12:15:00+08:00,1.15389,1.15393,1.15383,1.15389
2026-03-27T12:20:00+08:00,1.1539,1.15408,1.1539,1.15401
2026-03-27T12:25:00+08:00,1.15402,1.15403,1.15389,1.15396
2026-03-27T12:30:00+08:00,1.15397,1.15405,1.1539,1.15403
2026-03-27T12:35:00+08:00,1.15402,1.15424,1.15396,1.15421
2026-03-27T12:40:00+08:00,1.1542,1.15427,1.15416,1.15426
2026-03-27T12:45:00+08:00,1.15425,1.15432,1.15418,1.15421
2026-03-27T12:50:00+08:00,1.15422,1.15423,1.15414,1.15422
2026-03-27T12:55:00+08:00,1.15418,1.15439,1.15416,1.15429
2026-03-27T13:00:00+08:00,1.15424,1.15424,1.15414,1.15423
2026-03-27T13:05:00+08:00,1.15422,1.15452,1.15422,1.15443
2026-03-27T13:10:00+08:00,1.15441,1.15458,1.15429,1.15455
2026-03-27T13:15:00+08:00,1.15453,1.15457,1.15442,1.15446
2026-03-27T13:20:00+08:00,1.15445,1.15447,1.15413,1.15414
2026-03-27T13:25:00+08:00,1.1541,1.15419,1.15401,1.15406
2026-03-27T13:30:00+08:00,1.15406,1.15411,1.15372,1.15392
2026-03-27T13:35:00+08:00,1.15392,1.15413,1.15391,1.15412
2026-03-27T13:40:00+08:00,1.15412,1.15432,1.15406,1.15432
2026-03-27T13:45:00+08:00,1.1543,1.15463,1.1543,1.15441
2026-03-27T13:50:00+08:00,1.15442,1.15453,1.15438,1.15448
2026-03-27T13:55:00+08:00,1.1545,1.15452,1.154,1.15412
2026-03-27T14:00:00+08:00,1.15409,1.1542,1.15394,1.15414
2026-03-27T14:05:00+08:00,1.15413,1.15429,1.15389,1.15425
2026-03-27T14:10:00+08:00,1.15427,1.15438,1.15397,1.15434
2026-03-27T14:15:00+08:00,1.15432,1.1544,1.15391,1.15394
2026-03-27T14:20:00+08:00,1.15395,1.15402,1.15384,1.15396
2026-03-27T14:25:00+08:00,1.15397,1.15398,1.15379,1.15395
2026-03-27T14:30:00+08:00,1.15394,1.154,1.15358,1.15382
2026-03-27T14:35:00+08:00,1.15377,1.15385,1.15374,1.15381
2026-03-27T14:40:00+08:00,1.15382,1.15387,1.15375,1.15384
2026-03-27T14:45:00+08:00,1.15382,1.15383,1.15357,1.15368
2026-03-27T14:50:00+08:00,1.15369,1.15375,1.15346,1.15364
2026-03-27T14:55:00+08:00,1.15365,1.15378,1.1534,1.15346
2026-03-27T15:00:00+08:00,1.15345,1.1535,1.15316,1.1535
2026-03-27T15:05:00+08:00,1.15349,1.15349,1.15313,1.1533
2026-03-27T15:10:00+08:00,1.15329,1.15347,1.15299,1.15309
2026-03-27T15:15:00+08:00,1.15306,1.15313,1.15279,1.15282
2026-03-27T15:20:00+08:00,1.15283,1.15292,1.1527,1.15283
2026-03-27T15:25:00+08:00,1.15284,1.15285,1.15228,1.15232
2026-03-27T15:30:00+08:00,1.15231,1.15249,1.15215,1.15239
2026-03-27T15:35:00+08:00,1.15238,1.15251,1.15222,1.15242
2026-03-27T15:40:00+08:00,1.15238,1.15239,1.1521,1.15214
2026-03-27T15:45:00+08:00,1.15215,1.15263,1.15209,1.15254
2026-03-27T15:50:00+08:00,1.15252,1.15253,1.1523,1.15231
2026-03-27T15:55:00+08:00,1.1523,1.15237,1.15168,1.15189
2026-03-27T16:00:00+08:00,1.15182,1.15222,1.15172,1.1518
2026-03-27T16:05:00+08:00,1.15175,1.15192,1.1516,1.15183
2026-03-27T16:10:00+08:00,1.15179,1.15209,1.15159,1.15204
2026-03-27T16:15:00+08:00,1.15205,1.15216,1.15183,1.15187
2026-03-27T16:20:00+08:00,1.15186,1.15206,1.15168,1.15186
2026-03-27T16:25:00+08:00,1.15185,1.15228,1.15185,1.15223
2026-03-27T16:30:00+08:00,1.15222,1.15245,1.15207,1.15212
2026-03-27T16:35:00+08:00,1.15214,1.15227,1.15186,1.15206
2026-03-27T16:40:00+08:00,1.15205,1.15251,1.152,1.15235
2026-03-27T16:45:00+08:00,1.15234,1.15241,1.15209,1.1522
2026-03-27T16:50:00+08:00,1.15219,1.15226,1.15198,1.15214
2026-03-27T16:55:00+08:00,1.15215,1.1522,1.152,1.15208
2026-03-27T17:00:00+08:00,1.15204,1.15221,1.15171,1.15171
2026-03-27T17:05:00+08:00,1.1517,1.15191,1.15145,1.15156
2026-03-27T17:10:00+08:00,1.15155,1.15216,1.15146,1.15186
2026-03-27T17:15:00+08:00,1.15184,1.15215,1.15178,1.15195
2026-03-27T17:20:00+08:00,1.15193,1.15234,1.15184,1.15213
2026-03-27T17:25:00+08:00,1.15214,1.15243,1.15212,1.15227
2026-03-27T17:30:00+08:00,1.15227,1.15262,1.15207,1.15253
2026-03-27T17:35:00+08:00,1.15253,1.1526,1.15231,1.15237
2026-03-27T17:40:00+08:00,1.15238,1.15239,1.15196,1.15216
2026-03-27T17:45:00+08:00,1.15215,1.15217,1.15186,1.15204
2026-03-27T17:50:00+08:00,1.15203,1.15212,1.15186,1.15206
2026-03-27T17:55:00+08:00,1.15207,1.1521,1.15176,1.15192
2026-03-27T18:00:00+08:00,1.15191,1.15234,1.15184,1.15221
2026-03-27T18:05:00+08:00,1.15222,1.15243,1.15208,1.15213
2026-03-27T18:10:00+08:00,1.15212,1.15222,1.15187,1.15204
2026-03-27T18:15:00+08:00,1.15205,1.15209,1.15184,1.15204
2026-03-27T18:20:00+08:00,1.15207,1.1521,1.15185,1.15202
2026-03-27T18:25:00+08:00,1.15203,1.15262,1.15203,1.15253
2026-03-27T18:30:00+08:00,1.15252,1.15258,1.15207,1.15222
2026-03-27T18:35:00+08:00,1.15224,1.15224,1.1516,1.15164
2026-03-27T18:40:00+08:00,1.15165,1.15166,1.15135,1.15144
2026-03-27T18:45:00+08:00,1.15143,1.15157,1.15131,1.15154
2026-03-27T18:50:00+08:00,1.15153,1.15167,1.15142,1.15151
2026-03-27T18:55:00+08:00,1.15146,1.15146,1.15102,1.15109
2026-03-27T19:00:00+08:00,1.15113,1.15133,1.15092,1.15124
2026-03-27T19:05:00+08:00,1.15122,1.15136,1.15092,1.15107
2026-03-27T19:10:00+08:00,1.15108,1.15131,1.15103,1.15115
2026-03-27T19:15:00+08:00,1.15116,1.15136,1.1511,1.15129
2026-03-27T19:20:00+08:00,1.1513,1.15142,1.15092,1.15115
2026-03-27T19:25:00+08:00,1.15112,1.15122,1.15094,1.15122
2026-03-27T19:30:00+08:00,1.15121,1.15136,1.15102,1.15134
2026-03-27T19:35:00+08:00,1.15135,1.15135,1.15094,1.15107
2026-03-27T19:40:00+08:00,1.15104,1.15122,1.15098,1.1512
2026-03-27T19:45:00+08:00,1.15119,1.15121,1.1507,1.15075
2026-03-27T19:50:00+08:00,1.15072,1.15095,1.15046,1.15085
2026-03-27T19:55:00+08:00,1.15092,1.15105,1.15069,1.15076
2026-03-27T20:00:00+08:00,1.15069,1.15079,1.1503,1.15035
2026-03-27T20:05:00+08:00,1.15036,1.15045,1.1502,1.1503
2026-03-27T20:10:00+08:00,1.15031,1.15061,1.15024,1.15033
2026-03-27T20:15:00+08:00,1.15034,1.15077,1.15018,1.15067
2026-03-27T20:20:00+08:00,1.15065,1.15092,1.1504,1.1509
2026-03-27T20:25:00+08:00,1.15092,1.1512,1.15083,1.151
2026-03-27T20:30:00+08:00,1.15098,1.15108,1.15061,1.15071
2026-03-27T20:35:00+08:00,1.15073,1.15106,1.15068,1.15101
2026-03-27T20:40:00+08:00,1.151,1.15154,1.15098,1.15152
2026-03-27T20:45:00+08:00,1.15155,1.15182,1.15143,1.15153
2026-03-27T20:50:00+08:00,1.15152,1.15175,1.15144,1.15153
2026-03-27T20:55:00+08:00,1.15154,1.15175,1.15148,1.15151
2026-03-27T21:00:00+08:00,1.15152,1.15169,1.15148,1.15168
2026-03-27T21:05:00+08:00,1.15165,1.15196,1.15154,1.15167
2026-03-27T21:10:00+08:00,1.15168,1.15168,1.15142,1.1516
2026-03-27T21:15:00+08:00,1.15162,1.15216,1.15157,1.152
2026-03-27T21:20:00+08:00,1.15201,1.15268,1.15201,1.15265
2026-03-27T21:25:00+08:00,1.15266,1.15278,1.15219,1.1525
2026-03-27T21:30:00+08:00,1.15247,1.15257,1.1519,1.15193
2026-03-27T21:35:00+08:00,1.15191,1.15278,1.15183,1.15273
2026-03-27T21:40:00+08:00,1.15274,1.15316,1.1524,1.15304
2026-03-27T21:45:00+08:00,1.15302,1.15329,1.15281,1.15317
2026-03-27T21:50:00+08:00,1.15316,1.15321,1.1525,1.15252
2026-03-27T21:55:00+08:00,1.15251,1.15261,1.15226,1.1524
2026-03-27T22:00:00+08:00,1.1524,1.15312,1.15231,1.15308
2026-03-27T22:05:00+08:00,1.15319,1.15325,1.15267,1.15278
2026-03-27T22:10:00+08:00,1.15277,1.15315,1.15261,1.15307
2026-03-27T22:15:00+08:00,1.15305,1.15344,1.1528,1.15327
2026-03-27T22:20:00+08:00,1.15331,1.15341,1.15297,1.15339
2026-03-27T22:25:00+08:00,1.15337,1.15358,1.15276,1.15277
2026-03-27T22:30:00+08:00,1.15278,1.15324,1.15255,1.15324
2026-03-27T22:35:00+08:00,1.15325,1.15325,1.15277,1.15301
2026-03-27T22:40:00+08:00,1.15302,1.1531,1.15277,1.15284
2026-03-27T22:45:00+08:00,1.15281,1.15314,1.15273,1.15309
2026-03-27T22:50:00+08:00,1.15309,1.15336,1.15292,1.15297
2026-03-27T22:55:00+08:00,1.15296,1.15328,1.15287,1.15287
2026-03-27T23:00:00+08:00,1.15291,1.15332,1.15287,1.15318
2026-03-27T23:05:00+08:00,1.15317,1.15324,1.15265,1.1531
2026-03-27T23:10:00+08:00,1.15313,1.15337,1.153,1.15313
2026-03-27T23:15:00+08:00,1.15313,1.15323,1.15258,1.15274
2026-03-27T23:20:00+08:00,1.15276,1.15447,1.15257,1.15347
2026-03-27T23:25:00+08:00,1.15348,1.15385,1.15333,1.1537
2026-03-27T23:30:00+08:00,1.15374,1.15479,1.15359,1.15452
2026-03-27T23:35:00+08:00,1.15454,1.15463,1.15385,1.1539
2026-03-27T23:40:00+08:00,1.15389,1.154,1.1535,1.15369
2026-03-27T23:45:00+08:00,1.15367,1.15384,1.15315,1.15323
2026-03-27T23:50:00+08:00,1.15323,1.1533,1.15266,1.15297
2026-03-27T23:55:00+08:00,1.15292,1.15295,1.15179,1.15195
2026-03-28T00:00:00+08:00,1.15193,1.15274,1.15193,1.15252
2026-03-28T00:05:00+08:00,1.15253,1.15262,1.15211,1.15233
2026-03-28T00:10:00+08:00,1.15234,1.15234,1.15181,1.15202
2026-03-28T00:15:00+08:00,1.15202,1.15211,1.15184,1.15199
2026-03-28T00:20:00+08:00,1.152,1.15236,1.152,1.15203
2026-03-28T00:25:00+08:00,1.152,1.15235,1.15188,1.15222
2026-03-28T00:30:00+08:00,1.15221,1.15228,1.15184,1.15187
2026-03-28T00:35:00+08:00,1.15186,1.15198,1.15152,1.15156
2026-03-28T00:40:00+08:00,1.15157,1.15218,1.15149,1.15207
2026-03-28T00:45:00+08:00,1.15208,1.15234,1.15184,1.15229
2026-03-28T00:50:00+08:00,1.15228,1.15245,1.15203,1.15215
2026-03-28T00:55:00+08:00,1.15216,1.15226,1.15187,1.15191
2026-03-28T01:00:00+08:00,1.1519,1.15201,1.15163,1.15176
2026-03-28T01:05:00+08:00,1.15175,1.15288,1.15164,1.15188
2026-03-28T01:10:00+08:00,1.15186,1.15196,1.15143,1.15149
2026-03-28T01:15:00+08:00,1.1515,1.15153,1.1511,1.15115
2026-03-28T01:20:00+08:00,1.15112,1.15122,1.15101,1.1511
2026-03-28T01:25:00+08:00,1.15109,1.15117,1.15093,1.15096
2026-03-28T01:30:00+08:00,1.15095,1.151,1.15072,1.15096
2026-03-28T01:35:00+08:00,1.15094,1.15099,1.15078,1.15084
2026-03-28T01:40:00+08:00,1.15081,1.15092,1.15063,1.15091
2026-03-28T01:45:00+08:00,1.15089,1.15125,1.15086,1.1511
2026-03-28T01:50:00+08:00,1.1511,1.15146,1.15108,1.15128
2026-03-28T01:55:00+08:00,1.15126,1.15129,1.151,1.15126
2026-03-28T02:00:00+08:00,1.15125,1.15145,1.15118,1.15124
2026-03-28T02:05:00+08:00,1.15126,1.15127,1.15093,1.15105
2026-03-28T02:10:00+08:00,1.15106,1.15107,1.15074,1.15083
2026-03-28T02:15:00+08:00,1.15082,1.15116,1.15071,1.15116
2026-03-28T02:20:00+08:00,1.15116,1.15126,1.15089,1.15098
2026-03-28T02:25:00+08:00,1.15096,1.15137,1.15085,1.15124
2026-03-28T02:30:00+08:00,1.15125,1.1514,1.15119,1.15128
2026-03-28T02:35:00+08:00,1.15129,1.15147,1.15122,1.15141
2026-03-28T02:40:00+08:00,1.15142,1.15197,1.15129,1.15164
2026-03-28T02:45:00+08:00,1.15165,1.15171,1.15133,1.15138
2026-03-28T02:50:00+08:00,1.1514,1.15155,1.15132,1.15145
2026-03-28T02:55:00+08:00,1.15146,1.15146,1.15128,1.15137
2026-03-28T03:00:00+08:00,1.15136,1.15138,1.15101,1.1511
2026-03-28T03:05:00+08:00,1.1511,1.15117,1.15101,1.15117
2026-03-28T03:10:00+08:00,1.15116,1.15148,1.15114,1.15135
2026-03-28T03:15:00+08:00,1.15134,1.15136,1.15117,1.15136
2026-03-28T03:20:00+08:00,1.15137,1.15139,1.15119,1.15131
2026-03-28T03:25:00+08:00,1.1513,1.15137,1.15121,1.15134
2026-03-28T03:30:00+08:00,1.15136,1.15142,1.15129,1.15141
2026-03-28T03:35:00+08:00,1.15142,1.15143,1.15127,1.1513
2026-03-28T03:40:00+08:00,1.15131,1.15136,1.15106,1.15132
2026-03-28T03:45:00+08:00,1.15131,1.15145,1.15126,1.15143
2026-03-28T03:50:00+08:00,1.15141,1.15164,1.15132,1.15153
2026-03-28T03:55:00+08:00,1.15155,1.1518,1.15154,1.15171
2026-03-28T04:00:00+08:00,1.15172,1.15207,1.15145,1.15178
2026-03-28T04:05:00+08:00,1.15179,1.15182,1.1515,1.15171
2026-03-28T04:10:00+08:00,1.15172,1.15174,1.15161,1.15171
2026-03-28T04:15:00+08:00,1.15172,1.15185,1.15167,1.15167
2026-03-28T04:20:00+08:00,1.15166,1.15167,1.15147,1.15155
2026-03-28T04:25:00+08:00,1.15154,1.1516,1.15136,1.15141
2026-03-28T04:30:00+08:00,1.15142,1.15145,1.15095,1.15099
2026-03-28T04:35:00+08:00,1.151,1.15113,1.15093,1.15096
2026-03-28T04:40:00+08:00,1.15096,1.15149,1.15095,1.15135
2026-03-28T04:45:00+08:00,1.15134,1.15142,1.15128,1.15134
2026-03-28T04:50:00+08:00,1.15133,1.15139,1.15112,1.15123
2026-03-30T05:00:00+08:00,1.15009,1.15012,1.15007,1.15008
2026-03-30T05:05:00+08:00,1.15009,1.1501,1.14997,1.14997
2026-03-30T05:10:00+08:00,1.14995,1.15002,1.14985,1.15
2026-03-30T05:15:00+08:00,1.14993,1.14997,1.14992,1.14993
2026-03-30T05:20:00+08:00,1.14995,1.14997,1.14981,1.14997
2026-03-30T05:25:00+08:00,1.14997,1.14997,1.14994,1.14996
2026-03-30T05:30:00+08:00,1.14995,1.14998,1.14994,1.14996
2026-03-30T05:35:00+08:00,1.14994,1.14996,1.14994,1.14996
2026-03-30T05:40:00+08:00,1.14998,1.14998,1.14996,1.14997
2026-03-30T05:45:00+08:00,1.14996,1.14997,1.14993,1.14995
2026-03-30T05:50:00+08:00,1.14997,1.14999,1.14989,1.14999
2026-03-30T05:55:00+08:00,1.15,1.15003,1.14983,1.14985
2026-03-30T06:00:00+08:00,1.14999,1.15025,1.14997,1.1501
2026-03-30T06:05:00+08:00,1.15014,1.15017,1.14925,1.14942
2026-03-30T06:10:00+08:00,1.14943,1.15,1.14926,1.1497
2026-03-30T06:15:00+08:00,1.14971,1.14975,1.14939,1.14957
2026-03-30T06:20:00+08:00,1.14958,1.14999,1.14942,1.14948
2026-03-30T06:25:00+08:00,1.14947,1.14948,1.14911,1.14911
2026-03-30T06:30:00+08:00,1.14913,1.14942,1.14901,1.14926
2026-03-30T06:35:00+08:00,1.14929,1.1494,1.14894,1.14908
2026-03-30T06:40:00+08:00,1.14911,1.14913,1.14884,1.14888
2026-03-30T06:45:00+08:00,1.14892,1.14909,1.14888,1.14903
2026-03-30T06:50:00+08:00,1.14902,1.14902,1.14891,1.14897
2026-03-30T06:55:00+08:00,1.14898,1.14919,1.1488,1.14886
2026-03-30T07:00:00+08:00,1.14886,1.14943,1.14885,1.14928
2026-03-30T07:05:00+08:00,1.14929,1.14941,1.14893,1.149
2026-03-30T07:10:00+08:00,1.14901,1.14922,1.1489,1.14894
2026-03-30T07:15:00+08:00,1.14895,1.14933,1.14895,1.14928
2026-03-30T07:20:00+08:00,1.14927,1.14948,1.14926,1.14937
2026-03-30T07:25:00+08:00,1.14938,1.1494,1.14916,1.14925
2026-03-30T07:30:00+08:00,1.14926,1.14937,1.14911,1.14913
2026-03-30T07:35:00+08:00,1.14913,1.14926,1.14902,1.14914
2026-03-30T07:40:00+08:00,1.14912,1.14918,1.149,1.14907
2026-03-30T07:45:00+08:00,1.14908,1.14922,1.14874,1.14913
2026-03-30T07:50:00+08:00,1.14913,1.1492,1.14895,1.14907
2026-03-30T07:55:00+08:00,1.14907,1.14919,1.1488,1.14919
2026-03-30T08:00:00+08:00,1.14924,1.14928,1.14896,1.14923
2026-03-30T08:05:00+08:00,1.14929,1.14977,1.14929,1.14949
2026-03-30T08:10:00+08:00,1.14948,1.14953,1.14937,1.14942
2026-03-30T08:15:00+08:00,1.14943,1.15056,1.14927,1.15052
2026-03-30T08:20:00+08:00,1.15055,1.15089,1.15047,1.15072
2026-03-30T08:25:00+08:00,1.1507,1.15107,1.15057,1.15075
2026-03-30T08:30:00+08:00,1.15073,1.15126,1.15072,1.15118
2026-03-30T08:35:00+08:00,1.15117,1.15118,1.15084,1.1509
2026-03-30T08:40:00+08:00,1.15089,1.15102,1.15079,1.15082
2026-03-30T08:45:00+08:00,1.15081,1.15089,1.15071,1.15076
2026-03-30T08:50:00+08:00,1.15075,1.15075,1.15049,1.15058
2026-03-30T08:55:00+08:00,1.15057,1.15073,1.15051,1.15069
2026-03-30T09:00:00+08:00,1.1507,1.15111,1.15069,1.15069
2026-03-30T09:05:00+08:00,1.15074,1.15092,1.15064,1.15086
2026-03-30T09:10:00+08:00,1.15085,1.15101,1.15071,1.15084
2026-03-30T09:15:00+08:00,1.15083,1.15085,1.15052,1.15061
2026-03-30T09:20:00+08:00,1.15063,1.15066,1.15033,1.15033
2026-03-30T09:25:00+08:00,1.15032,1.15065,1.15028,1.15064
2026-03-30T09:30:00+08:00,1.15068,1.15085,1.15054,1.15085
2026-03-30T09:35:00+08:00,1.15084,1.15091,1.15061,1.15066
2026-03-30T09:40:00+08:00,1.15067,1.15067,1.15038,1.15056
2026-03-30T09:45:00+08:00,1.1506,1.15068,1.15045,1.15047
2026-03-30T09:50:00+08:00,1.15047,1.15055,1.15039,1.15047
2026-03-30T09:55:00+08:00,1.15048,1.15056,1.15043,1.15049
2026-03-30T10:00:00+08:00,1.1505,1.1505,1.15015,1.15017
2026-03-30T10:05:00+08:00,1.15016,1.15045,1.15014,1.15035
2026-03-30T10:10:00+08:00,1.15036,1.15088,1.15035,1.15084
2026-03-30T10:15:00+08:00,1.15079,1.15086,1.1506,1.1506
2026-03-30T10:20:00+08:00,1.15056,1.15065,1.1505,1.15057
2026-03-30T10:25:00+08:00,1.15058,1.15068,1.15042,1.15065
2026-03-30T10:30:00+08:00,1.15067,1.15101,1.15064,1.15092
2026-03-30T10:35:00+08:00,1.15091,1.1511,1.1509,1.15104
2026-03-30T10:40:00+08:00,1.15105,1.15133,1.15105,1.15126
2026-03-30T10:45:00+08:00,1.15124,1.15143,1.1512,1.15138
2026-03-30T10:50:00+08:00,1.15136,1.15153,1.15096,1.15101
2026-03-30T10:55:00+08:00,1.15105,1.15119,1.15103,1.15114
2026-03-30T11:00:00+08:00,1.15113,1.15129,1.15101,1.15124
2026-03-30T11:05:00+08:00,1.15125,1.15157,1.15122,1.15157
2026-03-30T11:10:00+08:00,1.15159,1.15168,1.15153,1.15158
2026-03-30T11:15:00+08:00,1.15157,1.1518,1.15145,1.15178
2026-03-30T11:20:00+08:00,1.15175,1.15188,1.15173,1.15178
2026-03-30T11:25:00+08:00,1.15177,1.15185,1.15168,1.15173
2026-03-30T11:30:00+08:00,1.15172,1.15175,1.15157,1.15164
2026-03-30T11:35:00+08:00,1.15165,1.15169,1.15152,1.15156
2026-03-30T11:40:00+08:00,1.15155,1.15174,1.15153,1.15168
2026-03-30T11:45:00+08:00,1.15167,1.15169,1.15139,1.15157
2026-03-30T11:50:00+08:00,1.15155,1.1517,1.15152,1.15169
2026-03-30T11:55:00+08:00,1.15168,1.15169,1.15152,1.15158
2026-03-30T12:00:00+08:00,1.15158,1.15171,1.15151,1.15152
2026-03-30T12:05:00+08:00,1.15149,1.15165,1.15148,1.15155
2026-03-30T12:10:00+08:00,1.15157,1.15168,1.15152,1.15167
2026-03-30T12:15:00+08:00,1.15168,1.15174,1.15161,1.15163
2026-03-30T12:20:00+08:00,1.15162,1.15178,1.15162,1.15175
2026-03-30T12:25:00+08:00,1.15177,1.15213,1.15177,1.15189
2026-03-30T12:30:00+08:00,1.1519,1.1519,1.15176,1.15189
2026-03-30T12:35:00+08:00,1.15183,1.15187,1.15174,1.15181
2026-03-30T12:40:00+08:00,1.15179,1.15197,1.15173,1.15196
2026-03-30T12:45:00+08:00,1.15196,1.15198,1.15161,1.15163
2026-03-30T12:50:00+08:00,1.15162,1.15165,1.15145,1.15147
2026-03-30T12:55:00+08:00,1.15148,1.15151,1.15134,1.15138
2026-03-30T13:00:00+08:00,1.15136,1.15142,1.15126,1.15134
2026-03-30T13:05:00+08:00,1.15135,1.1515,1.15122,1.15147
2026-03-30T13:10:00+08:00,1.15148,1.15157,1.15132,1.15135
2026-03-30T13:15:00+08:00,1.15137,1.15152,1.15136,1.15141
2026-03-30T13:20:00+08:00,1.15142,1.1515,1.15138,1.15148
2026-03-30T13:25:00+08:00,1.15147,1.15147,1.1512,1.15124
2026-03-30T13:30:00+08:00,1.15123,1.15137,1.15122,1.15126
2026-03-30T13:35:00+08:00,1.15127,1.15131,1.15096,1.15101
2026-03-30T13:40:00+08:00,1.151,1.15127,1.15095,1.15124
2026-03-30T13:45:00+08:00,1.15126,1.15157,1.15119,1.15154
2026-03-30T13:50:00+08:00,1.15156,1.15169,1.15144,1.15165
2026-03-30T13:55:00+08:00,1.15164,1.15183,1.15152,1.15158
2026-03-30T14:00:00+08:00,1.15154,1.15184,1.15149,1.15183
2026-03-30T14:05:00+08:00,1.15182,1.15196,1.1517,1.1518
2026-03-30T14:10:00+08:00,1.15181,1.15181,1.15155,1.15163
2026-03-30T14:15:00+08:00,1.15162,1.15176,1.15131,1.15133
2026-03-30T14:20:00+08:00,1.15129,1.15152,1.15115,1.15136
2026-03-30T14:25:00+08:00,1.15138,1.15162,1.15134,1.15146
2026-03-30T14:30:00+08:00,1.15143,1.1516,1.15123,1.15136
2026-03-30T14:35:00+08:00,1.15137,1.15155,1.15126,1.15153
2026-03-30T14:40:00+08:00,1.15154,1.15195,1.1514,1.15192
2026-03-30T14:45:00+08:00,1.15193,1.15201,1.15172,1.15173
2026-03-30T14:50:00+08:00,1.15174,1.15174,1.15122,1.15129
2026-03-30T14:55:00+08:00,1.15132,1.15135,1.15117,1.15127
2026-03-30T15:00:00+08:00,1.15128,1.15129,1.15053,1.15058
2026-03-30T15:05:00+08:00,1.15054,1.15079,1.15029,1.15079
2026-03-30T15:10:00+08:00,1.15081,1.15081,1.15053,1.15058
2026-03-30T15:15:00+08:00,1.15057,1.15062,1.15015,1.15017
2026-03-30T15:20:00+08:00,1.15019,1.15049,1.15003,1.15034
2026-03-30T15:25:00+08:00,1.15034,1.15035,1.15002,1.15011
2026-03-30T15:30:00+08:00,1.15014,1.1502,1.14958,1.14962
2026-03-30T15:35:00+08:00,1.14963,1.14979,1.14946,1.14948
2026-03-30T15:40:00+08:00,1.14947,1.14996,1.14941,1.14985
2026-03-30T15:45:00+08:00,1.1499,1.14996,1.14939,1.14946
2026-03-30T15:50:00+08:00,1.14952,1.14993,1.14952,1.14988
2026-03-30T15:55:00+08:00,1.14989,1.14989,1.14962,1.14979
2026-03-30T16:00:00+08:00,1.14982,1.14984,1.14923,1.14961
2026-03-30T16:05:00+08:00,1.1496,1.14966,1.14926,1.14936
2026-03-30T16:10:00+08:00,1.14933,1.14959,1.14929,1.14951
2026-03-30T16:15:00+08:00,1.14952,1.14952,1.14929,1.14943
2026-03-30T16:20:00+08:00,1.14941,1.14948,1.14906,1.14927
2026-03-30T16:25:00+08:00,1.14927,1.14948,1.14917,1.14946
2026-03-30T16:30:00+08:00,1.14942,1.14988,1.14936,1.14945
2026-03-30T16:35:00+08:00,1.14941,1.14971,1.14931,1.14953
2026-03-30T16:40:00+08:00,1.14957,1.14962,1.14931,1.14939
2026-03-30T16:45:00+08:00,1.14938,1.14974,1.14927,1.14969
2026-03-30T16:50:00+08:00,1.14967,1.14988,1.14949,1.14953
2026-03-30T16:55:00+08:00,1.14952,1.14974,1.1494,1.14962
2026-03-30T17:00:00+08:00,1.14963,1.14983,1.14945,1.14963
2026-03-30T17:05:00+08:00,1.14961,1.14978,1.14921,1.14929
2026-03-30T17:10:00+08:00,1.14931,1.14931,1.14871,1.14876
2026-03-30T17:15:00+08:00,1.14877,1.14903,1.14837,1.1489
2026-03-30T17:20:00+08:00,1.14887,1.14945,1.14887,1.14939
2026-03-30T17:25:00+08:00,1.14941,1.14941,1.14889,1.14892
2026-03-30T17:30:00+08:00,1.14891,1.14899,1.14853,1.14855
2026-03-30T17:35:00+08:00,1.14856,1.14908,1.14843,1.14907
2026-03-30T17:40:00+08:00,1.149,1.14946,1.14895,1.14941
2026-03-30T17:45:00+08:00,1.14943,1.1495,1.14928,1.14943
2026-03-30T17:50:00+08:00,1.14942,1.14968,1.14935,1.14936
2026-03-30T17:55:00+08:00,1.14935,1.14961,1.14931,1.14945
2026-03-30T18:00:00+08:00,1.14946,1.14948,1.14915,1.14916
2026-03-30T18:05:00+08:00,1.14914,1.14967,1.1491,1.1496
2026-03-30T18:10:00+08:00,1.14961,1.14968,1.14936,1.14947
2026-03-30T18:15:00+08:00,1.14946,1.14968,1.14935,1.14967
2026-03-30T18:20:00+08:00,1.14966,1.14974,1.14935,1.14944
2026-03-30T18:25:00+08:00,1.14943,1.14946,1.14911,1.14919
2026-03-30T18:30:00+08:00,1.14917,1.1492,1.1488,1.14898
2026-03-30T18:35:00+08:00,1.14901,1.14928,1.14898,1.14919
2026-03-30T18:40:00+08:00,1.14913,1.14944,1.14913,1.14935
2026-03-30T18:45:00+08:00,1.14936,1.1495,1.14922,1.14924
2026-03-30T18:50:00+08:00,1.14923,1.14939,1.14915,1.14926
2026-03-30T18:55:00+08:00,1.14927,1.14927,1.14887,1.14891
2026-03-30T19:00:00+08:00,1.14892,1.14909,1.14877,1.14908
2026-03-30T19:05:00+08:00,1.14909,1.1492,1.14881,1.14912
2026-03-30T19:10:00+08:00,1.14913,1.14924,1.14887,1.14918
2026-03-30T19:15:00+08:00,1.14916,1.14924,1.14883,1.1491
2026-03-30T19:20:00+08:00,1.14911,1.14934,1.14902,1.14925
2026-03-30T19:25:00+08:00,1.14924,1.14999,1.14874,1.14921
2026-03-30T19:30:00+08:00,1.14926,1.14948,1.14895,1.14906
2026-03-30T19:35:00+08:00,1.14908,1.14917,1.14867,1.14897
2026-03-30T19:40:00+08:00,1.14898,1.14905,1.14873,1.14891
2026-03-30T19:45:00+08:00,1.1489,1.14896,1.14877,1.14885
2026-03-30T19:50:00+08:00,1.14887,1.14915,1.14881,1.14899
2026-03-30T19:55:00+08:00,1.149,1.14907,1.14839,1.14849
2026-03-30T20:00:00+08:00,1.14848,1.14851,1.14809,1.1483
2026-03-30T20:05:00+08:00,1.14829,1.14861,1.14829,1.14835
2026-03-30T20:10:00+08:00,1.14834,1.14835,1.14752,1.1476
2026-03-30T20:15:00+08:00,1.14762,1.14821,1.1473,1.14814
2026-03-30T20:20:00+08:00,1.14808,1.14829,1.14782,1.14826
2026-03-30T20:25:00+08:00,1.14825,1.14854,1.14784,1.1479
2026-03-30T20:30:00+08:00,1.14789,1.14824,1.14778,1.14818
2026-03-30T20:35:00+08:00,1.14819,1.14866,1.14819,1.1485
2026-03-30T20:40:00+08:00,1.14849,1.14853,1.14803,1.14819
2026-03-30T20:45:00+08:00,1.14818,1.14888,1.1478,1.14873
2026-03-30T20:50:00+08:00,1.14868,1.14868,1.14818,1.14851
2026-03-30T20:55:00+08:00,1.14848,1.14853,1.14818,1.14829
2026-03-30T21:00:00+08:00,1.14827,1.14878,1.14821,1.14821
2026-03-30T21:05:00+08:00,1.14822,1.14839,1.14793,1.14823
2026-03-30T21:10:00+08:00,1.14824,1.14869,1.14819,1.1486
2026-03-30T21:15:00+08:00,1.14861,1.1488,1.14849,1.14858
2026-03-30T21:20:00+08:00,1.14854,1.14863,1.1482,1.1482
2026-03-30T21:25:00+08:00,1.14817,1.14818,1.14782,1.14789
2026-03-30T21:30:00+08:00,1.14788,1.14808,1.14753,1.14757
2026-03-30T21:35:00+08:00,1.14758,1.14763,1.1473,1.14757
2026-03-30T21:40:00+08:00,1.14758,1.14758,1.14672,1.1469
2026-03-30T21:45:00+08:00,1.14689,1.14691,1.14659,1.14667
2026-03-30T21:50:00+08:00,1.14666,1.1468,1.1463,1.14633
2026-03-30T21:55:00+08:00,1.14632,1.14657,1.14621,1.14643
2026-03-30T22:00:00+08:00,1.14642,1.14671,1.14625,1.14652
2026-03-30T22:05:00+08:00,1.14656,1.14656,1.14599,1.1462
2026-03-30T22:10:00+08:00,1.14621,1.14639,1.14601,1.1463
2026-03-30T22:15:00+08:00,1.14631,1.14632,1.14583,1.14587
2026-03-30T22:20:00+08:00,1.1459,1.14592,1.14551,1.14591
2026-03-30T22:25:00+08:00,1.14592,1.14597,1.14557,1.14571
2026-03-30T22:30:00+08:00,1.1457,1.14633,1.14566,1.14616
2026-03-30T22:35:00+08:00,1.14617,1.14646,1.14599,1.14631
2026-03-30T22:40:00+08:00,1.14629,1.14658,1.14626,1.14652
2026-03-30T22:45:00+08:00,1.14653,1.14703,1.14627,1.14636
2026-03-30T22:50:00+08:00,1.14639,1.14687,1.14639,1.1468
2026-03-30T22:55:00+08:00,1.14679,1.14689,1.14643,1.1465
2026-03-30T23:00:00+08:00,1.14651,1.14659,1.14608,1.14623
2026-03-30T23:05:00+08:00,1.14626,1.14634,1.14531,1.14542
2026-03-30T23:10:00+08:00,1.14541,1.14541,1.14459,1.14461
2026-03-30T23:15:00+08:00,1.14461,1.14516,1.14431,1.14515
2026-03-30T23:20:00+08:00,1.14517,1.14531,1.14491,1.14526
2026-03-30T23:25:00+08:00,1.1453,1.14547,1.14487,1.145
2026-03-30T23:30:00+08:00,1.14497,1.14536,1.14489,1.1453
2026-03-30T23:35:00+08:00,1.14531,1.1456,1.14517,1.14551
2026-03-30T23:40:00+08:00,1.14552,1.14588,1.14545,1.14578
2026-03-30T23:45:00+08:00,1.14581,1.14582,1.14523,1.14566
2026-03-30T23:50:00+08:00,1.14563,1.14576,1.14533,1.1454
2026-03-30T23:55:00+08:00,1.14539,1.14557,1.14532,1.14538
2026-03-31T00:00:00+08:00,1.14534,1.14546,1.14501,1.14517
2026-03-31T00:05:00+08:00,1.14516,1.14551,1.14512,1.14522
2026-03-31T00:10:00+08:00,1.14521,1.14541,1.14513,1.14521
2026-03-31T00:15:00+08:00,1.14523,1.14526,1.14504,1.14509
2026-03-31T00:20:00+08:00,1.1451,1.14525,1.14502,1.14515
2026-03-31T00:25:00+08:00,1.14516,1.14549,1.14506,1.14507
2026-03-31T00:30:00+08:00,1.14502,1.14538,1.14474,1.1451
2026-03-31T00:35:00+08:00,1.14517,1.14543,1.14515,1.1453
2026-03-31T00:40:00+08:00,1.14531,1.14579,1.14525,1.14578
2026-03-31T00:45:00+08:00,1.14576,1.14593,1.14573,1.14585
2026-03-31T00:50:00+08:00,1.14586,1.1459,1.14566,1.14569
2026-03-31T00:55:00+08:00,1.14567,1.14611,1.1455,1.14602
2026-03-31T01:00:00+08:00,1.14602,1.1463,1.14596,1.14618
2026-03-31T01:05:00+08:00,1.14619,1.14641,1.14609,1.14626
2026-03-31T01:10:00+08:00,1.14628,1.1463,1.14564,1.14573
2026-03-31T01:15:00+08:00,1.14575,1.14603,1.14556,1.14588
2026-03-31T01:20:00+08:00,1.14586,1.14605,1.14561,1.14605
2026-03-31T01:25:00+08:00,1.14604,1.14634,1.14604,1.14606
2026-03-31T01:30:00+08:00,1.14607,1.14613,1.14588,1.14589
2026-03-31T01:35:00+08:00,1.1459,1.1462,1.14579,1.14612
2026-03-31T01:40:00+08:00,1.14611,1.14629,1.14603,1.14628
2026-03-31T01:45:00+08:00,1.14629,1.14652,1.14588,1.14596
2026-03-31T01:50:00+08:00,1.14598,1.1461,1.14593,1.14596
2026-03-31T01:55:00+08:00,1.14597,1.14597,1.14562,1.14576
2026-03-31T02:00:00+08:00,1.14574,1.14636,1.14568,1.1461
2026-03-31T02:05:00+08:00,1.14613,1.14627,1.14606,1.1462
2026-03-31T02:10:00+08:00,1.14618,1.14635,1.14618,1.14628
2026-03-31T02:15:00+08:00,1.14629,1.14644,1.1461,1.14636
2026-03-31T02:20:00+08:00,1.14634,1.14647,1.14626,1.14629
2026-03-31T02:25:00+08:00,1.1463,1.14636,1.14621,1.14636
2026-03-31T02:30:00+08:00,1.14638,1.14652,1.14635,1.14636
2026-03-31T02:35:00+08:00,1.14637,1.14663,1.1463,1.1463
2026-03-31T02:40:00+08:00,1.14629,1.14647,1.14629,1.1464
2026-03-31T02:45:00+08:00,1.14645,1.1466,1.14639,1.14652
2026-03-31T02:50:00+08:00,1.14649,1.1465,1.14626,1.14644
2026-03-31T02:55:00+08:00,1.14643,1.1465,1.14601,1.14612
2026-03-31T03:00:00+08:00,1.14609,1.14625,1.1459,1.14599
2026-03-31T03:05:00+08:00,1.14598,1.14605,1.14569,1.1458
2026-03-31T03:10:00+08:00,1.14579,1.14581,1.14538,1.14556
2026-03-31T03:15:00+08:00,1.14557,1.14565,1.14547,1.1456
2026-03-31T03:20:00+08:00,1.14559,1.14575,1.14553,1.14564
2026-03-31T03:25:00+08:00,1.14566,1.14568,1.14552,1.14565
2026-03-31T03:30:00+08:00,1.14564,1.14578,1.14561,1.14574
2026-03-31T03:35:00+08:00,1.14574,1.14598,1.14574,1.14591
2026-03-31T03:40:00+08:00,1.14592,1.14599,1.14579,1.14595
2026-03-31T03:45:00+08:00,1.14594,1.14604,1.14582,1.14584
2026-03-31T03:50:00+08:00,1.14587,1.146,1.1458,1.14598
2026-03-31T03:55:00+08:00,1.14597,1.14609,1.14577,1.14597
2026-03-31T04:00:00+08:00,1.14598,1.14616,1.1459,1.14615
2026-03-31T04:05:00+08:00,1.14616,1.14629,1.14615,1.14628
2026-03-31T04:10:00+08:00,1.14629,1.14629,1.14597,1.14604
2026-03-31T04:15:00+08:00,1.14603,1.14608,1.14591,1.14598
2026-03-31T04:20:00+08:00,1.14597,1.14603,1.1458,1.14582
2026-03-31T04:25:00+08:00,1.14583,1.14584,1.14571,1.1458
2026-03-31T04:30:00+08:00,1.14583,1.14597,1.14572,1.14594
2026-03-31T04:35:00+08:00,1.14593,1.14597,1.14585,1.14593
2026-03-31T04:40:00+08:00,1.14594,1.14596,1.14573,1.14592
2026-03-31T04:45:00+08:00,1.14593,1.14593,1.14575,1.14578
2026-03-31T04:50:00+08:00,1.14579,1.14605,1.14578,1.14596
2026-03-31T04:55:00+08:00,1.14595,1.14631,1.14595,1.14618
2026-03-31T05:00:00+08:00,1.14641,1.14681,1.14557,1.1456
2026-03-31T05:05:00+08:00,1.14568,1.14582,1.14561,1.14574
2026-03-31T05:10:00+08:00,1.14574,1.14575,1.1456,1.14562
2026-03-31T05:15:00+08:00,1.14567,1.1457,1.14562,1.1457
2026-03-31T05:20:00+08:00,1.14569,1.14575,1.14567,1.14569
2026-03-31T05:25:00+08:00,1.14575,1.14577,1.14568,1.14569
2026-03-31T05:30:00+08:00,1.14571,1.14589,1.14566,1.14585
2026-03-31T05:35:00+08:00,1.14586,1.14649,1.14586,1.14641
2026-03-31T05:40:00+08:00,1.14639,1.14652,1.14638,1.14651
2026-03-31T05:45:00+08:00,1.14642,1.14653,1.14624,1.14625
2026-03-31T05:50:00+08:00,1.14624,1.14631,1.14624,1.14628
2026-03-31T05:55:00+08:00,1.14628,1.14635,1.14607,1.14609
2026-03-31T06:00:00+08:00,1.14624,1.14657,1.14616,1.1465
2026-03-31T06:05:00+08:00,1.14649,1.1465,1.14639,1.14641
2026-03-31T06:10:00+08:00,1.14642,1.14643,1.1462,1.14627
2026-03-31T06:15:00+08:00,1.14628,1.14644,1.14621,1.14624
2026-03-31T06:20:00+08:00,1.14623,1.14628,1.14615,1.14622
2026-03-31T06:25:00+08:00,1.14623,1.14635,1.14616,1.14629
2026-03-31T06:30:00+08:00,1.14629,1.1463,1.14611,1.14618
2026-03-31T06:35:00+08:00,1.14619,1.14629,1.14617,1.14625
2026-03-31T06:40:00+08:00,1.14624,1.14625,1.14615,1.14615
2026-03-31T06:45:00+08:00,1.14617,1.1462,1.14615,1.1462
2026-03-31T06:50:00+08:00,1.14619,1.14622,1.14609,1.14614
2026-03-31T06:55:00+08:00,1.14614,1.14614,1.14594,1.14596
2026-03-31T07:00:00+08:00,1.14595,1.14595,1.14537,1.14546
2026-03-31T07:05:00+08:00,1.14545,1.14553,1.14532,1.14533
2026-03-31T07:10:00+08:00,1.14534,1.14555,1.14522,1.14525
2026-03-31T07:15:00+08:00,1.14527,1.1455,1.14526,1.14538
2026-03-31T07:20:00+08:00,1.14543,1.14556,1.14536,1.14555
2026-03-31T07:25:00+08:00,1.14554,1.14555,1.14542,1.14548
2026-03-31T07:30:00+08:00,1.14549,1.14549,1.14536,1.14537
2026-03-31T07:35:00+08:00,1.14539,1.1456,1.14538,1.14554
2026-03-31T07:40:00+08:00,1.14552,1.14571,1.14548,1.1457
2026-03-31T07:45:00+08:00,1.14569,1.14571,1.14559,1.14569
2026-03-31T07:50:00+08:00,1.14569,1.14569,1.14548,1.14548
2026-03-31T07:55:00+08:00,1.14549,1.14567,1.14546,1.14567
2026-03-31T08:00:00+08:00,1.14573,1.14593,1.14544,1.14557
2026-03-31T08:05:00+08:00,1.14558,1.1456,1.14545,1.14549
2026-03-31T08:10:00+08:00,1.1455,1.14555,1.14514,1.14516
2026-03-31T08:15:00+08:00,1.14517,1.14521,1.14503,1.14515
2026-03-31T08:20:00+08:00,1.14514,1.14521,1.14475,1.14506
2026-03-31T08:25:00+08:00,1.14504,1.14537,1.14499,1.1453
2026-03-31T08:30:00+08:00,1.14531,1.14536,1.14502,1.14503
2026-03-31T08:35:00+08:00,1.14508,1.1462,1.14508,1.14584
2026-03-31T08:40:00+08:00,1.1458,1.14642,1.14562,1.14635
2026-03-31T08:45:00+08:00,1.14634,1.1474,1.14633,1.14711
2026-03-31T08:50:00+08:00,1.1471,1.14745,1.14709,1.1472
2026-03-31T08:55:00+08:00,1.14716,1.14761,1.14714,1.14747
2026-03-31T09:00:00+08:00,1.14746,1.1477,1.14734,1.14749
2026-03-31T09:05:00+08:00,1.14749,1.14755,1.14732,1.14755
2026-03-31T09:10:00+08:00,1.14756,1.14777,1.14754,1.14775
2026-03-31T09:15:00+08:00,1.14776,1.14817,1.1477,1.14815
2026-03-31T09:20:00+08:00,1.14816,1.14859,1.14798,1.14855
2026-03-31T09:25:00+08:00,1.14857,1.14898,1.14853,1.14892
2026-03-31T09:30:00+08:00,1.14893,1.1491,1.14859,1.14869
2026-03-31T09:35:00+08:00,1.14869,1.14878,1.14838,1.14863
2026-03-31T09:40:00+08:00,1.14863,1.14865,1.14834,1.14838
2026-03-31T09:45:00+08:00,1.14839,1.14846,1.14799,1.148
2026-03-31T09:50:00+08:00,1.14801,1.14821,1.14786,1.14796
2026-03-31T09:55:00+08:00,1.14797,1.14802,1.14754,1.14762
2026-03-31T10:00:00+08:00,1.14763,1.14763,1.14735,1.14753
2026-03-31T10:05:00+08:00,1.14754,1.14776,1.14752,1.14767
2026-03-31T10:10:00+08:00,1.14768,1.14768,1.14751,1.14764
2026-03-31T10:15:00+08:00,1.14761,1.14779,1.14753,1.14764
2026-03-31T10:20:00+08:00,1.14765,1.1478,1.14756,1.14764
2026-03-31T10:25:00+08:00,1.14765,1.14777,1.14759,1.14768
2026-03-31T10:30:00+08:00,1.14767,1.1477,1.14731,1.14741
2026-03-31T10:35:00+08:00,1.14742,1.1476,1.14738,1.1475
2026-03-31T10:40:00+08:00,1.14749,1.14758,1.14733,1.14754
2026-03-31T10:45:00+08:00,1.14753,1.14764,1.14747,1.14762
2026-03-31T10:50:00+08:00,1.14763,1.14798,1.14763,1.14782
2026-03-31T10:55:00+08:00,1.14781,1.14782,1.14758,1.14759
2026-03-31T11:00:00+08:00,1.1476,1.14762,1.14737,1.14738
2026-03-31T11:05:00+08:00,1.14739,1.14762,1.14738,1.1475
2026-03-31T11:10:00+08:00,1.14751,1.14764,1.14738,1.1474
2026-03-31T11:15:00+08:00,1.1474,1.14743,1.14708,1.1471
2026-03-31T11:20:00+08:00,1.14709,1.14731,1.14708,1.14711
2026-03-31T11:25:00+08:00,1.14712,1.14732,1.1471,1.14723
2026-03-31T11:30:00+08:00,1.14724,1.14736,1.14721,1.14727
2026-03-31T11:35:00+08:00,1.14725,1.14726,1.14714,1.14716
2026-03-31T11:40:00+08:00,1.14717,1.14717,1.14703,1.14708
2026-03-31T11:45:00+08:00,1.14707,1.14711,1.14663,1.14675
2026-03-31T11:50:00+08:00,1.14678,1.14696,1.14677,1.14685
2026-03-31T11:55:00+08:00,1.14686,1.14698,1.14683,1.14696
2026-03-31T12:00:00+08:00,1.14697,1.14711,1.14696,1.14709
2026-03-31T12:05:00+08:00,1.14708,1.14714,1.14703,1.14709
2026-03-31T12:10:00+08:00,1.1471,1.14716,1.14702,1.14706
2026-03-31T12:15:00+08:00,1.14707,1.14712,1.14702,1.1471
2026-03-31T12:20:00+08:00,1.14711,1.14714,1.14701,1.14707
2026-03-31T12:25:00+08:00,1.14707,1.14723,1.14704,1.14713
2026-03-31T12:30:00+08:00,1.14714,1.14727,1.14712,1.14721
2026-03-31T12:35:00+08:00,1.1472,1.14729,1.14715,1.1472
2026-03-31T12:40:00+08:00,1.14717,1.1472,1.14703,1.14707
2026-03-31T12:45:00+08:00,1.14706,1.14708,1.14688,1.14694
2026-03-31T12:50:00+08:00,1.14693,1.14716,1.14693,1.14711
2026-03-31T12:55:00+08:00,1.14712,1.14715,1.1469,1.14692
2026-03-31T13:00:00+08:00,1.14693,1.14715,1.14685,1.14711
2026-03-31T13:05:00+08:00,1.1471,1.14713,1.14688,1.14695
2026-03-31T13:10:00+08:00,1.14696,1.14696,1.1463,1.1463
2026-03-31T13:15:00+08:00,1.14632,1.14669,1.14627,1.14666
2026-03-31T13:20:00+08:00,1.14665,1.14689,1.1466,1.14681
2026-03-31T13:25:00+08:00,1.14682,1.14697,1.14676,1.14682
2026-03-31T13:30:00+08:00,1.14685,1.14697,1.14671,1.14693
2026-03-31T13:35:00+08:00,1.14696,1.14702,1.1468,1.14688
2026-03-31T13:40:00+08:00,1.14687,1.14687,1.14659,1.14665
2026-03-31T13:45:00+08:00,1.14663,1.14697,1.14657,1.14695
2026-03-31T13:50:00+08:00,1.147,1.14706,1.14673,1.14676
2026-03-31T13:55:00+08:00,1.14675,1.14675,1.14623,1.14646
2026-03-31T14:00:00+08:00,1.14643,1.14643,1.14609,1.1463
2026-03-31T14:05:00+08:00,1.1463,1.1464,1.14605,1.14628
2026-03-31T14:10:00+08:00,1.14627,1.14663,1.14627,1.1465
2026-03-31T14:15:00+08:00,1.14648,1.14658,1.14635,1.14641
2026-03-31T14:20:00+08:00,1.14638,1.14658,1.14628,1.14647
2026-03-31T14:25:00+08:00,1.14648,1.14715,1.14647,1.14703
2026-03-31T14:30:00+08:00,1.14692,1.14715,1.14691,1.14705
2026-03-31T14:35:00+08:00,1.14706,1.14713,1.14685,1.14697
2026-03-31T14:40:00+08:00,1.14696,1.147,1.14655,1.14673
2026-03-31T14:45:00+08:00,1.14672,1.14677,1.14654,1.14667
2026-03-31T14:50:00+08:00,1.14666,1.14712,1.14659,1.14712
2026-03-31T14:55:00+08:00,1.14711,1.14745,1.14708,1.14721
2026-03-31T15:00:00+08:00,1.14718,1.14729,1.14685,1.14711
2026-03-31T15:05:00+08:00,1.14712,1.14743,1.14706,1.14709
2026-03-31T15:10:00+08:00,1.14707,1.14715,1.14665,1.14666
2026-03-31T15:15:00+08:00,1.14662,1.14684,1.14628,1.14647
2026-03-31T15:20:00+08:00,1.14648,1.14684,1.14646,1.14661
2026-03-31T15:25:00+08:00,1.14659,1.14689,1.14649,1.1467
2026-03-31T15:30:00+08:00,1.14677,1.14705,1.14675,1.14681
2026-03-31T15:35:00+08:00,1.14682,1.14705,1.14681,1.14689
2026-03-31T15:40:00+08:00,1.14688,1.14707,1.14674,1.14693
2026-03-31T15:45:00+08:00,1.14687,1.14716,1.14672,1.14698
2026-03-31T15:50:00+08:00,1.14696,1.14699,1.14674,1.14677
2026-03-31T15:55:00+08:00,1.14676,1.14723,1.14674,1.14723
2026-03-31T16:00:00+08:00,1.14722,1.14739,1.14707,1.14738
2026-03-31T16:05:00+08:00,1.14736,1.14738,1.14706,1.14709
2026-03-31T16:10:00+08:00,1.14708,1.14711,1.14667,1.14673
2026-03-31T16:15:00+08:00,1.14672,1.14678,1.14648,1.14648
2026-03-31T16:20:00+08:00,1.14649,1.14674,1.14645,1.14664
2026-03-31T16:25:00+08:00,1.14668,1.14684,1.14642,1.14681
2026-03-31T16:30:00+08:00,1.1468,1.14707,1.14667,1.14667
2026-03-31T16:35:00+08:00,1.14669,1.14707,1.14669,1.14689
2026-03-31T16:40:00+08:00,1.14689,1.1473,1.14686,1.14729
2026-03-31T16:45:00+08:00,1.14732,1.14747,1.14712,1.14738
2026-03-31T16:50:00+08:00,1.14739,1.14757,1.14698,1.14707
2026-03-31T16:55:00+08:00,1.14708,1.14709,1.14665,1.14671
2026-03-31T17:00:00+08:00,1.14671,1.14679,1.14622,1.14673
2026-03-31T17:05:00+08:00,1.14674,1.14689,1.14652,1.14655
2026-03-31T17:10:00+08:00,1.14657,1.1469,1.14656,1.14686
2026-03-31T17:15:00+08:00,1.14688,1.14694,1.14657,1.14693
2026-03-31T17:20:00+08:00,1.14692,1.1473,1.14685,1.14727
2026-03-31T17:25:00+08:00,1.14725,1.14735,1.14709,1.14721
2026-03-31T17:30:00+08:00,1.14723,1.14724,1.14687,1.14694
2026-03-31T17:35:00+08:00,1.14694,1.14714,1.14678,1.14682
2026-03-31T17:40:00+08:00,1.14681,1.14695,1.14672,1.1469
2026-03-31T17:45:00+08:00,1.14689,1.1469,1.14661,1.14672
2026-03-31T17:50:00+08:00,1.14671,1.14685,1.14663,1.14678
2026-03-31T17:55:00+08:00,1.14679,1.14685,1.14657,1.14683
2026-03-31T18:00:00+08:00,1.14684,1.14699,1.14665,1.14678
2026-03-31T18:05:00+08:00,1.14677,1.14692,1.14672,1.14678
2026-03-31T18:10:00+08:00,1.14677,1.14689,1.14655,1.14657
2026-03-31T18:15:00+08:00,1.14655,1.14667,1.14637,1.14646
2026-03-31T18:20:00+08:00,1.14644,1.14658,1.14636,1.14654
2026-03-31T18:25:00+08:00,1.14653,1.14673,1.14646,1.14673
2026-03-31T18:30:00+08:00,1.14672,1.14685,1.14666,1.14676
2026-03-31T18:35:00+08:00,1.14675,1.14677,1.14642,1.14652
2026-03-31T18:40:00+08:00,1.14653,1.14661,1.14645,1.14648
2026-03-31T18:45:00+08:00,1.14646,1.14648,1.14594,1.14597
2026-03-31T18:50:00+08:00,1.14592,1.14634,1.14585,1.14621
2026-03-31T18:55:00+08:00,1.14622,1.14634,1.1458,1.14591
2026-03-31T19:00:00+08:00,1.1459,1.14598,1.14575,1.14597
2026-03-31T19:05:00+08:00,1.14596,1.14603,1.1458,1.1459
2026-03-31T19:10:00+08:00,1.14591,1.14712,1.14583,1.14616
2026-03-31T19:15:00+08:00,1.14617,1.14663,1.14603,1.14644
2026-03-31T19:20:00+08:00,1.14643,1.14693,1.14629,1.14693
2026-03-31T19:25:00+08:00,1.14693,1.14852,1.14692,1.14747
2026-03-31T19:30:00+08:00,1.14746,1.14758,1.14721,1.14743
2026-03-31T19:35:00+08:00,1.14742,1.14802,1.14735,1.14795
2026-03-31T19:40:00+08:00,1.14795,1.14866,1.1479,1.14864
2026-03-31T19:45:00+08:00,1.14863,1.14893,1.1484,1.14866
2026-03-31T19:50:00+08:00,1.14865,1.14887,1.14826,1.14868
2026-03-31T19:55:00+08:00,1.14869,1.14913,1.14867,1.14913
2026-03-31T20:00:00+08:00,1.14911,1.14978,1.14911,1.14966
2026-03-31T20:05:00+08:00,1.14966,1.15016,1.14952,1.1498
2026-03-31T20:10:00+08:00,1.14983,1.14983,1.14871,1.1492
2026-03-31T20:15:00+08:00,1.14916,1.15005,1.14897,1.15002
2026-03-31T20:20:00+08:00,1.14998,1.15003,1.1495,1.14954
2026-03-31T20:25:00+08:00,1.14955,1.15042,1.14955,1.1504
2026-03-31T20:30:00+08:00,1.15035,1.15076,1.15021,1.15065
2026-03-31T20:35:00+08:00,1.15068,1.15098,1.15054,1.1506
2026-03-31T20:40:00+08:00,1.15062,1.15079,1.15026,1.15079
2026-03-31T20:45:00+08:00,1.15077,1.15098,1.15038,1.1505
2026-03-31T20:50:00+08:00,1.15055,1.15087,1.1503,1.15068
2026-03-31T20:55:00+08:00,1.15069,1.15076,1.15021,1.1503
2026-03-31T21:00:00+08:00,1.1503,1.15041,1.15017,1.1502
2026-03-31T21:05:00+08:00,1.15019,1.15127,1.15008,1.15127
2026-03-31T21:10:00+08:00,1.15125,1.15138,1.15079,1.15095
2026-03-31T21:15:00+08:00,1.15094,1.15167,1.15094,1.15165
2026-03-31T21:20:00+08:00,1.15164,1.15191,1.15134,1.15134
2026-03-31T21:25:00+08:00,1.15133,1.15162,1.15113,1.15143
2026-03-31T21:30:00+08:00,1.15141,1.15184,1.15102,1.15149
2026-03-31T21:35:00+08:00,1.15148,1.15163,1.15129,1.1515
2026-03-31T21:40:00+08:00,1.15152,1.15173,1.15143,1.15164
2026-03-31T21:45:00+08:00,1.15165,1.15205,1.15146,1.15183
2026-03-31T21:50:00+08:00,1.15182,1.15325,1.15175,1.15308
2026-03-31T21:55:00+08:00,1.15307,1.15326,1.15282,1.15321
2026-03-31T22:00:00+08:00,1.1532,1.15334,1.15262,1.15269
2026-03-31T22:05:00+08:00,1.15267,1.15268,1.15213,1.15226
2026-03-31T22:10:00+08:00,1.15227,1.1527,1.15207,1.15255
2026-03-31T22:15:00+08:00,1.15254,1.15292,1.15242,1.15288
2026-03-31T22:20:00+08:00,1.15291,1.15291,1.15236,1.15279
2026-03-31T22:25:00+08:00,1.1528,1.15346,1.15251,1.15345
2026-03-31T22:30:00+08:00,1.15346,1.15404,1.15339,1.15376
2026-03-31T22:35:00+08:00,1.15374,1.15387,1.15232,1.15239
2026-03-31T22:40:00+08:00,1.15238,1.15269,1.15186,1.15191
2026-03-31T22:45:00+08:00,1.1519,1.15258,1.15173,1.15217
2026-03-31T22:50:00+08:00,1.15216,1.15294,1.15194,1.15207
2026-03-31T22:55:00+08:00,1.15202,1.1523,1.15112,1.15203
2026-03-31T23:00:00+08:00,1.15202,1.15249,1.15166,1.15206
2026-03-31T23:05:00+08:00,1.15206,1.15264,1.15182,1.15257
2026-03-31T23:10:00+08:00,1.15256,1.15323,1.1525,1.15305
2026-03-31T23:15:00+08:00,1.15309,1.1533,1.15292,1.15327
2026-03-31T23:20:00+08:00,1.15325,1.15325,1.15237,1.15304
2026-03-31T23:25:00+08:00,1.15302,1.15319,1.15238,1.15247
2026-03-31T23:30:00+08:00,1.1525,1.15255,1.15162,1.15183
2026-03-31T23:35:00+08:00,1.15187,1.15223,1.15173,1.15219
2026-03-31T23:40:00+08:00,1.15209,1.15213,1.15157,1.15159
2026-03-31T23:45:00+08:00,1.15161,1.15225,1.15141,1.15223
2026-03-31T23:50:00+08:00,1.15224,1.15244,1.15175,1.15179
2026-03-31T23:55:00+08:00,1.15181,1.15181,1.15115,1.15173
2026-04-01T00:00:00+08:00,1.15171,1.1526,1.15161,1.15254
2026-04-01T00:05:00+08:00,1.15252,1.15259,1.1519,1.15194
2026-04-01T00:10:00+08:00,1.15191,1.15214,1.15168,1.15204
2026-04-01T00:15:00+08:00,1.15202,1.15215,1.15154,1.1516
2026-04-01T00:20:00+08:00,1.15159,1.15219,1.1514,1.15219
2026-04-01T00:25:00+08:00,1.1522,1.1523,1.15204,1.15226
2026-04-01T00:30:00+08:00,1.15227,1.15296,1.15225,1.15273
2026-04-01T00:35:00+08:00,1.15272,1.15363,1.15236,1.15363
2026-04-01T00:40:00+08:00,1.15361,1.15595,1.15361,1.15468
2026-04-01T00:45:00+08:00,1.15468,1.15485,1.15332,1.15388
2026-04-01T00:50:00+08:00,1.15385,1.15476,1.15356,1.15388
2026-04-01T00:55:00+08:00,1.15391,1.15427,1.15362,1.15405
2026-04-01T01:00:00+08:00,1.15404,1.15541,1.15401,1.15484
2026-04-01T01:05:00+08:00,1.15489,1.1554,1.15441,1.15466
2026-04-01T01:10:00+08:00,1.15468,1.15527,1.15442,1.15519
2026-04-01T01:15:00+08:00,1.15515,1.15535,1.15468,1.155
2026-04-01T01:20:00+08:00,1.15503,1.15556,1.15484,1.15549
2026-04-01T01:25:00+08:00,1.15551,1.15556,1.15473,1.1548
2026-04-01T01:30:00+08:00,1.15482,1.15531,1.15466,1.15528
2026-04-01T01:35:00+08:00,1.15523,1.15536,1.15437,1.15491
2026-04-01T01:40:00+08:00,1.15489,1.15533,1.15484,1.15528
2026-04-01T01:45:00+08:00,1.15529,1.15568,1.15505,1.15531
2026-04-01T01:50:00+08:00,1.15532,1.15545,1.15502,1.15511
2026-04-01T01:55:00+08:00,1.1551,1.15511,1.1539,1.154
2026-04-01T02:00:00+08:00,1.15398,1.15441,1.15385,1.15419
2026-04-01T02:05:00+08:00,1.15421,1.15483,1.15417,1.15467
2026-04-01T02:10:00+08:00,1.15466,1.15492,1.15437,1.15481
2026-04-01T02:15:00+08:00,1.15482,1.15508,1.15474,1.15479
2026-04-01T02:20:00+08:00,1.15483,1.15492,1.15444,1.15448
2026-04-01T02:25:00+08:00,1.15446,1.15491,1.15423,1.15475
2026-04-01T02:30:00+08:00,1.15476,1.15485,1.15415,1.15421
2026-04-01T02:35:00+08:00,1.1542,1.15469,1.15413,1.15439
2026-04-01T02:40:00+08:00,1.15437,1.15442,1.15405,1.15441
2026-04-01T02:45:00+08:00,1.15442,1.15467,1.15384,1.15399
2026-04-01T02:50:00+08:00,1.154,1.15442,1.15398,1.15437
2026-04-01T02:55:00+08:00,1.15438,1.15481,1.1543,1.15448
2026-04-01T03:00:00+08:00,1.15446,1.15467,1.15425,1.1544
2026-04-01T03:05:00+08:00,1.15441,1.15441,1.15389,1.15392
2026-04-01T03:10:00+08:00,1.1539,1.1543,1.15389,1.1543
2026-04-01T03:15:00+08:00,1.1543,1.15444,1.15415,1.15426
2026-04-01T03:20:00+08:00,1.15427,1.15452,1.15421,1.15422
2026-04-01T03:25:00+08:00,1.15426,1.15434,1.15413,1.1543
2026-04-01T03:30:00+08:00,1.15433,1.15485,1.1543,1.15478
2026-04-01T03:35:00+08:00,1.15479,1.15548,1.15478,1.15544
2026-04-01T03:40:00+08:00,1.15544,1.15547,1.15504,1.15516
2026-04-01T03:45:00+08:00,1.15516,1.15566,1.15512,1.15559
2026-04-01T03:50:00+08:00,1.15557,1.15588,1.1555,1.15586
2026-04-01T03:55:00+08:00,1.15578,1.15597,1.15573,1.15588
2026-04-01T04:00:00+08:00,1.15592,1.15627,1.15587,1.15616
2026-04-01T04:05:00+08:00,1.15612,1.15636,1.15607,1.15614
2026-04-01T04:10:00+08:00,1.15615,1.15615,1.15577,1.15586
2026-04-01T04:15:00+08:00,1.15587,1.15597,1.15577,1.15577
2026-04-01T04:20:00+08:00,1.15578,1.15598,1.15577,1.15592
2026-04-01T04:25:00+08:00,1.15592,1.15593,1.15566,1.15572
2026-04-01T04:30:00+08:00,1.15571,1.15583,1.15538,1.15559
2026-04-01T04:35:00+08:00,1.15556,1.15571,1.15551,1.15552
2026-04-01T04:40:00+08:00,1.15548,1.15557,1.15546,1.1555
2026-04-01T04:45:00+08:00,1.1555,1.15551,1.15529,1.15536
2026-04-01T04:50:00+08:00,1.15537,1.15548,1.15529,1.15536
2026-04-01T04:55:00+08:00,1.15536,1.15543,1.15523,1.15531
2026-04-01T05:00:00+08:00,1.15502,1.15519,1.15502,1.15514
2026-04-01T05:05:00+08:00,1.15513,1.15539,1.15513,1.15538
2026-04-01T05:10:00+08:00,1.15534,1.15542,1.15534,1.15538
2026-04-01T05:15:00+08:00,1.15537,1.1554,1.15536,1.15537
2026-04-01T05:20:00+08:00,1.15537,1.1554,1.15535,1.15536
2026-04-01T05:25:00+08:00,1.15534,1.15537,1.15521,1.15526
2026-04-01T05:30:00+08:00,1.15525,1.15529,1.15523,1.15527
2026-04-01T05:35:00+08:00,1.15528,1.15533,1.15516,1.15518
2026-04-01T05:40:00+08:00,1.15518,1.15533,1.15517,1.15527
2026-04-01T05:45:00+08:00,1.15527,1.15528,1.15519,1.15527
2026-04-01T05:50:00+08:00,1.15527,1.15532,1.15519,1.1553
2026-04-01T05:55:00+08:00,1.15529,1.15541,1.15523,1.15531
2026-04-01T06:00:00+08:00,1.15541,1.15596,1.15534,1.15561
2026-04-01T06:05:00+08:00,1.1556,1.15572,1.15527,1.15534
2026-04-01T06:10:00+08:00,1.15535,1.15551,1.15531,1.1555
2026-04-01T06:15:00+08:00,1.1555,1.15569,1.1555,1.15559
2026-04-01T06:20:00+08:00,1.15558,1.15561,1.15533,1.15543
2026-04-01T06:25:00+08:00,1.15545,1.15558,1.15533,1.15552
2026-04-01T06:30:00+08:00,1.1555,1.1557,1.15549,1.15554
2026-04-01T06:35:00+08:00,1.15554,1.15582,1.15546,1.15582
2026-04-01T06:40:00+08:00,1.15581,1.15582,1.15569,1.1557
2026-04-01T06:45:00+08:00,1.15571,1.15586,1.1556,1.15585
2026-04-01T06:50:00+08:00,1.15581,1.15583,1.15576,1.15582
2026-04-01T06:55:00+08:00,1.15583,1.15593,1.15579,1.15587
2026-04-01T07:00:00+08:00,1.15587,1.1559,1.1557,1.15576
2026-04-01T07:05:00+08:00,1.15576,1.15602,1.15572,1.15598
2026-04-01T07:10:00+08:00,1.15598,1.15611,1.15585,1.15606
2026-04-01T07:15:00+08:00,1.15607,1.15635,1.15604,1.1563
2026-04-01T07:20:00+08:00,1.15629,1.15648,1.15624,1.15647
2026-04-01T07:25:00+08:00,1.15648,1.15677,1.15646,1.15664
2026-04-01T07:30:00+08:00,1.15662,1.15671,1.15649,1.15667
2026-04-01T07:35:00+08:00,1.15666,1.15669,1.15652,1.15665
2026-04-01T07:40:00+08:00,1.15664,1.15667,1.15652,1.1566
2026-04-01T07:45:00+08:00,1.15661,1.1568,1.15651,1.15679
2026-04-01T07:50:00+08:00,1.15678,1.15707,1.15678,1.15705
2026-04-01T07:55:00+08:00,1.15704,1.15746,1.15704,1.15738
2026-04-01T08:00:00+08:00,1.15734,1.15734,1.15693,1.15734
2026-04-01T08:05:00+08:00,1.15735,1.15746,1.15724,1.15727
2026-04-01T08:10:00+08:00,1.15724,1.15739,1.15711,1.15736
2026-04-01T08:15:00+08:00,1.15737,1.15789,1.15735,1.15774
2026-04-01T08:20:00+08:00,1.15774,1.15779,1.15753,1.15763
2026-04-01T08:25:00+08:00,1.15763,1.15768,1.15743,1.15766
2026-04-01T08:30:00+08:00,1.15767,1.15778,1.15757,1.15761
2026-04-01T08:35:00+08:00,1.15761,1.15769,1.15749,1.15767
2026-04-01T08:40:00+08:00,1.15763,1.15777,1.15762,1.15765
2026-04-01T08:45:00+08:00,1.15764,1.15766,1.15725,1.15725
2026-04-01T08:50:00+08:00,1.15726,1.15745,1.15709,1.15743
2026-04-01T08:55:00+08:00,1.15745,1.15755,1.15722,1.15746
2026-04-01T09:00:00+08:00,1.15748,1.15755,1.15622,1.15622
2026-04-01T09:05:00+08:00,1.15623,1.15633,1.15569,1.15629
2026-04-01T09:10:00+08:00,1.15628,1.15656,1.15617,1.15655
2026-04-01T09:15:00+08:00,1.15654,1.15655,1.15612,1.15613
2026-04-01T09:20:00+08:00,1.15613,1.15637,1.15577,1.15586
2026-04-01T09:25:00+08:00,1.15589,1.1564,1.15588,1.15639
2026-04-01T09:30:00+08:00,1.1564,1.15655,1.15602,1.15604
2026-04-01T09:35:00+08:00,1.15604,1.15611,1.15564,1.15577
2026-04-01T09:40:00+08:00,1.15577,1.15577,1.15553,1.1557
2026-04-01T09:45:00+08:00,1.15569,1.15586,1.15551,1.15572
2026-04-01T09:50:00+08:00,1.15573,1.15612,1.15564,1.15608
2026-04-01T09:55:00+08:00,1.1561,1.15622,1.15602,1.15617
2026-04-01T10:00:00+08:00,1.15623,1.15651,1.15606,1.15651
2026-04-01T10:05:00+08:00,1.1565,1.15665,1.15649,1.15659
2026-04-01T10:10:00+08:00,1.15661,1.15662,1.1564,1.15652
2026-04-01T10:15:00+08:00,1.15651,1.15667,1.1565,1.1566
2026-04-01T10:20:00+08:00,1.15659,1.1567,1.15649,1.15667
2026-04-01T10:25:00+08:00,1.15666,1.1567,1.15648,1.1565
2026-04-01T10:30:00+08:00,1.15651,1.15656,1.15632,1.15643
2026-04-01T10:35:00+08:00,1.15646,1.15658,1.15629,1.15644
2026-04-01T10:40:00+08:00,1.15642,1.15674,1.15631,1.15664
2026-04-01T10:45:00+08:00,1.15669,1.15686,1.15669,1.15676
2026-04-01T10:50:00+08:00,1.15678,1.15704,1.15677,1.15698
2026-04-01T10:55:00+08:00,1.15699,1.15712,1.15684,1.15688
2026-04-01T11:00:00+08:00,1.15686,1.15687,1.15651,1.15656
2026-04-01T11:05:00+08:00,1.15655,1.1567,1.15648,1.15665
2026-04-01T11:10:00+08:00,1.15666,1.15681,1.15664,1.1567
2026-04-01T11:15:00+08:00,1.15671,1.15681,1.1565,1.15678
2026-04-01T11:20:00+08:00,1.15677,1.15678,1.15654,1.15656
2026-04-01T11:25:00+08:00,1.15657,1.15663,1.15649,1.15653
2026-04-01T11:30:00+08:00,1.15652,1.15659,1.15627,1.15629
2026-04-01T11:35:00+08:00,1.1563,1.15636,1.15619,1.15632
2026-04-01T11:40:00+08:00,1.15631,1.15632,1.15621,1.15623
2026-04-01T11:45:00+08:00,1.15625,1.15627,1.15599,1.15602
2026-04-01T11:50:00+08:00,1.15604,1.15615,1.15592,1.15615
2026-04-01T11:55:00+08:00,1.15614,1.15622,1.15603,1.15608
2026-04-01T12:00:00+08:00,1.15609,1.15614,1.15598,1.1561
2026-04-01T12:05:00+08:00,1.15607,1.15628,1.15607,1.15619
2026-04-01T12:10:00+08:00,1.15618,1.15621,1.15604,1.15613
2026-04-01T12:15:00+08:00,1.15612,1.15615,1.15596,1.15604
2026-04-01T12:20:00+08:00,1.15605,1.15621,1.15598,1.1562
2026-04-01T12:25:00+08:00,1.15619,1.15624,1.15611,1.15624
2026-04-01T12:30:00+08:00,1.15625,1.15632,1.15612,1.1562
2026-04-01T12:35:00+08:00,1.15621,1.15637,1.15615,1.15624
2026-04-01T12:40:00+08:00,1.15625,1.15644,1.15619,1.15644
2026-04-01T12:45:00+08:00,1.15643,1.15654,1.15634,1.15652
2026-04-01T12:50:00+08:00,1.15651,1.15664,1.15647,1.15656
2026-04-01T12:55:00+08:00,1.15655,1.15655,1.15635,1.15653
2026-04-01T13:00:00+08:00,1.15654,1.15668,1.15648,1.1565
2026-04-01T13:05:00+08:00,1.15651,1.1568,1.15648,1.15676
2026-04-01T13:10:00+08:00,1.15675,1.15676,1.15659,1.15663
2026-04-01T13:15:00+08:00,1.15662,1.15677,1.15658,1.15672
2026-04-01T13:20:00+08:00,1.15667,1.15697,1.15658,1.15697
2026-04-01T13:25:00+08:00,1.15694,1.15729,1.15693,1.15728
2026-04-01T13:30:00+08:00,1.15729,1.15742,1.15727,1.15732
2026-04-01T13:35:00+08:00,1.1573,1.15748,1.1572,1.15748
2026-04-01T13:40:00+08:00,1.15747,1.15761,1.15739,1.15759
2026-04-01T13:45:00+08:00,1.1576,1.15765,1.15742,1.15759
2026-04-01T13:50:00+08:00,1.15758,1.15758,1.15731,1.15732
2026-04-01T13:55:00+08:00,1.15734,1.15736,1.15677,1.1568
2026-04-01T14:00:00+08:00,1.15691,1.15707,1.15654,1.15655
2026-04-01T14:05:00+08:00,1.15656,1.15664,1.15622,1.15654
2026-04-01T14:10:00+08:00,1.15652,1.1569,1.15652,1.15666
2026-04-01T14:15:00+08:00,1.15665,1.15703,1.15662,1.15699
2026-04-01T14:20:00+08:00,1.15698,1.15786,1.15686,1.15784
2026-04-01T14:25:00+08:00,1.15785,1.15893,1.15774,1.1587
2026-04-01T14:30:00+08:00,1.15867,1.15928,1.15867,1.15879
2026-04-01T14:35:00+08:00,1.15878,1.15878,1.15808,1.1581
2026-04-01T14:40:00+08:00,1.15808,1.1588,1.15794,1.15875
2026-04-01T14:45:00+08:00,1.15877,1.15899,1.15837,1.15843
2026-04-01T14:50:00+08:00,1.15842,1.1588,1.15804,1.15866
2026-04-01T14:55:00+08:00,1.15865,1.15922,1.15862,1.15911
2026-04-01T15:00:00+08:00,1.15912,1.15946,1.15847,1.15873
2026-04-01T15:05:00+08:00,1.15868,1.15876,1.15824,1.15854
2026-04-01T15:10:00+08:00,1.15855,1.1587,1.15825,1.1587
2026-04-01T15:15:00+08:00,1.15869,1.15905,1.15857,1.1589
2026-04-01T15:20:00+08:00,1.15891,1.15934,1.15874,1.15876
2026-04-01T15:25:00+08:00,1.15875,1.15906,1.15867,1.15896
2026-04-01T15:30:00+08:00,1.15893,1.15917,1.15877,1.1589
2026-04-01T15:35:00+08:00,1.15888,1.15924,1.15845,1.1588
2026-04-01T15:40:00+08:00,1.15875,1.15905,1.15826,1.15901
2026-04-01T15:45:00+08:00,1.15899,1.15986,1.15772,1.1579
2026-04-01T15:50:00+08:00,1.15791,1.1584,1.15778,1.15816
2026-04-01T15:55:00+08:00,1.15819,1.15859,1.15811,1.15822
2026-04-01T16:00:00+08:00,1.15816,1.1591,1.15775,1.15887
2026-04-01T16:05:00+08:00,1.1589,1.15912,1.15856,1.15867
2026-04-01T16:10:00+08:00,1.15866,1.15867,1.15819,1.15851
2026-04-01T16:15:00+08:00,1.15852,1.15908,1.15831,1.15893
2026-04-01T16:20:00+08:00,1.15892,1.15941,1.1589,1.15941
2026-04-01T16:25:00+08:00,1.15942,1.15999,1.15937,1.15996
2026-04-01T16:30:00+08:00,1.16007,1.16088,1.15993,1.16067
2026-04-01T16:35:00+08:00,1.16068,1.16088,1.16035,1.16088
2026-04-01T16:40:00+08:00,1.16085,1.16106,1.1605,1.16103
2026-04-01T16:45:00+08:00,1.16104,1.16107,1.16033,1.16043
2026-04-01T16:50:00+08:00,1.16041,1.16066,1.15977,1.16021
2026-04-01T16:55:00+08:00,1.1602,1.16039,1.15945,1.15963
2026-04-01T17:00:00+08:00,1.15964,1.16025,1.15957,1.16017
2026-04-01T17:05:00+08:00,1.16015,1.16028,1.15935,1.15941
2026-04-01T17:10:00+08:00,1.15938,1.15963,1.15914,1.15921
2026-04-01T17:15:00+08:00,1.15919,1.15926,1.15871,1.15884
2026-04-01T17:20:00+08:00,1.15886,1.15896,1.1586,1.1587
2026-04-01T17:25:00+08:00,1.15862,1.15871,1.15819,1.15848
2026-04-01T17:30:00+08:00,1.15847,1.15867,1.15808,1.15826
2026-04-01T17:35:00+08:00,1.15831,1.15856,1.15816,1.15846
2026-04-01T17:40:00+08:00,1.15847,1.15872,1.15829,1.1584
2026-04-01T17:45:00+08:00,1.15835,1.15906,1.15834,1.15905
2026-04-01T17:50:00+08:00,1.15906,1.15946,1.15904,1.15935
2026-04-01T17:55:00+08:00,1.15954,1.15972,1.15916,1.15954
2026-04-01T18:00:00+08:00,1.15958,1.15974,1.15934,1.15961
2026-04-01T18:05:00+08:00,1.1596,1.16007,1.15955,1.15955
2026-04-01T18:10:00+08:00,1.15956,1.15995,1.15949,1.15965
2026-04-01T18:15:00+08:00,1.15964,1.15975,1.15953,1.15973
2026-04-01T18:20:00+08:00,1.15975,1.16002,1.15963,1.15977
2026-04-01T18:25:00+08:00,1.15978,1.15978,1.15946,1.15967
2026-04-01T18:30:00+08:00,1.15966,1.15998,1.15964,1.15975
2026-04-01T18:35:00+08:00,1.15972,1.15989,1.15959,1.15972
2026-04-01T18:40:00+08:00,1.15973,1.16003,1.15972,1.15998
2026-04-01T18:45:00+08:00,1.15999,1.16038,1.15996,1.16029
2026-04-01T18:50:00+08:00,1.1603,1.16034,1.15995,1.1601
2026-04-01T18:55:00+08:00,1.16008,1.16008,1.15955,1.15997
2026-04-01T19:00:00+08:00,1.15996,1.16026,1.15979,1.16017
2026-04-01T19:05:00+08:00,1.16012,1.16041,1.15994,1.16037
2026-04-01T19:10:00+08:00,1.16029,1.16057,1.16007,1.16051
2026-04-01T19:15:00+08:00,1.16055,1.16058,1.16012,1.16044
2026-04-01T19:20:00+08:00,1.16044,1.16044,1.15985,1.15999
2026-04-01T19:25:00+08:00,1.16,1.16022,1.15983,1.15994
2026-04-01T19:30:00+08:00,1.15995,1.16017,1.15979,1.1599
2026-04-01T19:35:00+08:00,1.15992,1.16028,1.15992,1.16024
2026-04-01T19:40:00+08:00,1.16025,1.16029,1.1601,1.16025
2026-04-01T19:45:00+08:00,1.16027,1.1607,1.16023,1.16063
2026-04-01T19:50:00+08:00,1.16064,1.16075,1.16045,1.16071
2026-04-01T19:55:00+08:00,1.16073,1.16102,1.16062,1.16076
2026-04-01T20:00:00+08:00,1.16074,1.16106,1.16073,1.1608
2026-04-01T20:05:00+08:00,1.16079,1.16083,1.1602,1.16047
2026-04-01T20:10:00+08:00,1.16048,1.16065,1.16041,1.16041
2026-04-01T20:15:00+08:00,1.1604,1.16053,1.15993,1.16013
2026-04-01T20:20:00+08:00,1.16008,1.16028,1.15972,1.15999
2026-04-01T20:25:00+08:00,1.16,1.16,1.15947,1.15962
2026-04-01T20:30:00+08:00,1.15961,1.16023,1.1594,1.16019
2026-04-01T20:35:00+08:00,1.1602,1.16041,1.15977,1.16019
2026-04-01T20:40:00+08:00,1.16017,1.16171,1.16013,1.1613
2026-04-01T20:45:00+08:00,1.16142,1.16234,1.1604,1.16061
2026-04-01T20:50:00+08:00,1.1606,1.16079,1.16023,1.16063
2026-04-01T20:55:00+08:00,1.16062,1.16076,1.16018,1.16047
2026-04-01T21:00:00+08:00,1.16049,1.16062,1.15995,1.16006
2026-04-01T21:05:00+08:00,1.16003,1.16046,1.15989,1.16041
2026-04-01T21:10:00+08:00,1.16037,1.16116,1.16033,1.16111
2026-04-01T21:15:00+08:00,1.1611,1.16122,1.16074,1.16115
2026-04-01T21:20:00+08:00,1.16116,1.16147,1.16071,1.16126
2026-04-01T21:25:00+08:00,1.16132,1.16139,1.16078,1.16089
2026-04-01T21:30:00+08:00,1.16087,1.16234,1.16079,1.16208
2026-04-01T21:35:00+08:00,1.16207,1.16238,1.16189,1.16229
2026-04-01T21:40:00+08:00,1.1623,1.16231,1.16062,1.16154
2026-04-01T21:45:00+08:00,1.16153,1.16174,1.16128,1.16146
2026-04-01T21:50:00+08:00,1.16146,1.16189,1.16113,1.1613
2026-04-01T21:55:00+08:00,1.16129,1.16148,1.16104,1.16121
2026-04-01T22:00:00+08:00,1.16082,1.16106,1.16056,1.16072
2026-04-01T22:05:00+08:00,1.16073,1.16119,1.16047,1.1609
2026-04-01T22:10:00+08:00,1.16092,1.16114,1.16057,1.16101
2026-04-01T22:15:00+08:00,1.16096,1.16141,1.16095,1.1613
2026-04-01T22:20:00+08:00,1.16134,1.16189,1.1611,1.16144
2026-04-01T22:25:00+08:00,1.16141,1.16164,1.16119,1.16141
2026-04-01T22:30:00+08:00,1.16143,1.16152,1.16094,1.16111
2026-04-01T22:35:00+08:00,1.1611,1.16184,1.16073,1.16168
2026-04-01T22:40:00+08:00,1.16169,1.16208,1.16092,1.16164
2026-04-01T22:45:00+08:00,1.16165,1.16245,1.16129,1.16242
2026-04-01T22:50:00+08:00,1.1624,1.16265,1.16203,1.16232
2026-04-01T22:55:00+08:00,1.16233,1.16271,1.16224,1.16226
2026-04-01T23:00:00+08:00,1.1623,1.16272,1.16227,1.16232
2026-04-01T23:05:00+08:00,1.1623,1.1623,1.16168,1.16169
2026-04-01T23:10:00+08:00,1.16164,1.1618,1.16144,1.16157
2026-04-01T23:15:00+08:00,1.16158,1.16172,1.16132,1.16172
2026-04-01T23:20:00+08:00,1.1617,1.16173,1.16102,1.16115
2026-04-01T23:25:00+08:00,1.16114,1.16133,1.16062,1.16064
2026-04-01T23:30:00+08:00,1.1606,1.16097,1.16053,1.16095
2026-04-01T23:35:00+08:00,1.16096,1.16117,1.16075,1.16114
2026-04-01T23:40:00+08:00,1.16115,1.16116,1.1609,1.16107
2026-04-01T23:45:00+08:00,1.1611,1.16122,1.16092,1.16101
2026-04-01T23:50:00+08:00,1.161,1.16147,1.16099,1.16133
2026-04-01T23:55:00+08:00,1.16134,1.16173,1.16131,1.16138
2026-04-02T00:00:00+08:00,1.16133,1.16157,1.16085,1.16101
2026-04-02T00:05:00+08:00,1.16102,1.16133,1.16094,1.1612
2026-04-02T00:10:00+08:00,1.16121,1.16123,1.1606,1.16068
2026-04-02T00:15:00+08:00,1.16066,1.16092,1.16048,1.16082
2026-04-02T00:20:00+08:00,1.16085,1.16097,1.16078,1.16086
2026-04-02T00:25:00+08:00,1.16085,1.16098,1.1606,1.16076
2026-04-02T00:30:00+08:00,1.16079,1.161,1.16063,1.16087
2026-04-02T00:35:00+08:00,1.16086,1.16099,1.16069,1.16074
2026-04-02T00:40:00+08:00,1.16075,1.16078,1.16049,1.1607
2026-04-02T00:45:00+08:00,1.16071,1.16131,1.16064,1.16129
2026-04-02T00:50:00+08:00,1.1613,1.16158,1.16129,1.16156
2026-04-02T00:55:00+08:00,1.16154,1.16192,1.1614,1.16192
2026-04-02T01:00:00+08:00,1.16193,1.16207,1.16183,1.162
2026-04-02T01:05:00+08:00,1.16199,1.16236,1.16135,1.16141
2026-04-02T01:10:00+08:00,1.1614,1.16176,1.1614,1.16161
2026-04-02T01:15:00+08:00,1.1616,1.16162,1.1613,1.16132
2026-04-02T01:20:00+08:00,1.16132,1.16159,1.16098,1.16099
2026-04-02T01:25:00+08:00,1.16097,1.16097,1.16073,1.16081
2026-04-02T01:30:00+08:00,1.16078,1.16078,1.15979,1.16
2026-04-02T01:35:00+08:00,1.16001,1.16038,1.15977,1.16034
2026-04-02T01:40:00+08:00,1.16035,1.16073,1.16035,1.16054
2026-04-02T01:45:00+08:00,1.1605,1.16056,1.16026,1.16028
2026-04-02T01:50:00+08:00,1.16027,1.16028,1.15963,1.1597
2026-04-02T01:55:00+08:00,1.15973,1.15985,1.15938,1.15941
2026-04-02T02:00:00+08:00,1.15941,1.15945,1.15882,1.15904
2026-04-02T02:05:00+08:00,1.15903,1.15944,1.15902,1.15916
2026-04-02T02:10:00+08:00,1.15916,1.15933,1.15885,1.15887
2026-04-02T02:15:00+08:00,1.15886,1.15903,1.15853,1.15875
2026-04-02T02:20:00+08:00,1.15875,1.15877,1.15842,1.15855
2026-04-02T02:25:00+08:00,1.15854,1.15862,1.15832,1.15846
2026-04-02T02:30:00+08:00,1.15845,1.15856,1.15814,1.15816
2026-04-02T02:35:00+08:00,1.15815,1.1582,1.15772,1.15805
2026-04-02T02:40:00+08:00,1.15804,1.15877,1.15803,1.15856
2026-04-02T02:45:00+08:00,1.15854,1.15876,1.15825,1.15851
2026-04-02T02:50:00+08:00,1.1585,1.15869,1.15838,1.15842
2026-04-02T02:55:00+08:00,1.15841,1.15853,1.15782,1.1579
2026-04-02T03:00:00+08:00,1.15791,1.15807,1.15764,1.15791
2026-04-02T03:05:00+08:00,1.1579,1.15838,1.1579,1.1583
2026-04-02T03:10:00+08:00,1.15831,1.15848,1.15817,1.15832
2026-04-02T03:15:00+08:00,1.15833,1.15836,1.15816,1.15819
2026-04-02T03:20:00+08:00,1.1582,1.15832,1.15786,1.1579
2026-04-02T03:25:00+08:00,1.15789,1.15834,1.15789,1.15831
2026-04-02T03:30:00+08:00,1.15832,1.15846,1.15817,1.15846
2026-04-02T03:35:00+08:00,1.15845,1.15859,1.15833,1.15856
2026-04-02T03:40:00+08:00,1.15855,1.15871,1.15853,1.15859
2026-04-02T03:45:00+08:00,1.15862,1.15873,1.15854,1.15856
2026-04-02T03:50:00+08:00,1.15853,1.15857,1.15813,1.15814
2026-04-02T03:55:00+08:00,1.15815,1.15852,1.15815,1.15837
2026-04-02T04:00:00+08:00,1.15838,1.15858,1.15836,1.15847
2026-04-02T04:05:00+08:00,1.1585,1.15876,1.15844,1.15876
2026-04-02T04:10:00+08:00,1.15873,1.15879,1.15847,1.15864
2026-04-02T04:15:00+08:00,1.15865,1.15871,1.15849,1.15861
2026-04-02T04:20:00+08:00,1.15859,1.15862,1.15844,1.15846
2026-04-02T04:25:00+08:00,1.15846,1.15875,1.15845,1.15872
2026-04-02T04:30:00+08:00,1.15871,1.15892,1.1587,1.15886
2026-04-02T04:35:00+08:00,1.15887,1.15902,1.15878,1.15901
2026-04-02T04:40:00+08:00,1.15902,1.15912,1.15899,1.15911
2026-04-02T04:45:00+08:00,1.1591,1.15918,1.1591,1.15917
2026-04-02T04:50:00+08:00,1.15916,1.15921,1.15897,1.15901
2026-04-02T04:55:00+08:00,1.15901,1.15907,1.15895,1.15905
2026-04-02T05:00:00+08:00,1.15842,1.15851,1.15819,1.15834
2026-04-02T05:05:00+08:00,1.15839,1.15858,1.15832,1.15852
2026-04-02T05:10:00+08:00,1.15853,1.15856,1.15843,1.15843
2026-04-02T05:15:00+08:00,1.15845,1.15868,1.15836,1.15861
2026-04-02T05:20:00+08:00,1.15863,1.15874,1.15844,1.15874
2026-04-02T05:25:00+08:00,1.15873,1.15883,1.1587,1.15881
2026-04-02T05:30:00+08:00,1.15877,1.15882,1.15841,1.15858
2026-04-02T05:35:00+08:00,1.15858,1.15865,1.15848,1.15859
2026-04-02T05:40:00+08:00,1.15861,1.15874,1.15851,1.15867
2026-04-02T05:45:00+08:00,1.15868,1.15902,1.15862,1.159
2026-04-02T05:50:00+08:00,1.15901,1.15904,1.15892,1.15896
2026-04-02T05:55:00+08:00,1.15895,1.15899,1.15895,1.15898
2026-04-02T06:00:00+08:00,1.15899,1.15909,1.15897,1.15907
2026-04-02T06:05:00+08:00,1.15902,1.15932,1.15902,1.15926
2026-04-02T06:10:00+08:00,1.15927,1.15932,1.15914,1.15921
2026-04-02T06:15:00+08:00,1.15921,1.15921,1.15917,1.15918
2026-04-02T06:20:00+08:00,1.15918,1.15919,1.15907,1.15913
2026-04-02T06:25:00+08:00,1.15913,1.15937,1.15913,1.15934
2026-04-02T06:30:00+08:00,1.15928,1.15934,1.15916,1.15918
2026-04-02T06:35:00+08:00,1.15917,1.15923,1.15911,1.15917
2026-04-02T06:40:00+08:00,1.15916,1.15926,1.15908,1.15925
2026-04-02T06:45:00+08:00,1.15927,1.15945,1.15923,1.15937
2026-04-02T06:50:00+08:00,1.15936,1.15938,1.15917,1.15924
2026-04-02T06:55:00+08:00,1.15923,1.15923,1.15902,1.15912
2026-04-02T07:00:00+08:00,1.15913,1.15928,1.15913,1.15927
2026-04-02T07:05:00+08:00,1.15928,1.15939,1.15926,1.15937
2026-04-02T07:10:00+08:00,1.15937,1.15946,1.15935,1.15941
2026-04-02T07:15:00+08:00,1.1594,1.1594,1.15927,1.15931
2026-04-02T07:20:00+08:00,1.15931,1.15933,1.15918,1.15919
2026-04-02T07:25:00+08:00,1.15919,1.15925,1.15913,1.15918
2026-04-02T07:30:00+08:00,1.15917,1.15923,1.1591,1.15913
2026-04-02T07:35:00+08:00,1.15914,1.15922,1.15907,1.15918
2026-04-02T07:40:00+08:00,1.15917,1.15932,1.15913,1.15924
2026-04-02T07:45:00+08:00,1.15923,1.15925,1.15905,1.15911
2026-04-02T07:50:00+08:00,1.1591,1.15915,1.1589,1.15908
2026-04-02T07:55:00+08:00,1.15907,1.15909,1.15897,1.15899
2026-04-02T08:00:00+08:00,1.15895,1.15933,1.15882,1.15926
2026-04-02T08:05:00+08:00,1.15926,1.15947,1.15921,1.15942
2026-04-02T08:10:00+08:00,1.15939,1.15959,1.15921,1.15929
2026-04-02T08:15:00+08:00,1.15927,1.15939,1.15914,1.15917
2026-04-02T08:20:00+08:00,1.1592,1.15922,1.15885,1.1589
2026-04-02T08:25:00+08:00,1.15886,1.15894,1.15869,1.15877
2026-04-02T08:30:00+08:00,1.15878,1.15897,1.15874,1.1589
2026-04-02T08:35:00+08:00,1.15889,1.15911,1.15884,1.15908
2026-04-02T08:40:00+08:00,1.15907,1.15954,1.15903,1.15945
2026-04-02T08:45:00+08:00,1.15944,1.1596,1.1594,1.15946
2026-04-02T08:50:00+08:00,1.15944,1.15976,1.15929,1.15966
2026-04-02T08:55:00+08:00,1.15967,1.1598,1.15949,1.15957
2026-04-02T09:00:00+08:00,1.15955,1.15967,1.15828,1.15901
2026-04-02T09:05:00+08:00,1.15896,1.15896,1.15796,1.15876
2026-04-02T09:10:00+08:00,1.15877,1.16056,1.15877,1.15912
2026-04-02T09:15:00+08:00,1.15913,1.15945,1.15634,1.1566
2026-04-02T09:20:00+08:00,1.15659,1.15783,1.15642,1.15663
2026-04-02T09:25:00+08:00,1.15667,1.15692,1.15601,1.15636
2026-04-02T09:30:00+08:00,1.15634,1.1564,1.15472,1.15532
2026-04-02T09:35:00+08:00,1.15533,1.15585,1.15488,1.15579
2026-04-02T09:40:00+08:00,1.15579,1.15601,1.15528,1.15533
2026-04-02T09:45:00+08:00,1.15531,1.15541,1.15457,1.15498
2026-04-02T09:50:00+08:00,1.15496,1.15555,1.15496,1.15541
2026-04-02T09:55:00+08:00,1.15542,1.15555,1.1551,1.15525
2026-04-02T10:00:00+08:00,1.15524,1.15559,1.15516,1.15558
2026-04-02T10:05:00+08:00,1.15559,1.15604,1.15542,1.15559
2026-04-02T10:10:00+08:00,1.15558,1.15572,1.15535,1.15549
2026-04-02T10:15:00+08:00,1.1555,1.15591,1.15549,1.15576
2026-04-02T10:20:00+08:00,1.15575,1.15586,1.15486,1.15531
2026-04-02T10:25:00+08:00,1.15532,1.1554,1.15481,1.15481
2026-04-02T10:30:00+08:00,1.15482,1.15494,1.15463,1.15466
2026-04-02T10:35:00+08:00,1.15467,1.15475,1.15439,1.15448
2026-04-02T10:40:00+08:00,1.15449,1.15472,1.15446,1.15468
2026-04-02T10:45:00+08:00,1.15464,1.1549,1.15464,1.15477
2026-04-02T10:50:00+08:00,1.15478,1.1549,1.15467,1.15475
2026-04-02T10:55:00+08:00,1.15475,1.15493,1.15468,1.15469
2026-04-02T11:00:00+08:00,1.1547,1.1547,1.15439,1.15444
2026-04-02T11:05:00+08:00,1.15445,1.15471,1.1544,1.15455
2026-04-02T11:10:00+08:00,1.15457,1.15486,1.15456,1.15474
2026-04-02T11:15:00+08:00,1.15475,1.15485,1.15453,1.15456
2026-04-02T11:20:00+08:00,1.15456,1.15471,1.15447,1.15466
2026-04-02T11:25:00+08:00,1.15469,1.15469,1.15445,1.15461
2026-04-02T11:30:00+08:00,1.1546,1.15489,1.1546,1.15482
2026-04-02T11:35:00+08:00,1.15479,1.15489,1.15461,1.15477
2026-04-02T11:40:00+08:00,1.15476,1.15491,1.15466,1.15489
2026-04-02T11:45:00+08:00,1.1549,1.15492,1.15446,1.15448
2026-04-02T11:50:00+08:00,1.15449,1.15463,1.15414,1.15419
2026-04-02T11:55:00+08:00,1.15418,1.15425,1.15379,1.15401
2026-04-02T12:00:00+08:00,1.154,1.15421,1.15382,1.15417
2026-04-02T12:05:00+08:00,1.15415,1.15418,1.15379,1.15386
2026-04-02T12:10:00+08:00,1.15386,1.1541,1.15377,1.15383
2026-04-02T12:15:00+08:00,1.15385,1.154,1.15371,1.15375
2026-04-02T12:20:00+08:00,1.15374,1.15378,1.15354,1.15367
2026-04-02T12:25:00+08:00,1.15368,1.15369,1.1535,1.15351
2026-04-02T12:30:00+08:00,1.15352,1.15368,1.15342,1.15346
2026-04-02T12:35:00+08:00,1.15345,1.15353,1.15331,1.15341
2026-04-02T12:40:00+08:00,1.15339,1.15351,1.15336,1.15346
2026-04-02T12:45:00+08:00,1.15345,1.15354,1.15322,1.15338
2026-04-02T12:50:00+08:00,1.15339,1.15367,1.15338,1.15347
2026-04-02T12:55:00+08:00,1.15346,1.15372,1.1534,1.15371
2026-04-02T13:00:00+08:00,1.15373,1.15391,1.15365,1.15365
2026-04-02T13:05:00+08:00,1.15366,1.15371,1.15353,1.15365
2026-04-02T13:10:00+08:00,1.1537,1.15376,1.15341,1.15341
2026-04-02T13:15:00+08:00,1.15343,1.15355,1.15318,1.15318
2026-04-02T13:20:00+08:00,1.15317,1.15335,1.15317,1.15324
2026-04-02T13:25:00+08:00,1.15316,1.15337,1.15312,1.15325
2026-04-02T13:30:00+08:00,1.15327,1.1535,1.15319,1.15328
2026-04-02T13:35:00+08:00,1.15325,1.15348,1.15319,1.15343
2026-04-02T13:40:00+08:00,1.15341,1.15368,1.15335,1.15352
2026-04-02T13:45:00+08:00,1.15353,1.15356,1.15256,1.15263
2026-04-02T13:50:00+08:00,1.1526,1.15318,1.15251,1.15273
2026-04-02T13:55:00+08:00,1.1527,1.15275,1.15245,1.15254
2026-04-02T14:00:00+08:00,1.15255,1.15292,1.15255,1.15274
2026-04-02T14:05:00+08:00,1.15273,1.15278,1.15256,1.15266
2026-04-02T14:10:00+08:00,1.15264,1.15264,1.15167,1.15175
2026-04-02T14:15:00+08:00,1.15173,1.15215,1.15152,1.15206
2026-04-02T14:20:00+08:00,1.15206,1.15233,1.15206,1.15224
2026-04-02T14:25:00+08:00,1.15224,1.15269,1.15215,1.15247
2026-04-02T14:30:00+08:00,1.15247,1.15286,1.15233,1.15258
2026-04-02T14:35:00+08:00,1.15257,1.153,1.15247,1.15299
2026-04-02T14:40:00+08:00,1.15297,1.15312,1.15284,1.15309
2026-04-02T14:45:00+08:00,1.15307,1.1534,1.15291,1.15339
2026-04-02T14:50:00+08:00,1.15338,1.15349,1.15305,1.15306
2026-04-02T14:55:00+08:00,1.15302,1.15356,1.15297,1.15348
2026-04-02T15:00:00+08:00,1.15346,1.15372,1.1533,1.15333
2026-04-02T15:05:00+08:00,1.15334,1.15335,1.15269,1.15304
2026-04-02T15:10:00+08:00,1.15303,1.1531,1.15264,1.15273
2026-04-02T15:15:00+08:00,1.15272,1.1535,1.15267,1.15321
2026-04-02T15:20:00+08:00,1.1532,1.15354,1.15309,1.15352
2026-04-02T15:25:00+08:00,1.15349,1.15378,1.15282,1.15293
2026-04-02T15:30:00+08:00,1.15292,1.1532,1.15204,1.15214
2026-04-02T15:35:00+08:00,1.15215,1.15242,1.15208,1.15217
2026-04-02T15:40:00+08:00,1.15215,1.15247,1.15188,1.15238
2026-04-02T15:45:00+08:00,1.15243,1.15309,1.15243,1.15307
2026-04-02T15:50:00+08:00,1.15306,1.15318,1.15291,1.15297
2026-04-02T15:55:00+08:00,1.15296,1.15332,1.15293,1.15324
2026-04-02T16:00:00+08:00,1.15329,1.15343,1.15299,1.15308
2026-04-02T16:05:00+08:00,1.15309,1.15334,1.15278,1.1533
2026-04-02T16:10:00+08:00,1.15332,1.15353,1.15322,1.15341
2026-04-02T16:15:00+08:00,1.15338,1.15359,1.15331,1.15344
2026-04-02T16:20:00+08:00,1.15343,1.15343,1.15249,1.15254
2026-04-02T16:25:00+08:00,1.15257,1.15286,1.15255,1.15275
2026-04-02T16:30:00+08:00,1.15277,1.15309,1.15272,1.15285
2026-04-02T16:35:00+08:00,1.15284,1.15289,1.15247,1.15275
2026-04-02T16:40:00+08:00,1.15275,1.15296,1.15246,1.1527
2026-04-02T16:45:00+08:00,1.1527,1.15294,1.15261,1.15278
2026-04-02T16:50:00+08:00,1.15278,1.15278,1.15244,1.15264
2026-04-02T16:55:00+08:00,1.15268,1.1527,1.15243,1.15255
2026-04-02T17:00:00+08:00,1.15256,1.15278,1.15251,1.15265
2026-04-02T17:05:00+08:00,1.15264,1.15275,1.15238,1.15244
2026-04-02T17:10:00+08:00,1.15245,1.15267,1.1523,1.15238
2026-04-02T17:15:00+08:00,1.15237,1.15269,1.15233,1.15235
2026-04-02T17:20:00+08:00,1.15234,1.1525,1.15217,1.15248
2026-04-02T17:25:00+08:00,1.15247,1.15285,1.15247,1.15268
2026-04-02T17:30:00+08:00,1.15267,1.15321,1.15259,1.15303
2026-04-02T17:35:00+08:00,1.15298,1.15311,1.15283,1.15303
2026-04-02T17:40:00+08:00,1.15304,1.15305,1.15259,1.15263
2026-04-02T17:45:00+08:00,1.15264,1.15285,1.1525,1.15252
2026-04-02T17:50:00+08:00,1.15251,1.15279,1.15246,1.15264
2026-04-02T17:55:00+08:00,1.15263,1.15273,1.15236,1.15264
2026-04-02T18:00:00+08:00,1.1527,1.1527,1.15224,1.15231
2026-04-02T18:05:00+08:00,1.15232,1.15235,1.15192,1.15205
2026-04-02T18:10:00+08:00,1.15205,1.15217,1.15155,1.15159
2026-04-02T18:15:00+08:00,1.1516,1.15168,1.15135,1.15164
2026-04-02T18:20:00+08:00,1.15165,1.15171,1.15151,1.15159
2026-04-02T18:25:00+08:00,1.15164,1.15196,1.15155,1.15195
2026-04-02T18:30:00+08:00,1.15195,1.15206,1.1518,1.15186
2026-04-02T18:35:00+08:00,1.15187,1.15191,1.15155,1.15158
2026-04-02T18:40:00+08:00,1.15157,1.15183,1.15136,1.15172
2026-04-02T18:45:00+08:00,1.15174,1.15188,1.15121,1.15122
2026-04-02T18:50:00+08:00,1.1512,1.15131,1.15112,1.15119
2026-04-02T18:55:00+08:00,1.15121,1.15136,1.15113,1.15121
2026-04-02T19:00:00+08:00,1.15122,1.15137,1.15094,1.15117
2026-04-02T19:05:00+08:00,1.15116,1.15129,1.15093,1.15117
2026-04-02T19:10:00+08:00,1.15116,1.15117,1.15094,1.15114
2026-04-02T19:15:00+08:00,1.15111,1.15117,1.15092,1.15114
2026-04-02T19:20:00+08:00,1.15115,1.15131,1.15112,1.15127
2026-04-02T19:25:00+08:00,1.15126,1.15143,1.1511,1.15113
2026-04-02T19:30:00+08:00,1.15115,1.15177,1.15104,1.15176
2026-04-02T19:35:00+08:00,1.15177,1.15185,1.15162,1.15166
2026-04-02T19:40:00+08:00,1.15166,1.15196,1.15143,1.15143
2026-04-02T19:45:00+08:00,1.15146,1.15161,1.15122,1.15144
2026-04-02T19:50:00+08:00,1.15143,1.15185,1.15126,1.1517
2026-04-02T19:55:00+08:00,1.15164,1.15191,1.15128,1.15177
2026-04-02T20:00:00+08:00,1.1518,1.15256,1.1517,1.15252
2026-04-02T20:05:00+08:00,1.15251,1.15292,1.15246,1.15252
2026-04-02T20:10:00+08:00,1.15253,1.15275,1.15238,1.1526
2026-04-02T20:15:00+08:00,1.15262,1.15263,1.15217,1.15222
2026-04-02T20:20:00+08:00,1.15216,1.15266,1.15203,1.15265
2026-04-02T20:25:00+08:00,1.15264,1.15282,1.15241,1.15271
2026-04-02T20:30:00+08:00,1.15272,1.15277,1.15235,1.15266
2026-04-02T20:35:00+08:00,1.15265,1.15289,1.15246,1.15281
2026-04-02T20:40:00+08:00,1.15275,1.15282,1.15252,1.15253
2026-04-02T20:45:00+08:00,1.15254,1.15303,1.15248,1.15287
2026-04-02T20:50:00+08:00,1.15286,1.15313,1.15266,1.15269
2026-04-02T20:55:00+08:00,1.15274,1.15286,1.15228,1.15247
2026-04-02T21:00:00+08:00,1.15252,1.15299,1.15228,1.15274
2026-04-02T21:05:00+08:00,1.15269,1.15299,1.15266,1.15267
2026-04-02T21:10:00+08:00,1.15266,1.15267,1.15204,1.15215
2026-04-02T21:15:00+08:00,1.15216,1.15262,1.15207,1.15243
2026-04-02T21:20:00+08:00,1.1524,1.15276,1.15229,1.15249
2026-04-02T21:25:00+08:00,1.15246,1.15287,1.15246,1.15272
2026-04-02T21:30:00+08:00,1.1527,1.15305,1.15254,1.15262
2026-04-02T21:35:00+08:00,1.15261,1.15265,1.15212,1.15212
2026-04-02T21:40:00+08:00,1.15213,1.15247,1.15203,1.15226
2026-04-02T21:45:00+08:00,1.15225,1.1531,1.15221,1.15297
2026-04-02T21:50:00+08:00,1.15299,1.15327,1.15277,1.15284
2026-04-02T21:55:00+08:00,1.15284,1.15319,1.1527,1.15314
2026-04-02T22:00:00+08:00,1.15315,1.15327,1.15272,1.15305
2026-04-02T22:05:00+08:00,1.15307,1.15346,1.15296,1.15323
2026-04-02T22:10:00+08:00,1.15324,1.15329,1.15286,1.15307
2026-04-02T22:15:00+08:00,1.1531,1.15367,1.15307,1.15345
2026-04-02T22:20:00+08:00,1.15344,1.15356,1.15302,1.15328
2026-04-02T22:25:00+08:00,1.15328,1.15334,1.15286,1.15302
2026-04-02T22:30:00+08:00,1.15297,1.15322,1.15266,1.15299
2026-04-02T22:35:00+08:00,1.15294,1.15638,1.15294,1.15548
2026-04-02T22:40:00+08:00,1.15541,1.15556,1.15429,1.15519
2026-04-02T22:45:00+08:00,1.15519,1.15532,1.15444,1.15462
2026-04-02T22:50:00+08:00,1.15463,1.15493,1.15425,1.15457
2026-04-02T22:55:00+08:00,1.15458,1.15529,1.15453,1.15514
2026-04-02T23:00:00+08:00,1.15515,1.15582,1.15484,1.15578
2026-04-02T23:05:00+08:00,1.15579,1.15586,1.15507,1.1552
2026-04-02T23:10:00+08:00,1.15527,1.15556,1.15501,1.15555
2026-04-02T23:15:00+08:00,1.15556,1.15583,1.15509,1.15509
2026-04-02T23:20:00+08:00,1.15512,1.15512,1.15434,1.15446
2026-04-02T23:25:00+08:00,1.15445,1.15527,1.15416,1.15504
2026-04-02T23:30:00+08:00,1.15506,1.15519,1.15482,1.15512
2026-04-02T23:35:00+08:00,1.15514,1.15529,1.15488,1.15497
2026-04-02T23:40:00+08:00,1.15495,1.15507,1.15466,1.15497
2026-04-02T23:45:00+08:00,1.15498,1.15498,1.15436,1.15443
2026-04-02T23:50:00+08:00,1.15442,1.15458,1.15424,1.15445
2026-04-02T23:55:00+08:00,1.15442,1.15456,1.15436,1.1545
2026-04-03T00:00:00+08:00,1.15452,1.15478,1.15441,1.15446
2026-04-03T00:05:00+08:00,1.15444,1.15473,1.15399,1.15428
2026-04-03T00:10:00+08:00,1.15429,1.15437,1.15397,1.15422
2026-04-03T00:15:00+08:00,1.15423,1.15468,1.15399,1.15409
2026-04-03T00:20:00+08:00,1.15411,1.15424,1.15393,1.15411
2026-04-03T00:25:00+08:00,1.1541,1.15428,1.15405,1.1541
2026-04-03T00:30:00+08:00,1.15411,1.15468,1.15401,1.15421
2026-04-03T00:35:00+08:00,1.15426,1.15448,1.15407,1.15442
2026-04-03T00:40:00+08:00,1.15441,1.15477,1.15417,1.15463
2026-04-03T00:45:00+08:00,1.15462,1.15482,1.15425,1.15442
2026-04-03T00:50:00+08:00,1.15443,1.15467,1.15419,1.15445
2026-04-03T00:55:00+08:00,1.15444,1.15449,1.15393,1.15395
2026-04-03T01:00:00+08:00,1.15394,1.15424,1.15374,1.15424
2026-04-03T01:05:00+08:00,1.15423,1.15439,1.15411,1.15424
2026-04-03T01:10:00+08:00,1.15423,1.15464,1.15412,1.15455
2026-04-03T01:15:00+08:00,1.15457,1.15492,1.15452,1.15456
2026-04-03T01:20:00+08:00,1.15453,1.15492,1.15452,1.15485
2026-04-03T01:25:00+08:00,1.15474,1.15484,1.15444,1.15449
2026-04-03T01:30:00+08:00,1.1545,1.15451,1.15432,1.15434
2026-04-03T01:35:00+08:00,1.15435,1.15435,1.15416,1.15431
2026-04-03T01:40:00+08:00,1.1543,1.1544,1.15417,1.15437
2026-04-03T01:45:00+08:00,1.15434,1.15439,1.15395,1.154
2026-04-03T01:50:00+08:00,1.15399,1.15413,1.15389,1.15404
2026-04-03T01:55:00+08:00,1.15405,1.15412,1.15365,1.15377
2026-04-03T02:00:00+08:00,1.15379,1.15401,1.15366,1.15377
2026-04-03T02:05:00+08:00,1.15378,1.15396,1.15368,1.15371
2026-04-03T02:10:00+08:00,1.1537,1.1538,1.15352,1.15375
2026-04-03T02:15:00+08:00,1.15377,1.15383,1.15363,1.15378
2026-04-03T02:20:00+08:00,1.15379,1.15382,1.15342,1.15344
2026-04-03T02:25:00+08:00,1.15343,1.15362,1.15332,1.15337
2026-04-03T02:30:00+08:00,1.15338,1.15347,1.15333,1.15344
2026-04-03T02:35:00+08:00,1.15343,1.15357,1.15334,1.15342
2026-04-03T02:40:00+08:00,1.15338,1.15383,1.15338,1.15373
2026-04-03T02:45:00+08:00,1.15372,1.15398,1.15368,1.1538
2026-04-03T02:50:00+08:00,1.15381,1.15399,1.15368,1.15389
2026-04-03T02:55:00+08:00,1.15391,1.15396,1.15361,1.15363
2026-04-03T03:00:00+08:00,1.15368,1.15398,1.15366,1.15372
2026-04-03T03:05:00+08:00,1.15376,1.15399,1.15376,1.15387
2026-04-03T03:10:00+08:00,1.15391,1.15398,1.15371,1.15373
2026-04-03T03:15:00+08:00,1.15372,1.15379,1.15353,1.15378
2026-04-03T03:20:00+08:00,1.15377,1.15436,1.1537,1.15402
2026-04-03T03:25:00+08:00,1.15401,1.1541,1.15386,1.15395
2026-04-03T03:30:00+08:00,1.15394,1.15407,1.15383,1.15391
2026-04-03T03:35:00+08:00,1.15392,1.15403,1.1538,1.15392
2026-04-03T03:40:00+08:00,1.15393,1.154,1.15372,1.15375
2026-04-03T03:45:00+08:00,1.15375,1.15381,1.15362,1.15364
2026-04-03T03:50:00+08:00,1.15372,1.15377,1.15363,1.15369
2026-04-03T03:55:00+08:00,1.1537,1.15386,1.15333,1.15346
2026-04-03T04:00:00+08:00,1.15349,1.15351,1.15322,1.15342
2026-04-03T04:05:00+08:00,1.15341,1.15353,1.15341,1.15347
2026-04-03T04:10:00+08:00,1.15347,1.15375,1.15347,1.15374
2026-04-03T04:15:00+08:00,1.15375,1.15385,1.15366,1.15378
2026-04-03T04:20:00+08:00,1.15379,1.15383,1.15377,1.15382
2026-04-03T04:25:00+08:00,1.15377,1.1538,1.15371,1.15379
2026-04-03T04:30:00+08:00,1.1538,1.15382,1.15368,1.15375
2026-04-03T04:35:00+08:00,1.15375,1.15383,1.15374,1.15374
2026-04-03T04:40:00+08:00,1.15373,1.15373,1.15364,1.1537
2026-04-03T04:45:00+08:00,1.15371,1.15391,1.1537,1.15388
2026-04-03T04:50:00+08:00,1.15387,1.15395,1.15383,1.15393
2026-04-03T04:55:00+08:00,1.1539,1.15396,1.15386,1.15388
2026-04-03T05:00:00+08:00,1.15332,1.15332,1.15323,1.15326
2026-04-03T05:05:00+08:00,1.15325,1.15378,1.15325,1.15373
2026-04-03T05:10:00+08:00,1.1537,1.15386,1.15368,1.15384
2026-04-03T05:15:00+08:00,1.15382,1.15385,1.1537,1.15375
2026-04-03T05:20:00+08:00,1.15364,1.15369,1.1536,1.15366
2026-04-03T05:25:00+08:00,1.15367,1.15368,1.15356,1.15357
2026-04-03T05:30:00+08:00,1.15366,1.15368,1.15353,1.15359
2026-04-03T05:35:00+08:00,1.15356,1.15374,1.15351,1.15367
2026-04-03T05:40:00+08:00,1.15372,1.15387,1.15361,1.15361
2026-04-03T05:45:00+08:00,1.15364,1.15383,1.15358,1.15366
2026-04-03T05:50:00+08:00,1.15366,1.15395,1.15364,1.1538
2026-04-03T05:55:00+08:00,1.15381,1.15399,1.15373,1.15376
2026-04-03T06:00:00+08:00,1.15408,1.15409,1.15374,1.15383
2026-04-03T06:05:00+08:00,1.15389,1.15396,1.15385,1.15392
2026-04-03T06:10:00+08:00,1.15392,1.15393,1.15386,1.15392
2026-04-03T06:15:00+08:00,1.15391,1.15401,1.15387,1.15399
2026-04-03T06:20:00+08:00,1.154,1.15409,1.15395,1.15403
2026-04-03T06:25:00+08:00,1.15403,1.15404,1.15393,1.15395
2026-04-03T06:30:00+08:00,1.15394,1.15405,1.15393,1.154
2026-04-03T06:35:00+08:00,1.15399,1.15404,1.15392,1.15397
2026-04-03T06:40:00+08:00,1.15398,1.15401,1.15393,1.15399
2026-04-03T06:45:00+08:00,1.15399,1.154,1.15393,1.15396
2026-04-03T06:50:00+08:00,1.15396,1.15407,1.15395,1.154
2026-04-03T06:55:00+08:00,1.15401,1.15401,1.15395,1.154
2026-04-03T07:00:00+08:00,1.154,1.1541,1.15395,1.15409
2026-04-03T07:05:00+08:00,1.15409,1.1541,1.15406,1.15408
2026-04-03T07:10:00+08:00,1.15407,1.15409,1.15399,1.15407
2026-04-03T07:15:00+08:00,1.15406,1.15407,1.154,1.15406
2026-04-03T07:20:00+08:00,1.15405,1.15416,1.15401,1.15415
2026-04-03T07:25:00+08:00,1.15413,1.15416,1.15411,1.15415
2026-04-03T07:30:00+08:00,1.15416,1.15425,1.15415,1.15424
2026-04-03T07:35:00+08:00,1.15423,1.1543,1.15415,1.15422
2026-04-03T07:40:00+08:00,1.15421,1.15423,1.15411,1.15416
2026-04-03T07:45:00+08:00,1.15415,1.15417,1.15409,1.15415
2026-04-03T07:50:00+08:00,1.15416,1.1542,1.15413,1.15415
2026-04-03T07:55:00+08:00,1.15416,1.15419,1.15413,1.15414
2026-04-03T08:00:00+08:00,1.15416,1.15453,1.15415,1.15436
2026-04-03T08:05:00+08:00,1.15435,1.15435,1.15423,1.15426
2026-04-03T08:10:00+08:00,1.15424,1.15426,1.15411,1.15422
2026-04-03T08:15:00+08:00,1.15421,1.15424,1.15413,1.15416
2026-04-03T08:20:00+08:00,1.15415,1.15423,1.15405,1.15418
2026-04-03T08:25:00+08:00,1.15417,1.15423,1.15409,1.15422
2026-04-03T08:30:00+08:00,1.15421,1.15443,1.15418,1.15436
2026-04-03T08:35:00+08:00,1.15435,1.15439,1.15418,1.15426
2026-04-03T08:40:00+08:00,1.15428,1.15431,1.15419,1.15431
2026-04-03T08:45:00+08:00,1.1543,1.15434,1.15425,1.15427
2026-04-03T08:50:00+08:00,1.15426,1.15432,1.15386,1.15388
2026-04-03T08:55:00+08:00,1.15387,1.15399,1.1538,1.15382
2026-04-03T09:00:00+08:00,1.15383,1.15394,1.15374,1.15388
2026-04-03T09:05:00+08:00,1.15389,1.154,1.15389,1.15397
2026-04-03T09:10:00+08:00,1.15398,1.15398,1.15385,1.15387
2026-04-03T09:15:00+08:00,1.15386,1.15395,1.15379,1.15394
2026-04-03T09:20:00+08:00,1.15396,1.15398,1.15383,1.15389
2026-04-03T09:25:00+08:00,1.15389,1.15393,1.15387,1.15387
2026-04-03T09:30:00+08:00,1.1539,1.15392,1.15375,1.15376
2026-04-03T09:35:00+08:00,1.15375,1.1538,1.15368,1.1537
2026-04-03T09:40:00+08:00,1.15371,1.15371,1.15354,1.15356
2026-04-03T09:45:00+08:00,1.15355,1.1536,1.15349,1.1536
2026-04-03T09:50:00+08:00,1.15359,1.15366,1.15358,1.1536
2026-04-03T09:55:00+08:00,1.15359,1.15362,1.15339,1.1535
2026-04-03T10:00:00+08:00,1.15352,1.15358,1.15345,1.15356
2026-04-03T10:05:00+08:00,1.15355,1.15375,1.15354,1.15373
2026-04-03T10:10:00+08:00,1.15374,1.15385,1.15365,1.1537
2026-04-03T10:15:00+08:00,1.15371,1.15371,1.15348,1.1535
2026-04-03T10:20:00+08:00,1.15346,1.15347,1.15321,1.15326
2026-04-03T10:25:00+08:00,1.15327,1.15332,1.1532,1.15323
2026-04-03T10:30:00+08:00,1.15324,1.15342,1.15322,1.15341
2026-04-03T10:35:00+08:00,1.1534,1.15348,1.1534,1.15342
2026-04-03T10:40:00+08:00,1.15342,1.15354,1.1534,1.15343
2026-04-03T10:45:00+08:00,1.15342,1.15351,1.15341,1.15346
2026-04-03T10:50:00+08:00,1.15347,1.15359,1.15346,1.15353
2026-04-03T10:55:00+08:00,1.15354,1.15371,1.15354,1.15362
2026-04-03T11:00:00+08:00,1.15363,1.15364,1.1536,1.15364
2026-04-03T11:05:00+08:00,1.15366,1.15377,1.15362,1.15367
2026-04-03T11:10:00+08:00,1.15366,1.15372,1.15365,1.1537
2026-04-03T11:15:00+08:00,1.15372,1.15373,1.1536,1.15361
2026-04-03T11:20:00+08:00,1.1536,1.15362,1.15354,1.15357
2026-04-03T11:25:00+08:00,1.15358,1.15364,1.15355,1.15362
2026-04-03T11:30:00+08:00,1.15363,1.15363,1.15361,1.15362
2026-04-03T11:35:00+08:00,1.15362,1.15367,1.15356,1.15361
2026-04-03T11:40:00+08:00,1.1536,1.15362,1.15356,1.1536
2026-04-03T11:45:00+08:00,1.15362,1.15364,1.15356,1.15358
2026-04-03T11:50:00+08:00,1.15358,1.15359,1.15342,1.15344
2026-04-03T11:55:00+08:00,1.15345,1.15368,1.15345,1.15363
2026-04-03T12:00:00+08:00,1.15363,1.15365,1.15356,1.15359
2026-04-03T12:05:00+08:00,1.15358,1.1536,1.15343,1.15351
2026-04-03T12:10:00+08:00,1.1535,1.15352,1.15347,1.15349
2026-04-03T12:15:00+08:00,1.15348,1.15353,1.15345,1.15351
2026-04-03T12:20:00+08:00,1.15352,1.15359,1.1535,1.15357
2026-04-03T12:25:00+08:00,1.15357,1.15363,1.15351,1.15351
2026-04-03T12:30:00+08:00,1.15351,1.15356,1.15345,1.15355
2026-04-03T12:35:00+08:00,1.15354,1.15359,1.15345,1.15346
2026-04-03T12:40:00+08:00,1.15345,1.15349,1.15343,1.15345
2026-04-03T12:45:00+08:00,1.15346,1.15353,1.15343,1.15348
2026-04-03T12:50:00+08:00,1.15349,1.15352,1.15338,1.15343
2026-04-03T12:55:00+08:00,1.15346,1.15351,1.15339,1.15339
2026-04-03T13:00:00+08:00,1.1534,1.1534,1.15332,1.15339
2026-04-03T13:05:00+08:00,1.15339,1.15345,1.15339,1.15342
2026-04-03T13:10:00+08:00,1.15342,1.15343,1.15328,1.15328
2026-04-03T13:15:00+08:00,1.15329,1.15329,1.15303,1.15305
2026-04-03T13:20:00+08:00,1.15303,1.15307,1.15293,1.153
2026-04-03T13:25:00+08:00,1.15299,1.1531,1.15297,1.15307
2026-04-03T13:30:00+08:00,1.15309,1.1532,1.15308,1.15319
2026-04-03T13:35:00+08:00,1.15318,1.15331,1.15313,1.15327
2026-04-03T13:40:00+08:00,1.15326,1.15361,1.15325,1.15358
2026-04-03T13:45:00+08:00,1.15359,1.15366,1.15354,1.15359
2026-04-03T13:50:00+08:00,1.15358,1.1537,1.15354,1.1537
2026-04-03T13:55:00+08:00,1.15369,1.15383,1.15364,1.15382
2026-04-03T14:00:00+08:00,1.15379,1.15382,1.15374,1.15376
2026-04-03T14:05:00+08:00,1.15375,1.15387,1.15369,1.15386
2026-04-03T14:10:00+08:00,1.15385,1.15388,1.15383,1.15385
2026-04-03T14:15:00+08:00,1.1538,1.15387,1.15379,1.15386
2026-04-03T14:20:00+08:00,1.15386,1.15393,1.15383,1.15386
2026-04-03T14:25:00+08:00,1.15385,1.15386,1.15354,1.15355
2026-04-03T14:30:00+08:00,1.15354,1.15367,1.15354,1.15359
2026-04-03T14:35:00+08:00,1.15358,1.15361,1.1535,1.15361
2026-04-03T14:40:00+08:00,1.15366,1.15392,1.15366,1.15392
2026-04-03T14:45:00+08:00,1.15389,1.15399,1.15378,1.15397
2026-04-03T14:50:00+08:00,1.15397,1.15408,1.15388,1.15388
2026-04-03T14:55:00+08:00,1.15389,1.15403,1.15384,1.15397
2026-04-03T15:00:00+08:00,1.15398,1.15413,1.15394,1.15406
2026-04-03T15:05:00+08:00,1.15407,1.15417,1.15405,1.15411
2026-04-03T15:10:00+08:00,1.1541,1.15417,1.15401,1.15415
2026-04-03T15:15:00+08:00,1.15414,1.15418,1.1541,1.1541
2026-04-03T15:20:00+08:00,1.1541,1.15452,1.1541,1.1545
2026-04-03T15:25:00+08:00,1.1545,1.15465,1.1543,1.15439
2026-04-03T15:30:00+08:00,1.1544,1.1544,1.15424,1.1543
2026-04-03T15:35:00+08:00,1.15431,1.15452,1.15425,1.15449
2026-04-03T15:40:00+08:00,1.1545,1.15464,1.15444,1.15447
2026-04-03T15:45:00+08:00,1.15453,1.15453,1.15441,1.15446
2026-04-03T15:50:00+08:00,1.15447,1.15448,1.1544,1.15447
2026-04-03T15:55:00+08:00,1.15452,1.15453,1.15425,1.15428
2026-04-03T16:00:00+08:00,1.15425,1.15443,1.1542,1.15437
2026-04-03T16:05:00+08:00,1.15436,1.15436,1.15415,1.15415
2026-04-03T16:10:00+08:00,1.15416,1.15419,1.15411,1.15413
2026-04-03T16:15:00+08:00,1.15412,1.15418,1.15401,1.15411
2026-04-03T16:20:00+08:00,1.15413,1.15422,1.15412,1.1542
2026-04-03T16:25:00+08:00,1.15421,1.1543,1.15413,1.1543
2026-04-03T16:30:00+08:00,1.15428,1.15434,1.15424,1.15432
2026-04-03T16:35:00+08:00,1.15431,1.15438,1.15429,1.15434
2026-04-03T16:40:00+08:00,1.15433,1.15448,1.15431,1.15448
2026-04-03T16:45:00+08:00,1.15446,1.15456,1.15442,1.1545
2026-04-03T16:50:00+08:00,1.15451,1.15451,1.15415,1.15427
2026-04-03T16:55:00+08:00,1.15428,1.15438,1.15426,1.15432
2026-04-03T17:00:00+08:00,1.1543,1.15439,1.15422,1.15425
2026-04-03T17:05:00+08:00,1.15426,1.15453,1.1542,1.15452
2026-04-03T17:10:00+08:00,1.15454,1.15457,1.15435,1.15442
2026-04-03T17:15:00+08:00,1.15441,1.15452,1.1544,1.15447
2026-04-03T17:20:00+08:00,1.15445,1.15446,1.15435,1.15437
2026-04-03T17:25:00+08:00,1.15436,1.15453,1.15435,1.15451
2026-04-03T17:30:00+08:00,1.15451,1.15452,1.15429,1.15439
2026-04-03T17:35:00+08:00,1.15438,1.1544,1.15428,1.15431
2026-04-03T17:40:00+08:00,1.1543,1.15437,1.15425,1.15426
2026-04-03T17:45:00+08:00,1.15427,1.15427,1.15406,1.15411
2026-04-03T17:50:00+08:00,1.15412,1.15439,1.15412,1.15429
2026-04-03T17:55:00+08:00,1.15431,1.15432,1.15418,1.15431
2026-04-03T18:00:00+08:00,1.15437,1.15437,1.15424,1.15432
2026-04-03T18:05:00+08:00,1.15431,1.15443,1.15431,1.15443
2026-04-03T18:10:00+08:00,1.15442,1.15445,1.15432,1.15441
2026-04-03T18:15:00+08:00,1.15442,1.15442,1.15428,1.15435
2026-04-03T18:20:00+08:00,1.15436,1.15448,1.15435,1.15447
2026-04-03T18:25:00+08:00,1.15448,1.15453,1.15443,1.15448
2026-04-03T18:30:00+08:00,1.15447,1.15448,1.15431,1.15437
2026-04-03T18:35:00+08:00,1.15436,1.15439,1.1543,1.15431
2026-04-03T18:40:00+08:00,1.15432,1.15433,1.15419,1.15424
2026-04-03T18:45:00+08:00,1.15423,1.1546,1.15423,1.15449
2026-04-03T18:50:00+08:00,1.15448,1.15491,1.15445,1.15485
2026-04-03T18:55:00+08:00,1.15484,1.15489,1.15448,1.15448
2026-04-03T19:00:00+08:00,1.15451,1.15458,1.15449,1.15457
2026-04-03T19:05:00+08:00,1.15457,1.15464,1.15454,1.15463
2026-04-03T19:10:00+08:00,1.15464,1.15469,1.1544,1.15447
2026-04-03T19:15:00+08:00,1.15446,1.15447,1.15432,1.15441
2026-04-03T19:20:00+08:00,1.15442,1.15452,1.15434,1.15441
2026-04-03T19:25:00+08:00,1.15439,1.15441,1.15421,1.15432
2026-04-03T19:30:00+08:00,1.15431,1.15446,1.1542,1.15423
2026-04-03T19:35:00+08:00,1.15421,1.15427,1.15408,1.1541
2026-04-03T19:40:00+08:00,1.15413,1.15431,1.1541,1.15426
2026-04-03T19:45:00+08:00,1.15427,1.15448,1.15426,1.15433
2026-04-03T19:50:00+08:00,1.15432,1.1545,1.1543,1.15442
2026-04-03T19:55:00+08:00,1.15441,1.15454,1.15435,1.15444
2026-04-03T20:00:00+08:00,1.15446,1.15455,1.15437,1.15447
2026-04-03T20:05:00+08:00,1.15443,1.15447,1.1541,1.15425
2026-04-03T20:10:00+08:00,1.15427,1.15443,1.15418,1.15435
2026-04-03T20:15:00+08:00,1.15436,1.15437,1.15414,1.15427
2026-04-03T20:20:00+08:00,1.15426,1.1545,1.15421,1.15441
2026-04-03T20:25:00+08:00,1.15442,1.15461,1.15418,1.1542
2026-04-03T20:30:00+08:00,1.15423,1.15423,1.15175,1.15285
2026-04-03T20:35:00+08:00,1.15286,1.15314,1.15254,1.15313
2026-04-03T20:40:00+08:00,1.15315,1.15334,1.15298,1.15319
2026-04-03T20:45:00+08:00,1.15319,1.15339,1.15287,1.15313
2026-04-03T20:50:00+08:00,1.15311,1.15327,1.15292,1.15323
2026-04-03T20:55:00+08:00,1.15324,1.15328,1.15302,1.15309
2026-04-03T21:00:00+08:00,1.15309,1.15337,1.15293,1.15324
2026-04-03T21:05:00+08:00,1.15325,1.15336,1.15314,1.15317
2026-04-03T21:10:00+08:00,1.1532,1.15383,1.1532,1.15371
2026-04-03T21:15:00+08:00,1.15372,1.15387,1.15359,1.1536
2026-04-03T21:20:00+08:00,1.15362,1.15367,1.1532,1.15332
2026-04-03T21:25:00+08:00,1.15331,1.15331,1.15308,1.1531
2026-04-03T21:30:00+08:00,1.15308,1.15329,1.15304,1.15316
2026-04-03T21:35:00+08:00,1.15315,1.15327,1.1528,1.15281
2026-04-03T21:40:00+08:00,1.15283,1.1531,1.15281,1.15307
2026-04-03T21:45:00+08:00,1.15307,1.15341,1.15306,1.15321
2026-04-03T21:50:00+08:00,1.15322,1.15325,1.15306,1.15306
2026-04-03T21:55:00+08:00,1.15305,1.15358,1.15305,1.15348
2026-04-03T22:00:00+08:00,1.1535,1.15366,1.15294,1.15294
2026-04-03T22:05:00+08:00,1.15297,1.15318,1.15288,1.15294
2026-04-03T22:10:00+08:00,1.15285,1.15289,1.15267,1.15276
2026-04-03T22:15:00+08:00,1.15275,1.15284,1.15268,1.15274
2026-04-03T22:20:00+08:00,1.15275,1.15283,1.15262,1.15264
2026-04-03T22:25:00+08:00,1.15263,1.15269,1.15244,1.15262
2026-04-03T22:30:00+08:00,1.15266,1.15278,1.15259,1.15259
2026-04-03T22:35:00+08:00,1.1526,1.15264,1.15247,1.1525
2026-04-03T22:40:00+08:00,1.15251,1.15272,1.15248,1.1526
2026-04-03T22:45:00+08:00,1.15258,1.15263,1.15236,1.15245
2026-04-03T22:50:00+08:00,1.15246,1.15253,1.15224,1.15225
2026-04-03T22:55:00+08:00,1.15223,1.15228,1.15209,1.15212
2026-04-03T23:00:00+08:00,1.15211,1.15242,1.15211,1.15239
2026-04-03T23:05:00+08:00,1.1524,1.15241,1.15225,1.15226
2026-04-03T23:10:00+08:00,1.15226,1.15256,1.1522,1.15251
2026-04-03T23:15:00+08:00,1.15256,1.15279,1.15248,1.15263
2026-04-03T23:20:00+08:00,1.15266,1.15269,1.15246,1.15254
2026-04-03T23:25:00+08:00,1.15256,1.15257,1.15245,1.15252
2026-04-03T23:30:00+08:00,1.15251,1.15257,1.15245,1.15252
2026-04-03T23:35:00+08:00,1.15251,1.15251,1.15225,1.15236
2026-04-03T23:40:00+08:00,1.15236,1.15245,1.15225,1.1523
2026-04-03T23:45:00+08:00,1.15229,1.15241,1.15222,1.15228
2026-04-03T23:50:00+08:00,1.15226,1.15242,1.15224,1.15238
2026-04-03T23:55:00+08:00,1.15239,1.15241,1.15201,1.15223
2026-04-04T00:00:00+08:00,1.1522,1.15225,1.15206,1.1521
2026-04-04T00:05:00+08:00,1.15211,1.15215,1.15202,1.15203
2026-04-04T00:10:00+08:00,1.15191,1.15218,1.15191,1.15208
2026-04-04T00:15:00+08:00,1.15208,1.15214,1.15199,1.152
2026-04-04T00:20:00+08:00,1.15199,1.15209,1.15187,1.15195
2026-04-04T00:25:00+08:00,1.15195,1.15204,1.15191,1.15201
2026-04-04T00:30:00+08:00,1.15204,1.15211,1.15193,1.15205
2026-04-04T00:35:00+08:00,1.15203,1.15211,1.15199,1.15203
2026-04-04T00:40:00+08:00,1.152,1.15206,1.152,1.15203
2026-04-04T00:45:00+08:00,1.15204,1.15217,1.15202,1.15213
2026-04-04T00:50:00+08:00,1.15214,1.15218,1.15207,1.15209
2026-04-04T00:55:00+08:00,1.15209,1.1521,1.1519,1.15191
2026-04-04T01:00:00+08:00,1.15191,1.15205,1.15189,1.15199
2026-04-04T01:05:00+08:00,1.15199,1.15208,1.15191,1.15201
2026-04-04T01:10:00+08:00,1.15202,1.15209,1.1519,1.15191
2026-04-04T01:15:00+08:00,1.15192,1.15208,1.15187,1.15191
2026-04-04T01:20:00+08:00,1.1519,1.15205,1.15188,1.15198
2026-04-04T01:25:00+08:00,1.15197,1.152,1.1519,1.15191
2026-04-04T01:30:00+08:00,1.1519,1.15199,1.15185,1.15189
2026-04-04T01:35:00+08:00,1.15191,1.15217,1.1519,1.15217
2026-04-04T01:40:00+08:00,1.15218,1.1522,1.15191,1.15205
2026-04-04T01:45:00+08:00,1.15206,1.15208,1.15184,1.15196
2026-04-04T01:50:00+08:00,1.15199,1.15202,1.15191,1.15196
2026-04-04T01:55:00+08:00,1.15198,1.15204,1.15195,1.15202
2026-04-04T02:00:00+08:00,1.15203,1.15213,1.15198,1.15205
2026-04-04T02:05:00+08:00,1.15207,1.1521,1.15186,1.15192
2026-04-04T02:10:00+08:00,1.15192,1.152,1.15192,1.15199
2026-04-04T02:15:00+08:00,1.15196,1.15201,1.15195,1.15195
2026-04-04T02:20:00+08:00,1.152,1.15201,1.15193,1.15194
2026-04-04T02:25:00+08:00,1.15193,1.15196,1.1519,1.15192
2026-04-04T02:30:00+08:00,1.15191,1.15194,1.15189,1.1519
2026-04-04T02:35:00+08:00,1.15191,1.15193,1.1514,1.15144
2026-04-04T02:40:00+08:00,1.15145,1.15171,1.15142,1.15149
2026-04-04T02:45:00+08:00,1.15148,1.15151,1.15142,1.15147
2026-04-04T02:50:00+08:00,1.15146,1.15169,1.15141,1.15165
2026-04-04T02:55:00+08:00,1.15161,1.15166,1.15144,1.15145
2026-04-04T03:00:00+08:00,1.15145,1.15151,1.15143,1.15149
2026-04-04T03:05:00+08:00,1.1515,1.15151,1.15146,1.15149
2026-04-04T03:10:00+08:00,1.15149,1.15161,1.15145,1.15158
2026-04-04T03:15:00+08:00,1.15157,1.15158,1.15146,1.15148
2026-04-04T03:20:00+08:00,1.15147,1.1515,1.15147,1.15148
2026-04-04T03:25:00+08:00,1.15149,1.1515,1.15146,1.15149
2026-04-04T03:30:00+08:00,1.15148,1.1515,1.15147,1.15149
2026-04-04T03:35:00+08:00,1.1515,1.1515,1.15147,1.15149
2026-04-04T03:40:00+08:00,1.15149,1.15151,1.15146,1.15147
2026-04-04T03:45:00+08:00,1.15144,1.15145,1.1514,1.15144
2026-04-04T03:50:00+08:00,1.15143,1.15147,1.15142,1.15147
2026-04-04T03:55:00+08:00,1.15146,1.15147,1.15141,1.15143
2026-04-04T04:00:00+08:00,1.15142,1.15146,1.15142,1.15144
2026-04-04T04:05:00+08:00,1.15144,1.15178,1.15144,1.15178
2026-04-04T04:10:00+08:00,1.15177,1.15297,1.15165,1.15185
2026-04-04T04:15:00+08:00,1.15184,1.15193,1.15149,1.15174
2026-04-04T04:20:00+08:00,1.15168,1.15192,1.1513,1.15182
2026-04-04T04:25:00+08:00,1.15181,1.15195,1.1512,1.15147
2026-04-04T04:30:00+08:00,1.15171,1.15176,1.15128,1.15136
2026-04-04T04:35:00+08:00,1.15135,1.15167,1.15131,1.15147
2026-04-04T04:40:00+08:00,1.15139,1.15148,1.15114,1.15123
2026-04-04T04:45:00+08:00,1.15127,1.15153,1.151,1.15127
2026-04-04T04:50:00+08:00,1.15129,1.15148,1.15116,1.1514