time,open,high,low,close,EMA,3-4 AM,10-11 AM,2-3 PM,Shapes,Shapes,Trend MA,TF1 Trend,TF2 Trend,TF3 Trend,TF4 Trend
2025-11-27T23:00:00+08:00,4153.18,4158.72,4153.05,4157.27,4156.615304596735,,,,0,0,,3,2,1,0
2025-11-27T23:15:00+08:00,4157.34,4161.77,4157.05,4161.26,4156.79744951451,,,,0,0,,3,2,1,0
2025-11-27T23:30:00+08:00,4161.15,4161.15,4158.31,4159.81,4156.915588749235,0,1,0,0,0,,3,2,1,0
2025-11-27T23:45:00+08:00,4159.8,4160.81,4157.05,4158.04,4156.959683308089,0,0,0,0,0,,3,2,1,0
2025-11-28T00:00:00+08:00,4158.04,4158.44,4153.36,4155.49,4156.902048668556,0,0,0,0,0,,3,2,1,0
2025-11-28T00:15:00+08:00,4155.53,4155.9,4151.31,4154.18,4156.795301661946,0,0,0,0,0,,3,2,1,0
2025-11-28T00:30:00+08:00,4154.14,4155.72,4153.9,4155.16,4156.7311721850065,0,0,0,0,0,,3,2,1,0
2025-11-28T00:45:00+08:00,4155.29,4157.49,4154.46,4156.27,4156.713087001281,0,0,0,0,0,,3,2,1,0
2025-11-28T01:00:00+08:00,4156.3,4157.24,4154.88,4155.3,4156.65767182476,0,0,0,0,0,,3,2,1,0
2025-11-28T01:15:00+08:00,4155.43,4157.09,4154.75,4156.86,4156.6656062630045,0,0,0,0,0,,3,2,1,0
2025-11-28T01:30:00+08:00,4156.87,4158.09,4156.43,4157.26,4156.688915821318,0,0,0,0,0,,3,2,1,0
2025-11-28T01:45:00+08:00,4157.34,4159.26,4157.05,4157.84,4156.734056377345,0,0,0,0,0,,3,2,1,0
2025-11-28T02:00:00+08:00,4157.9,4158.54,4156.17,4156.79,4156.7362502449005,0,0,0,0,0,,3,2,1,0
2025-11-28T02:15:00+08:00,4156.8,4157.81,4155.7,4156.44,4156.724632588238,0,0,0,0,0,,3,2,1,0
2025-11-28T02:30:00+08:00,4156.39,4157.92,4156.14,4157.38,4156.750333271052,0,0,0,0,0,,3,2,1,0
2025-11-28T02:45:00+08:00,4157.37,4159.93,4157.08,4159.29,4156.849928044737,0,0,0,0,0,,3,2,1,0
2025-11-28T03:00:00+08:00,4159.31,4160.43,4158.98,4159.6,4156.957774003767,0,0,0,0,0,,3,2,1,0
2025-11-28T03:15:00+08:00,4159.74,4160.16,4157.02,4157.35,4156.973155415384,0,0,0,0,0,,3,2,1,0
2025-11-28T07:00:00+08:00,4159.71,4163.17,4158.22,4162.66,4157.196168928506,0,0,1,0,0,,3,2,1,0
2025-11-28T07:15:00+08:00,4162.79,4163.16,4160.91,4162.75,4157.413966225427,0,0,0,0,0,,3,2,1,0
2025-11-28T07:30:00+08:00,4162.89,4163.79,4162.08,4162.83,4157.626359706784,0,0,0,0,0,,3,2,1,0
2025-11-28T07:45:00+08:00,4162.59,4163.99,4162.06,4163.47,4157.855522071223,0,0,0,0,0,,3,2,1,0
2025-11-28T08:00:00+08:00,4163.46,4168.85,4162.93,4167.67,4158.240403558626,0,0,0,0,0,,3,2,1,0
2025-11-28T08:15:00+08:00,4167.68,4171.89,4166.57,4170.55,4158.723132830837,0,0,0,0,0,,3,2,1,0
2025-11-28T08:30:00+08:00,4170.53,4182.9,4170.32,4178.95,4159.516343308059,0,0,0,0,0,,3,2,1,0
2025-11-28T08:45:00+08:00,4179.01,4182.58,4178.15,4180.69,4160.346682786174,0,0,0,0,0,,3,2,1,0
2025-11-28T09:00:00+08:00,4180.69,4191.52,4180.68,4186.59,4161.375832480834,0,0,0,0,0,,3,2,1,0
2025-11-28T09:15:00+08:00,4186.56,4189.84,4183.19,4187.24,4162.390113560017,0,0,0,0,0,,3,2,1,0
2025-11-28T09:30:00+08:00,4187.13,4193.15,4185.99,4192.24,4163.560697341977,0,0,0,0,0,,3,2,1,0
2025-11-28T09:45:00+08:00,4192.42,4192.83,4190.15,4191.14,4164.642238622684,0,0,0,0,0,,3,2,1,0
2025-11-28T10:00:00+08:00,4190.98,4191.23,4187.06,4189.51,4165.617444951206,0,0,0,0,0,,3,2,1,0
2025-11-28T10:15:00+08:00,4189.52,4192.27,4188.45,4189.89,4166.569309855081,0,0,0,0,0,,3,2,1,0
2025-11-28T10:30:00+08:00,4189.89,4190.55,4185.89,4187.86,4167.404238880372,0,0,0,0,0,,3,2,1,0
2025-11-28T10:45:00+08:00,4187.91,4189.83,4187.2,4189.58,4168.2738765713375,0,0,0,0,0,,3,2,1,0
2025-11-28T11:00:00+08:00,4189.45,4191.93,4184.79,4187.98,4169.046665725403,0,0,0,0,0,,3,2,1,0
2025-11-28T11:15:00+08:00,4187.99,4188.12,4185.76,4187.95,4169.787972951857,0,0,0,0,0,,3,2,1,0
2025-11-28T11:30:00+08:00,4188.12,4189.16,4183.34,4183.66,4170.331974012569,0,0,0,0,0,,3,2,1,0
2025-11-28T11:45:00+08:00,4183.59,4185.51,4182.62,4184.28,4170.878955423841,0,0,0,0,0,,3,2,1,0
2025-11-28T12:00:00+08:00,4184.08,4187.52,4182.46,4186.45,4171.4895846229065,0,0,0,0,0,,3,2,1,0
2025-11-28T12:15:00+08:00,4186.41,4187.07,4178.77,4180.16,4171.829600912204,0,0,0,0,0,,3,2,1,0
2025-11-28T12:30:00+08:00,4180.31,4186.28,4178.51,4186.06,4172.387655778392,0,0,0,0,0,,3,2,1,0
2025-11-28T12:45:00+08:00,4185.92,4188.79,4185.64,4188.7,4173.027355551789,0,0,0,0,0,,3,2,1,0
2025-11-28T13:00:00+08:00,4188.58,4188.88,4166.68,4182.83,4173.4117729811305,0,0,0,0,0,,3,2,1,0
2025-11-28T13:15:00+08:00,4182.7,4188.29,4170.1,4184.89,4173.86189953089,0,0,0,0,0,,3,2,1,0
2025-11-28T13:30:00+08:00,4184.88,4185.79,4183.38,4184.95,4174.296727000266,0,0,0,0,0,,3,2,1,0
2025-11-28T13:45:00+08:00,4184.99,4185.84,4182.28,4182.64,4174.623914176726,0,0,0,0,0,,3,2,1,0
2025-11-28T14:00:00+08:00,4182.49,4184,4181.74,4183.94,4174.989250875678,0,0,0,0,0,,3,2,1,0
2025-11-28T14:15:00+08:00,4183.82,4185.35,4182.49,4185.27,4175.392417508005,0,0,0,0,0,,3,2,1,0
2025-11-28T14:30:00+08:00,4185.28,4188.4,4184.95,4188.14,4175.892322703769,0,0,0,0,0,,3,2,1,0
2025-11-28T14:45:00+08:00,4188.13,4188.81,4186.88,4187.53,4176.348702205582,0,0,0,0,0,,3,2,1,0
2025-11-28T15:00:00+08:00,4187.52,4187.87,4184.28,4185.38,4176.70287074654,0,0,0,0,0,,3,2,1,0
2025-11-28T15:15:00+08:00,4185.37,4186.52,4182.02,4183.07,4176.952562089813,0,0,0,0,0,,3,2,1,0
2025-11-28T15:30:00+08:00,4182.97,4183.55,4179.46,4179.66,4177.058736125507,0,0,0,0,0,,3,2,1,0
2025-11-28T15:45:00+08:00,4179.62,4179.87,4174.25,4174.86,4176.972511179409,0,0,0,0,0,,3,2,1,0
2025-11-28T16:00:00+08:00,4174.65,4176.68,4158.37,4171.78,4176.76888329002,0,0,0,0,0,,3,2,1,0
2025-11-28T16:15:00+08:00,4171.31,4172.07,4153.98,4160.32,4176.123829043353,0,0,0,0,0,,3,2,1,0
2025-11-28T16:30:00+08:00,4160.33,4171.34,4152.58,4160.21,4175.499757316163,1,0,0,0,0,,3,2,1,0
2025-11-28T16:45:00+08:00,4159.75,4173.6,4155.22,4170.33,4175.297021735137,0,0,0,0,0,,3,2,1,0
2025-11-28T17:00:00+08:00,4166.28,4168.33,4161.55,4162.02,4174.776354216112,0,0,0,0,0,,3,2,1,0
2025-11-28T17:15:00+08:00,4162.63,4166,4157.94,4161.64,4174.261203070382,0,0,0,0,0,,3,2,1,0
2025-11-28T17:30:00+08:00,4161.73,4165.42,4160.09,4163.56,4173.841548048014,0,0,0,0,0,,3,2,1,0
2025-11-28T17:45:00+08:00,4163.26,4166.75,4163.06,4165.8,4173.526193222602,0,0,0,0,0,,3,2,1,0
2025-11-28T18:00:00+08:00,4166.04,4174.67,4165.76,4172.36,4173.4804601550495,0,0,0,0,0,,3,2,1,0
2025-11-28T18:15:00+08:00,4172.37,4178.43,4167.19,4168.71,4173.293383286224,0,0,0,0,0,,3,2,1,0
2025-11-28T18:30:00+08:00,4168.61,4169.78,4160.22,4165.26,4172.978348647548,0,0,0,0,0,,3,2,1,0
2025-11-28T18:45:00+08:00,4165.44,4169.66,4162.29,4163.55,4172.608609484899,0,0,0,0,0,,3,2,1,0
2025-11-28T19:00:00+08:00,4163.53,4173.85,4162.31,4172.06,4172.587095387452,0,0,0,0,0,,3,2,1,0
2025-11-28T19:15:00+08:00,4171.93,4179.8,4171.26,4174.18,4172.649562235003,0,0,0,0,0,,3,2,1,0
2025-11-28T19:30:00+08:00,4174.14,4177.31,4173.23,4173.99,4172.702128421865,0,0,0,0,0,,3,2,1,0
2025-11-28T19:45:00+08:00,4173.97,4175.27,4171.33,4171.58,4172.658123385714,0,0,0,0,0,,3,2,1,0
2025-11-28T20:00:00+08:00,4170.72,4177.15,4167.48,4176.09,4172.792706782353,0,0,0,0,0,,3,2,1,0
2025-11-28T20:15:00+08:00,4175.85,4176.81,4171.48,4174.12,4172.84475749677,0,0,0,0,0,,3,2,1,0
2025-11-28T20:30:00+08:00,4173.91,4175.39,4173.25,4174.35,4172.9037866145445,0,0,0,0,0,,3,2,1,0
2025-11-28T20:45:00+08:00,4174.36,4176.29,4173.41,4175.8,4173.017363610053,0,0,0,0,0,,3,2,1,0
2025-11-28T21:00:00+08:00,4175.91,4178.28,4171.27,4172.92,4173.013545429266,0,0,0,0,0,,3,2,1,0
2025-11-28T21:15:00+08:00,4172.64,4173.92,4168.52,4170.69,4172.922426000667,0,0,0,0,0,,3,2,1,0
2025-11-28T21:30:00+08:00,4170.54,4178.52,4168.15,4173.25,4172.9352720398565,0,0,0,0,0,,3,2,1,0
2025-11-28T21:45:00+08:00,4173.46,4183.03,4172.09,4182.45,4173.308398626529,0,0,0,0,0,,3,2,1,0
2025-11-28T22:00:00+08:00,4182.48,4191.96,4182.4,4191.9,4174.037481033332,0,0,0,0,0,,3,2,1,0
2025-11-28T22:15:00+08:00,4191.92,4199.94,4190.65,4196.48,4174.917579816339,0,0,0,0,0,,3,2,1,0
2025-11-28T22:30:00+08:00,4196.49,4208.85,4194.76,4199.59,4175.885125705894,0,0,0,0,0,,3,2,1,0
2025-11-28T22:45:00+08:00,4199.42,4202.88,4194.73,4198.02,4176.7531599919375,0,0,0,0,0,,3,2,1,0
2025-11-28T23:00:00+08:00,4197.91,4199.07,4185.61,4189.59,4177.25656548245,0,0,0,0,0,,3,2,1,0
2025-11-28T23:15:00+08:00,4189.33,4197.86,4185.8,4197.07,4178.033562914511,0,0,0,0,0,,3,2,1,0
2025-11-28T23:30:00+08:00,4197.08,4198.65,4193.57,4197.43,4178.794207506099,0,1,0,0,0,,3,2,1,0
2025-11-28T23:45:00+08:00,4197.36,4203.96,4196.18,4203.65,4179.768944466644,0,0,0,0,0,,3,2,1,0
2025-11-29T00:00:00+08:00,4203.7,4206.01,4197.72,4199.48,4180.541927036579,0,0,0,0,0,,3,2,1,0
2025-11-29T00:15:00+08:00,4199.57,4210.52,4199.1,4209.37,4181.6724397018115,0,0,0,0,0,,3,2,1,0
2025-11-29T00:30:00+08:00,4209.38,4210.79,4202.22,4206.49,4182.645677360564,0,0,0,0,0,,3,2,1,0
2025-11-29T00:45:00+08:00,4206.47,4209.52,4204.87,4206.14,4183.567023346424,0,0,0,0,0,,3,2,1,0
2025-11-29T01:00:00+08:00,4206.32,4211.62,4204.49,4207.06,4184.488316548525,0,0,0,0,0,,3,2,1,0
2025-11-29T01:15:00+08:00,4207.27,4208.86,4205.63,4206.84,4185.364853154466,0,0,0,0,0,,3,2,1,0
2025-11-29T01:30:00+08:00,4206.83,4212.4,4206.23,4212.06,4186.411721658213,0,0,0,0,0,,3,2,1,0
2025-11-29T01:45:00+08:00,4212.06,4216.86,4210.92,4216.76,4187.601850220635,0,0,0,0,0,,3,2,1,0
2025-11-29T02:00:00+08:00,4216.85,4217.31,4210.95,4215.21,4188.684522761003,0,0,0,0,0,,3,2,1,0
2025-11-29T02:15:00+08:00,4215.23,4220.77,4214.55,4220.1,4189.916502260571,0,0,0,0,0,,3,2,1,0
2025-11-29T02:30:00+08:00,4220.15,4226.82,4218.71,4221.89,4191.1703649170195,0,0,0,0,0,,3,2,1,0
2025-11-29T02:45:00+08:00,4221.41,4223.59,4219.32,4220.46,4192.3189780575285,0,0,0,0,0,,3,2,1,0
2025-11-29T03:00:00+08:00,4220.44,4222.02,4218.72,4219.2,4193.373135780763,0,0,0,0,0,,3,2,1,0
2025-11-29T03:15:00+08:00,4219.15,4219.62,4216.18,4217.54,4194.320855946223,0,0,0,0,0,,3,2,1,0
2025-11-29T03:30:00+08:00,4217.56,4221.48,4216.81,4219.26,4195.298861595391,0,0,1,0,0,,3,2,1,0
2025-11-29T03:45:00+08:00,4219.29,4219.29,4219.29,4219.29,4196.239690552435,0,0,0,0,0,,3,2,1,0
2025-12-01T07:00:00+08:00,4229.15,4230.95,4205.56,4217.03,4197.05499680528,0,0,0,0,0,,3,2,1,0
2025-12-01T07:15:00+08:00,4216.74,4224.63,4213.9,4221.87,4198.028134185465,0,0,0,0,0,,3,2,1,0
2025-12-01T07:30:00+08:00,4221.7,4225.42,4219.66,4223.82,4199.039579903682,0,0,0,0,0,,3,2,1,0
2025-12-01T07:45:00+08:00,4223.78,4225.22,4222.11,4222.15,4199.945870887852,0,0,0,0,0,,3,2,1,0
2025-12-01T08:00:00+08:00,4222.13,4224.26,4219.04,4223.15,4200.855836735387,0,0,0,0,0,,3,2,1,0
2025-12-01T08:15:00+08:00,4223.14,4232.49,4218.15,4226.97,4201.879921569293,0,0,0,0,0,,3,2,1,0
2025-12-01T08:30:00+08:00,4227,4232.39,4226.52,4231.74,4203.050905037164,0,0,0,0,0,,3,2,1,0
2025-12-01T08:45:00+08:00,4231.81,4233.76,4226.12,4230.87,4204.141849937667,0,0,0,0,0,,3,2,1,0
2025-12-01T09:00:00+08:00,4230.74,4233.41,4219.77,4228.27,4205.088051900896,0,0,0,0,0,,3,2,1,0
2025-12-01T09:15:00+08:00,4228.5,4239.4,4224.68,4238.71,4206.406559669488,0,0,0,0,0,,3,2,1,0
2025-12-01T09:30:00+08:00,4238.71,4243.86,4234.93,4241.22,4207.7717926236255,0,0,0,0,0,,3,2,1,0
2025-12-01T09:45:00+08:00,4241.18,4256.06,4237.14,4255.45,4209.641526246229,0,0,0,0,0,,3,2,1,0
2025-12-01T10:00:00+08:00,4255.52,4256.4,4245.39,4248.26,4211.155976197357,0,0,0,0,0,,3,2,1,0
2025-12-01T10:15:00+08:00,4248.5,4248.74,4240.7,4241.27,4212.336918307265,0,0,0,0,0,,3,2,1,0
2025-12-01T10:30:00+08:00,4241.28,4241.64,4234.55,4239.76,4213.412333275607,0,0,0,0,0,,3,2,1,0
2025-12-01T10:45:00+08:00,4239.77,4243.21,4237.66,4242.85,4214.566751578524,0,0,0,0,0,,3,2,1,0
2025-12-01T11:00:00+08:00,4242.86,4243.9,4232.55,4234.13,4215.333937791132,0,0,0,0,0,,3,2,1,0
2025-12-01T11:15:00+08:00,4234.03,4238.41,4232.81,4235.1,4216.109077485597,0,0,0,0,0,,3,2,1,0
2025-12-01T11:30:00+08:00,4235.12,4240.77,4234.85,4238.26,4216.977741113612,0,0,0,0,0,,3,2,1,0
2025-12-01T11:45:00+08:00,4238.24,4240.11,4234.78,4239.34,4217.85469244249,0,0,0,0,0,,3,2,1,0
2025-12-01T12:00:00+08:00,4239.39,4239.46,4236.36,4238.9,4218.679998621215,0,0,0,0,0,,3,2,1,0
2025-12-01T12:15:00+08:00,4238.97,4240.5,4237.53,4239.79,4219.50784181254,0,0,0,0,0,,3,2,1,0
2025-12-01T12:30:00+08:00,4239.85,4243.12,4239.33,4241.84,4220.383612721853,0,0,0,0,0,,3,2,1,0
2025-12-01T12:45:00+08:00,4241.83,4246.99,4241.83,4245.58,4221.371706340604,0,0,0,0,0,,3,2,1,0
2025-12-01T13:00:00+08:00,4245.97,4246.56,4229.46,4232.72,4221.816737464502,0,0,0,0,0,,3,2,1,0
2025-12-01T13:15:00+08:00,4232.7,4233.55,4215.18,4220.06,4221.747845799227,0,0,0,0,0,,3,2,1,0
2025-12-01T13:30:00+08:00,4220.08,4227.81,4217.52,4224.27,4221.846753807101,0,0,0,0,0,,3,2,1,0
2025-12-01T13:45:00+08:00,4224.27,4231.54,4223.51,4229.54,4222.148449736234,0,0,0,0,0,,3,2,1,0
2025-12-01T14:00:00+08:00,4229.59,4233.81,4228.4,4233.08,4222.5771379818725,0,0,0,0,0,,3,2,1,0
2025-12-01T14:15:00+08:00,4233.1,4233.55,4226.15,4231.7,4222.934897276701,0,0,0,0,0,,3,2,1,0
2025-12-01T14:30:00+08:00,4231.68,4235.64,4229.91,4235.4,4223.423724834478,0,0,0,0,0,,3,2,1,0
2025-12-01T14:45:00+08:00,4235.47,4240.51,4235.08,4236.77,4223.947108174302,0,0,0,0,0,,3,2,1,0
2025-12-01T15:00:00+08:00,4236.79,4239.38,4233.66,4237.05,4224.460947069428,0,0,0,0,0,,3,2,1,0
2025-12-01T15:15:00+08:00,4237.08,4242.59,4231.55,4240.73,4225.098949145136,0,0,0,0,0,,3,2,1,0
2025-12-01T15:30:00+08:00,4240.74,4243.41,4240.15,4240.19,4225.690755061013,0,0,0,0,0,,3,2,1,0
2025-12-01T15:45:00+08:00,4240.15,4246.65,4238.1,4245.14,4226.453470548817,0,0,0,0,0,,3,2,1,0
2025-12-01T16:00:00+08:00,4245.32,4252.72,4244.71,4250.77,4227.407059939059,0,0,0,0,0,,3,2,1,0
2025-12-01T16:15:00+08:00,4250.9,4253.62,4249.36,4249.55,4228.275410529684,0,0,0,0,0,,3,2,1,0
2025-12-01T16:30:00+08:00,4249.7,4250.12,4240.94,4242.5,4228.833237567736,1,0,0,0,0,,3,2,1,0
2025-12-01T16:45:00+08:00,4242.51,4244.64,4238.39,4244.59,4229.451149819982,0,0,0,0,0,,3,2,1,0
2025-12-01T17:00:00+08:00,4244.87,4249.87,4244.87,4249.4,4230.233457670179,0,0,0,0,0,,3,2,1,0
2025-12-01T17:15:00+08:00,4249.43,4251.83,4246.74,4251.45,4231.065478938015,0,0,0,0,0,,3,2,1,0
2025-12-01T17:30:00+08:00,4251.21,4251.55,4246.61,4247.63,4231.715067999269,0,0,0,0,0,,3,2,1,0
2025-12-01T17:45:00+08:00,4247.62,4250.66,4243.73,4250.11,4232.436437881651,0,0,0,1,0,,3,2,1,0
2025-12-01T18:00:00+08:00,4250.13,4262.32,4249.04,4258.72,4233.4671658078605,0,0,0,0,0,,3,2,1,0
2025-12-01T18:15:00+08:00,4258.8,4259.29,4252.44,4253.63,4234.257865187945,0,0,0,0,0,,3,2,1,0
2025-12-01T18:30:00+08:00,4253.54,4255,4251.35,4254.28,4235.04304694528,0,0,0,0,0,,3,2,1,0
2025-12-01T18:45:00+08:00,4254.22,4257.94,4253.11,4255.68,4235.852339221936,0,0,0,0,0,,3,2,1,0
2025-12-01T19:00:00+08:00,4255.77,4256.69,4250.66,4251.56,4236.468325919115,0,0,0,0,0,,3,2,1,0
2025-12-01T19:15:00+08:00,4251.51,4255.71,4248.09,4254.39,4237.171136667385,0,0,0,0,0,,3,2,1,0
2025-12-01T19:30:00+08:00,4254.27,4258.55,4251.97,4258.4,4238.003641111802,0,0,0,0,0,,3,2,1,0
2025-12-01T19:45:00+08:00,4258.39,4258.5,4253.2,4254.63,4238.655655185848,0,0,0,0,0,,3,2,1,0
2025-12-01T20:00:00+08:00,4254.59,4256.61,4247.68,4249.11,4239.065629492286,0,0,0,0,0,,3,2,1,0
2025-12-01T20:15:00+08:00,4248.95,4254.49,4247.76,4252.61,4239.596781276902,0,0,0,0,0,,3,2,1,0
2025-12-01T20:30:00+08:00,4252.64,4256.38,4250.44,4252.62,4240.107495736632,0,0,0,0,0,,3,2,1,0
2025-12-01T20:45:00+08:00,4252.47,4252.96,4244.3,4246.58,4240.361319433235,0,0,0,0,0,,3,2,1,0
2025-12-01T21:00:00+08:00,4246.57,4256.31,4245.69,4254.31,4240.908326514284,0,0,0,0,0,,3,2,1,0
2025-12-01T21:15:00+08:00,4254.33,4257.6,4250.12,4256.93,4241.536627435293,0,0,0,0,0,,3,2,1,0
2025-12-01T21:30:00+08:00,4256.89,4264.59,4256.89,4262.02,4242.339896947634,0,0,0,0,0,,3,2,1,0
2025-12-01T21:45:00+08:00,4262.13,4263.34,4247.18,4247.43,4242.53950883204,0,0,0,0,0,,3,2,1,0
2025-12-01T22:00:00+08:00,4247.46,4249.3,4238.46,4247.11,4242.718743779803,0,0,0,0,0,,3,2,1,0
2025-12-01T22:15:00+08:00,4247.1,4249.26,4242.09,4246.54,4242.868596964909,0,0,0,0,0,,3,2,1,0
2025-12-01T22:30:00+08:00,4246.59,4247.97,4219.77,4225.49,4242.187083358442,0,0,0,0,0,,3,2,1,0
2025-12-01T22:45:00+08:00,4225.58,4241.49,4222.75,4240.06,4242.103668324778,0,0,0,0,0,,3,2,1,0
2025-12-01T23:00:00+08:00,4240.05,4245.1,4230.58,4231.47,4241.686661723806,0,0,0,0,0,,3,2,1,0
2025-12-01T23:15:00+08:00,4231.56,4231.95,4219.3,4227.92,4241.146792636598,0,0,0,0,0,,3,2,1,0
2025-12-01T23:30:00+08:00,4228.18,4236.49,4222.05,4228.9,4240.666526258692,0,1,0,0,0,,3,2,1,0
2025-12-01T23:45:00+08:00,4228.89,4233.9,4221.89,4232.44,4240.343917385802,0,0,0,0,0,,3,2,1,0
2025-12-02T00:00:00+08:00,4232.5,4239.89,4231.59,4237.16,4240.219057880477,0,0,0,0,0,,3,2,1,0
2025-12-02T00:15:00+08:00,4237,4240,4226.74,4239.75,4240.200663453791,0,0,0,0,0,,3,2,1,0
2025-12-02T00:30:00+08:00,4239.68,4240.33,4230.61,4238.95,4240.151617828153,0,0,0,0,0,,3,2,1,0
2025-12-02T00:45:00+08:00,4238.81,4242.4,4225.12,4226.06,4239.599005364304,0,0,0,0,0,,3,2,1,0
2025-12-02T01:00:00+08:00,4226.05,4233.61,4223.31,4230.04,4239.224142408841,0,0,0,0,0,,3,2,1,0
2025-12-02T01:15:00+08:00,4230.45,4236.71,4227.27,4235.55,4239.080058392808,0,0,0,0,0,,3,2,1,0
2025-12-02T01:30:00+08:00,4235.57,4239.57,4235.29,4238.89,4239.072605122501,0,0,0,0,0,,3,2,1,0
2025-12-02T01:45:00+08:00,4239.37,4239.99,4230.37,4232.29,4238.806620607893,0,0,0,0,0,,3,2,1,0
2025-12-02T02:00:00+08:00,4232.28,4238.72,4232.28,4236.39,4238.711851172289,0,0,0,0,0,,3,2,1,0
2025-12-02T02:15:00+08:00,4236.4,4242.02,4235.26,4240.83,4238.7949158322,0,0,0,0,0,,3,2,1,0
2025-12-02T02:30:00+08:00,4241.42,4242.67,4236.23,4242.19,4238.9280563878,0,0,0,0,0,,3,2,1,0
2025-12-02T02:45:00+08:00,4242.16,4244.55,4237.35,4240.33,4238.9830345686705,0,0,0,0,0,,3,2,1,0
2025-12-02T03:00:00+08:00,4240.37,4241.72,4235.92,4237.58,4238.928013605193,0,0,0,0,0,,3,2,1,0
2025-12-02T03:15:00+08:00,4237.53,4242.14,4236.6,4241.57,4239.031620914793,0,0,0,0,0,,3,2,1,0
2025-12-02T03:30:00+08:00,4241.21,4243.77,4233.94,4233.94,4238.83194950637,0,0,1,0,0,,3,2,1,0
2025-12-02T03:45:00+08:00,4233.74,4237.02,4229.37,4236.84,4238.753833839453,0,0,0,0,0,,3,2,1,0
2025-12-02T04:00:00+08:00,4237.09,4240.98,4235.1,4238.43,4238.7411344732,0,0,0,0,0,,3,2,1,0
2025-12-02T04:15:00+08:00,4238.14,4239.08,4235.18,4237.69,4238.6999135134665,0,0,0,0,0,,3,2,1,0
2025-12-02T04:30:00+08:00,4237.65,4241.59,4235.47,4240.8,4238.782269846271,0,0,0,0,0,,3,2,1,0
2025-12-02T04:45:00+08:00,4240.8,4241.02,4234.41,4237.36,4238.726494558182,0,0,0,0,0,,3,2,1,0
2025-12-02T05:00:00+08:00,4237.37,4238.95,4235.41,4238.38,4238.712906536292,0,0,0,0,0,,3,2,1,0
2025-12-02T05:15:00+08:00,4238.42,4240.44,4237.72,4238.7,4238.712400397614,0,0,0,0,0,,3,2,1,0
2025-12-02T05:30:00+08:00,4238.69,4238.71,4233.04,4233.36,4238.502502342806,0,0,0,0,0,,3,2,1,0
2025-12-02T05:45:00+08:00,4233.53,4234.54,4229.92,4232.16,4238.2537767607355,0,0,0,0,0,,3,2,1,0
2025-12-02T07:00:00+08:00,4228.59,4233.81,4228.59,4233.19,4238.055197279922,0,0,0,0,0,,3,2,1,0
2025-12-02T07:15:00+08:00,4233.31,4236,4231.64,4235.53,4237.956169935612,0,0,0,0,0,,3,2,1,0
2025-12-02T07:30:00+08:00,4235.54,4235.77,4228.61,4230.92,4237.680241702843,0,0,0,0,0,,3,2,1,0
2025-12-02T07:45:00+08:00,4230.9,4230.95,4224.68,4227.56,4237.2833694792025,0,0,0,0,0,,3,2,1,0
2025-12-02T08:00:00+08:00,4227.58,4227.89,4223.55,4227,4236.880100087861,0,0,0,0,0,,3,2,1,0
2025-12-02T08:15:00+08:00,4226.84,4227.69,4221.5,4225,4236.414213809906,0,0,0,0,0,,3,2,1,0
2025-12-02T08:30:00+08:00,4225.05,4228.63,4224.11,4228.32,4236.0967936604975,0,0,0,0,0,,3,2,1,0
2025-12-02T08:45:00+08:00,4228.31,4229.74,4223.3,4226.86,4235.734566458125,0,0,0,0,0,,3,2,1,0
2025-12-02T09:00:00+08:00,4226.68,4227.04,4198.85,4205.42,4234.545759930355,0,0,0,0,0,,3,2,1,0
2025-12-02T09:15:00+08:00,4205.53,4216.1,4204.72,4213.9,4233.736122286028,0,0,0,0,0,,3,2,1,0
2025-12-02T09:30:00+08:00,4213.8,4218.2,4208.88,4211.04,4232.846078274812,0,0,0,0,0,,3,2,1,0
2025-12-02T09:45:00+08:00,4211.09,4220.99,4210.14,4219.43,4232.319957558152,0,0,0,0,0,,3,2,1,0
2025-12-02T10:00:00+08:00,4219.48,4221.68,4215.54,4219.09,4231.8011356931265,0,0,0,0,0,,3,2,1,0
2025-12-02T10:15:00+08:00,4219.06,4223.34,4215.96,4217.18,4231.227757822808,0,0,0,0,0,,3,2,1,0
2025-12-02T10:30:00+08:00,4217.15,4221.66,4214.55,4221.31,4230.838826143482,0,0,0,0,0,,3,2,1,0
2025-12-02T10:45:00+08:00,4221.33,4224.49,4219.87,4221.62,4230.47730354962,0,0,0,0,0,,3,2,1,0
2025-12-02T11:00:00+08:00,4221.38,4225.31,4220.5,4223.87,4230.218193606498,0,0,0,0,0,,3,2,1,0
2025-12-02T11:15:00+08:00,4223.88,4226.24,4222.16,4222.51,4229.915911504282,0,0,0,0,0,,3,2,1,0
2025-12-02T11:30:00+08:00,4222.32,4225.4,4220.6,4221.39,4229.581562033526,0,0,0,0,0,,3,2,1,0
2025-12-02T11:45:00+08:00,4221.2,4221.89,4215.87,4216.89,4229.083853718485,0,0,0,0,0,,3,2,1,0
2025-12-02T12:00:00+08:00,4216.85,4220.49,4215.4,4216.71,4228.598604553054,0,0,0,0,0,,3,2,1,0
2025-12-02T12:15:00+08:00,4216.83,4219.04,4215.32,4216.55,4228.126110256856,0,0,0,0,0,,3,2,1,0
2025-12-02T12:30:00+08:00,4216.55,4218.19,4213.83,4217.95,4227.727047109528,0,0,0,0,0,,3,2,1,0
2025-12-02T12:45:00+08:00,4217.77,4218.82,4216.01,4218.81,4227.3773589875855,0,0,0,0,0,,3,2,1,0
2025-12-02T13:00:00+08:00,4218.81,4219.88,4215.37,4219.28,4227.059815497876,0,0,0,0,0,,3,2,1,0
2025-12-02T13:15:00+08:00,4219.29,4223.22,4219.12,4221.4,4226.8378619489395,0,0,0,0,0,,3,2,1,0
2025-12-02T13:30:00+08:00,4221.35,4223.16,4218.95,4220.46,4226.587749715648,0,0,0,0,0,,3,2,1,0
2025-12-02T13:45:00+08:00,4220.42,4225.45,4219.94,4225.02,4226.526269334642,0,0,0,0,0,,3,2,1,0
2025-12-02T14:00:00+08:00,4225.01,4226.31,4223.8,4223.93,4226.4244548509305,0,0,0,0,0,,3,2,1,0
2025-12-02T14:15:00+08:00,4223.92,4224.16,4204.28,4205.66,4225.610162503835,0,0,0,0,0,,3,2,1,0
2025-12-02T14:30:00+08:00,4205.67,4210.37,4203.26,4209.49,4224.977999268391,0,0,0,0,0,,3,2,1,0
2025-12-02T14:45:00+08:00,4209.48,4215.39,4207.8,4212.89,4224.503960081395,0,0,0,0,0,,3,2,1,0
2025-12-02T15:00:00+08:00,4213.02,4214.58,4210.4,4213.66,4224.07870674487,0,0,0,0,0,,3,2,1,0
2025-12-02T15:15:00+08:00,4213.65,4219.2,4213.63,4217.49,4223.820326088208,0,0,0,0,0,,3,2,1,0
2025-12-02T15:30:00+08:00,4217.64,4218.55,4211.26,4211.45,4223.33521526122,0,0,0,0,0,,3,2,1,0
2025-12-02T15:45:00+08:00,4211.36,4214.17,4209.73,4213.15,4222.935795054897,0,0,0,0,0,,3,2,1,0
2025-12-02T16:00:00+08:00,4213.29,4215.39,4207.07,4214.42,4222.601842307647,0,0,0,0,0,,3,2,1,0
2025-12-02T16:15:00+08:00,4214.4,4217.15,4212.24,4214.59,4222.287652413229,0,0,0,0,0,,3,2,1,0
2025-12-02T16:30:00+08:00,4214.58,4216.56,4211.46,4212.33,4221.897156240161,1,0,0,0,0,,3,2,1,0
2025-12-02T16:45:00+08:00,4212.3,4214.39,4210.18,4210.26,4221.440797171919,0,0,0,0,0,,3,2,1,0
2025-12-02T17:00:00+08:00,4209.93,4213.2,4204.84,4207.99,4220.913314929883,0,0,0,0,0,,3,2,1,0
2025-12-02T17:15:00+08:00,4207.86,4208.78,4192.17,4194.12,4219.862596697339,0,0,0,0,0,,3,2,1,0
2025-12-02T17:30:00+08:00,4194.46,4195.65,4180.97,4190.68,4218.71818114058,0,0,0,0,0,,3,2,1,0
2025-12-02T17:45:00+08:00,4190.69,4194.01,4187.71,4192.04,4217.6719779585965,0,0,0,0,0,,3,2,1,0
2025-12-02T18:00:00+08:00,4192,4192.45,4186.26,4187.04,4216.470723921005,0,0,0,0,0,,3,2,1,0
2025-12-02T18:15:00+08:00,4186.82,4189.35,4182.25,4186.54,4215.29697004175,0,0,0,0,0,,3,2,1,0
2025-12-02T18:30:00+08:00,4186.47,4188.39,4184.51,4187.5,4214.206892785211,0,0,0,0,0,,3,2,1,0
2025-12-02T18:45:00+08:00,4187.51,4189.88,4182.1,4185.57,4213.083877381869,0,0,0,0,0,,3,2,1,0
2025-12-02T19:00:00+08:00,4185.56,4189.65,4184.82,4187.68,4212.087646896305,0,0,0,0,0,,3,2,1,0
2025-12-02T19:15:00+08:00,4187.66,4197.01,4186.82,4197.01,4211.496366625862,0,0,0,0,0,,3,2,1,0
2025-12-02T19:30:00+08:00,4196.76,4200.53,4194.52,4197.77,4210.958077738573,0,0,0,0,0,,3,2,1,0
2025-12-02T19:45:00+08:00,4197.83,4205.76,4196.3,4205.29,4210.735800180198,0,0,0,0,0,,3,2,1,0
2025-12-02T20:00:00+08:00,4205.27,4208.08,4204,4204.99,4210.510474682935,0,0,0,0,0,,3,2,1,0
2025-12-02T20:15:00+08:00,4204.99,4207.06,4201.01,4204.42,4210.271632538506,0,0,0,0,0,,3,2,1,0
2025-12-02T20:30:00+08:00,4204.4,4206.52,4202.32,4205.2,4210.072744987977,0,0,0,0,0,,3,2,1,0
2025-12-02T20:45:00+08:00,4205.28,4209.66,4204.02,4208.53,4210.012245184526,0,0,0,0,0,,3,2,1,0
2025-12-02T21:00:00+08:00,4208.81,4215.16,4202.22,4204.71,4209.804314000819,0,0,0,0,0,,3,2,1,0
2025-12-02T21:15:00+08:00,4204.71,4208.87,4202.09,4203.74,4209.566497765493,0,0,0,0,0,,3,2,1,0
2025-12-02T21:30:00+08:00,4203.66,4209.41,4202.86,4205.23,4209.396439029591,0,0,0,0,0,,3,2,1,0
2025-12-02T21:45:00+08:00,4205.36,4212.86,4202.61,4212.53,4209.519323773529,0,0,0,0,0,,3,2,1,0
2025-12-02T22:00:00+08:00,4212.48,4224,4212.28,4223.27,4210.058565978489,0,0,0,0,0,,3,2,1,0
2025-12-02T22:15:00+08:00,4223.35,4230.55,4221.89,4227.8,4210.754308489137,0,0,0,0,0,,3,2,1,0
2025-12-02T22:30:00+08:00,4227.85,4229.41,4215.33,4218.1,4211.042374822896,0,0,0,0,0,,3,2,1,0
2025-12-02T22:45:00+08:00,4218.15,4225.82,4214.31,4219.18,4211.361497378861,0,0,0,1,0,,3,2,1,0
2025-12-02T23:00:00+08:00,4219,4219.62,4204.39,4206.13,4211.156340618905,0,0,0,0,0,,3,2,1,0
2025-12-02T23:15:00+08:00,4206.14,4208.8,4186.65,4187.68,4210.2356998103205,0,0,0,0,0,,3,2,1,0
2025-12-02T23:30:00+08:00,4187.71,4192.12,4180,4189.24,4209.412339033445,0,1,0,0,0,,3,2,1,0
2025-12-02T23:45:00+08:00,4189.32,4189.66,4163.42,4169.54,4207.848717894879,0,0,0,0,0,,3,2,1,0
2025-12-03T00:00:00+08:00,4169.9,4178.3,4166.86,4177.4,4206.654650526452,0,0,0,0,0,,3,2,1,0
2025-12-03T00:15:00+08:00,4177.22,4179.58,4171.29,4177.43,4205.508585799925,0,0,0,0,0,,3,2,1,0
2025-12-03T00:30:00+08:00,4177.3,4190.14,4177.01,4186.14,4204.749033415614,0,0,0,0,0,,3,2,1,0
2025-12-03T00:45:00+08:00,4186.12,4188.89,4180.53,4184.86,4203.969071320884,0,0,0,0,0,,3,2,1,0
2025-12-03T01:00:00+08:00,4184.85,4191.89,4184.74,4187.4,4203.319303818104,0,0,0,0,0,,3,2,1,0
2025-12-03T01:15:00+08:00,4187.42,4192.78,4187.4,4192.24,4202.884821315433,0,0,0,0,0,,3,2,1,0
2025-12-03T01:30:00+08:00,4192.21,4196.4,4190.26,4193.06,4202.499534205024,0,0,0,0,0,,3,2,1,0
2025-12-03T01:45:00+08:00,4192.92,4196.86,4192.92,4193.74,4202.156023059729,0,0,0,0,0,,3,2,1,0
2025-12-03T02:00:00+08:00,4193.52,4196.72,4191.07,4192.48,4201.7765711750335,0,0,0,0,0,,3,2,1,0
2025-12-03T02:15:00+08:00,4192.32,4195.34,4189.13,4189.59,4201.298666423071,0,0,0,0,0,,3,2,1,0
2025-12-03T02:30:00+08:00,4189.35,4191.12,4183.34,4187.35,4200.751659896676,0,0,0,0,0,,3,2,1,0
2025-12-03T02:45:00+08:00,4187.33,4191.78,4185.89,4190.76,4200.359830096806,0,0,0,0,0,,3,2,1,0
2025-12-03T03:00:00+08:00,4191.08,4198.31,4190.95,4197.03,4200.2292485243825,0,0,0,0,0,,3,2,1,0
2025-12-03T03:15:00+08:00,4197.03,4198.28,4193.9,4197.45,4200.120258386171,0,0,0,0,0,,3,2,1,0
2025-12-03T03:30:00+08:00,4197.4,4199.79,4193.66,4195.12,4199.924169822008,0,0,1,0,0,,3,2,1,0
2025-12-03T03:45:00+08:00,4195.03,4200.59,4194.07,4196.69,4199.797339632909,0,0,0,0,0,,3,2,1,0
2025-12-03T04:00:00+08:00,4196.71,4199.99,4194.92,4198.06,4199.729208666912,0,0,0,0,0,,3,2,1,0
2025-12-03T04:15:00+08:00,4198.32,4199.57,4195.84,4198.63,4199.686102444681,0,0,0,0,0,,3,2,1,0
2025-12-03T04:30:00+08:00,4198.65,4212.38,4198.62,4209.89,4200.086255289987,0,0,0,0,0,,3,2,1,0
2025-12-03T04:45:00+08:00,4210.52,4212.31,4207.72,4210.16,4200.481304102144,0,0,0,0,0,,3,2,1,0
2025-12-03T05:00:00+08:00,4210.04,4211.81,4207.66,4209.28,4200.8263510001,0,0,0,0,0,,3,2,1,0
2025-12-03T05:15:00+08:00,4209.24,4211.24,4208.47,4210,4201.186101941273,0,0,0,0,0,,3,2,1,0
2025-12-03T05:30:00+08:00,4210.12,4211.59,4208.98,4210.21,4201.539980296517,0,0,0,0,0,,3,2,1,0
2025-12-03T05:45:00+08:00,4209.96,4210.58,4205.01,4205.42,4201.692137931947,0,0,0,0,0,,3,2,1,0
2025-12-03T07:00:00+08:00,4205.93,4212.86,4202.3,4208.18,4201.946563895401,0,0,0,0,0,,3,2,1,0
2025-12-03T07:15:00+08:00,4208.07,4211.14,4207.59,4209,4202.223169232836,0,0,0,0,0,,3,2,1,0
2025-12-03T07:30:00+08:00,4208.72,4209.15,4206.79,4208.76,4202.47951553743,0,0,0,0,0,,3,2,1,0
2025-12-03T07:45:00+08:00,4208.74,4216.07,4208.47,4212.79,4202.883848261453,0,0,0,0,0,,3,2,1,0
2025-12-03T08:00:00+08:00,4212.81,4212.95,4207.06,4209.74,4203.152716957082,0,0,0,0,0,,3,2,1,0
2025-12-03T08:15:00+08:00,4209.75,4211.77,4206.22,4207.74,4203.332610409745,0,0,0,0,0,,3,2,1,0
2025-12-03T08:30:00+08:00,4207.75,4211.23,4205.47,4206.85,4203.470547256422,0,0,0,0,0,,3,2,1,0
2025-12-03T08:45:00+08:00,4206.86,4211.86,4204.33,4211.85,4203.799153246367,0,0,0,0,0,,3,2,1,0
2025-12-03T09:00:00+08:00,4212.94,4221.1,4211.57,4215.69,4204.265460962195,0,0,0,0,0,,3,2,1,0
2025-12-03T09:15:00+08:00,4216.08,4219.75,4214.11,4216.94,4204.762501708776,0,0,0,0,0,,3,2,1,0
2025-12-03T09:30:00+08:00,4216.97,4218.95,4213.14,4217.05,4205.244364386863,0,0,0,0,0,,3,2,1,0
2025-12-03T09:45:00+08:00,4217.15,4219.88,4214.12,4214.41,4205.603801077574,0,0,0,0,0,,3,2,1,0
2025-12-03T10:00:00+08:00,4214.41,4224.38,4214.18,4224.06,4206.327573584335,0,0,0,0,0,,3,2,1,0
2025-12-03T10:15:00+08:00,4224.07,4224.35,4219.26,4223.26,4206.991590306518,0,0,0,0,0,,3,2,1,0
2025-12-03T10:30:00+08:00,4223.2,4228.86,4222.41,4225.15,4207.703684804302,0,0,0,0,0,,3,2,1,0
2025-12-03T10:45:00+08:00,4225.17,4228.62,4224.17,4226.48,4208.440010890407,0,0,0,0,0,,3,2,1,0
2025-12-03T11:00:00+08:00,4226.68,4227.64,4220.42,4222.68,4208.998441835882,0,0,0,0,0,,3,2,1,0
2025-12-03T11:15:00+08:00,4222.82,4225.86,4221.25,4225.71,4209.653797058004,0,0,0,0,0,,3,2,1,0
2025-12-03T11:30:00+08:00,4225.71,4226.2,4220.57,4222.62,4210.162275604749,0,0,0,0,0,,3,2,1,0
2025-12-03T11:45:00+08:00,4222.69,4224.26,4220.12,4220.99,4210.5868922477,0,0,0,0,0,,3,2,1,0
2025-12-03T12:00:00+08:00,4221,4221.34,4217.09,4220.39,4210.971327845829,0,0,0,0,0,,3,2,1,0
2025-12-03T12:15:00+08:00,4220.34,4224.37,4220.2,4222.72,4211.43206008717,0,0,0,0,0,,3,2,1,0
2025-12-03T12:30:00+08:00,4222.69,4225.28,4222.22,4224.09,4211.928449887673,0,0,0,0,0,,3,2,1,0
2025-12-03T12:45:00+08:00,4224.02,4224.07,4220.09,4222.4,4212.339098911686,0,0,0,0,0,,3,2,1,0
2025-12-03T13:00:00+08:00,4222.38,4223.87,4220,4220.84,4212.672467581816,0,0,0,0,0,,3,2,1,0
2025-12-03T13:15:00+08:00,4220.84,4222.02,4218.81,4220.43,4212.9766845393915,0,0,0,0,0,,3,2,1,0
2025-12-03T13:30:00+08:00,4220.39,4220.77,4205.81,4207.23,4212.751324361376,0,0,0,0,0,,3,2,1,0
2025-12-03T13:45:00+08:00,4207.27,4209.67,4203.67,4207.89,4212.560684190342,0,0,0,0,0,,3,2,1,0
2025-12-03T14:00:00+08:00,4207.72,4209.88,4206.1,4207.57,4212.3649710848385,0,0,0,0,0,,3,2,1,0
2025-12-03T14:15:00+08:00,4207.59,4211.83,4206.72,4209.17,4212.239678101119,0,0,0,0,1,,3,2,1,0
2025-12-03T14:30:00+08:00,4208.92,4209.89,4204.75,4206.84,4212.027926018723,0,0,0,0,0,,3,2,1,0
2025-12-03T14:45:00+08:00,4206.85,4210.1,4205.37,4208.02,4211.870752449361,0,0,0,0,0,,3,2,1,0
2025-12-03T15:00:00+08:00,4208.2,4210.42,4206.06,4206.07,4211.643271961151,0,0,0,0,0,,3,2,1,0
2025-12-03T15:15:00+08:00,4206.08,4208.24,4202.23,4202.45,4211.282751492086,0,0,0,0,0,,3,2,1,0
2025-12-03T15:30:00+08:00,4202.44,4207.39,4200.29,4206.1,4211.079506335534,0,0,0,0,0,,3,2,1,0
2025-12-03T15:45:00+08:00,4205.96,4207.85,4203.3,4206.44,4210.8975649106105,0,0,0,0,0,,3,2,1,0
2025-12-03T16:00:00+08:00,4206.44,4208,4204.72,4206.9,4210.740797659214,0,0,0,0,0,,3,2,1,0
2025-12-03T16:15:00+08:00,4206.88,4207.47,4203.71,4206.49,4210.574099711794,0,0,0,0,0,,3,2,1,0
2025-12-03T16:30:00+08:00,4206.47,4210.22,4204.21,4208.83,4210.505703644664,1,0,0,0,0,,3,2,1,0
2025-12-03T16:45:00+08:00,4208.87,4209.62,4205.93,4206.51,4210.349009384089,0,0,0,0,0,,3,2,1,0
2025-12-03T17:00:00+08:00,4206.52,4207.63,4197,4199.56,4209.92591097687,0,0,0,0,0,,3,2,1,0
2025-12-03T17:15:00+08:00,4199.76,4202.77,4198.9,4199.99,4209.536267409149,0,0,0,0,0,,3,2,1,0
2025-12-03T17:30:00+08:00,4199.99,4202.29,4199.82,4201.57,4209.223864765653,0,0,0,0,0,,3,2,1,0
2025-12-03T17:45:00+08:00,4201.51,4202.39,4200.13,4202.06,4208.94292889249,0,0,0,0,0,,3,2,1,0
2025-12-03T18:00:00+08:00,4202.07,4202.59,4195.1,4195.32,4208.408696386902,0,0,0,0,0,,3,2,1,0
2025-12-03T18:15:00+08:00,4195.32,4204.92,4194.63,4203.11,4208.20090437173,0,0,0,0,0,,3,2,1,0
2025-12-03T18:30:00+08:00,4203.2,4204.07,4198.64,4201.32,4207.931064984603,0,0,0,0,0,,3,2,1,0
2025-12-03T18:45:00+08:00,4201.24,4201.63,4197.88,4200.54,4207.641219298932,0,0,0,0,0,,3,2,1,0
2025-12-03T19:00:00+08:00,4200.58,4200.76,4197.11,4199.54,4207.323524424464,0,0,0,0,0,,3,2,1,0
2025-12-03T19:15:00+08:00,4199.56,4205.47,4199.23,4205.33,4207.245346996054,0,0,0,0,0,,3,2,1,0
2025-12-03T19:30:00+08:00,4205.35,4207.03,4202.56,4203.9,4207.114156917777,0,0,0,0,0,,3,2,1,0
2025-12-03T19:45:00+08:00,4204.03,4209.25,4203.01,4208.69,4207.175954685707,0,0,0,0,0,,3,2,1,0
2025-12-03T20:00:00+08:00,4208.82,4210.57,4205.62,4207.54,4207.190230972543,0,0,0,0,0,,3,2,1,0
2025-12-03T20:15:00+08:00,4207.51,4209.73,4205.14,4208.17,4207.228653287345,0,0,0,0,0,,3,2,1,0
2025-12-03T20:30:00+08:00,4208.22,4214.4,4207.72,4214.27,4207.504784530978,0,0,0,0,0,,3,2,1,0
2025-12-03T20:45:00+08:00,4214.26,4214.32,4210.64,4213.52,4207.7406753336845,0,0,0,0,0,,3,2,1,0
2025-12-03T21:00:00+08:00,4213.61,4216.76,4211.3,4211.69,4207.895550810795,0,0,0,0,0,,3,2,1,0
2025-12-03T21:15:00+08:00,4212.11,4222.91,4212.11,4220.37,4208.384744896646,0,0,0,0,0,,3,2,1,0
2025-12-03T21:30:00+08:00,4220.28,4225.62,4216.75,4223.71,4208.985735292857,0,0,0,0,0,,3,2,1,0
2025-12-03T21:45:00+08:00,4223.57,4238.36,4222.31,4237.17,4210.0910005754895,0,0,0,0,0,,3,2,1,0
2025-12-03T22:00:00+08:00,4237.75,4240.82,4218.72,4226.6,4210.738412317627,0,0,0,0,0,,3,2,1,0
2025-12-03T22:15:00+08:00,4226.65,4230.88,4221.33,4224.67,4211.284749089485,0,0,0,0,0,,3,2,1,0
2025-12-03T22:30:00+08:00,4224.67,4241.49,4223.51,4226.87,4211.895935399701,0,0,0,0,0,,3,2,1,0
2025-12-03T22:45:00+08:00,4226.95,4227.11,4204.92,4212.39,4211.915310482065,0,0,0,0,0,,3,2,1,0
2025-12-03T23:00:00+08:00,4212.26,4219.3,4206.02,4217.6,4212.138239482769,0,0,0,0,0,,3,2,1,0
2025-12-03T23:15:00+08:00,4217.61,4224.56,4216.6,4221.76,4212.515563424621,0,0,0,0,0,,3,2,1,0
2025-12-03T23:30:00+08:00,4221.36,4229.43,4220.94,4227.6,4213.107109956989,0,1,0,0,0,,3,2,1,0
2025-12-03T23:45:00+08:00,4227.52,4228.15,4214.42,4216.44,4213.237811527303,0,0,0,0,0,,3,2,1,0
2025-12-04T00:00:00+08:00,4216.39,4222.05,4214.15,4219.18,4213.470838526233,0,0,0,0,0,,3,2,1,0
2025-12-04T00:15:00+08:00,4219.06,4219.44,4212.8,4218.94,4213.685315446773,0,0,0,0,0,,3,2,1,0
2025-12-04T00:30:00+08:00,4219.02,4225.22,4218.31,4220.81,4213.964714841017,0,0,0,0,0,,3,2,1,0
2025-12-04T00:45:00+08:00,4220.09,4220.99,4195.93,4200.74,4213.446098572742,0,0,0,0,0,,3,2,1,0
2025-12-04T01:00:00+08:00,4200.71,4212.5,4200.17,4211.01,4213.350565295379,0,0,0,0,0,,3,2,1,0
2025-12-04T01:15:00+08:00,4211.06,4213.13,4207.6,4208.97,4213.17877842105,0,0,0,0,0,,3,2,1,0
2025-12-04T01:30:00+08:00,4209,4215.41,4207.94,4212.61,4213.156473384931,0,0,0,0,0,,3,2,1,0
2025-12-04T01:45:00+08:00,4212.68,4214.63,4208.31,4211.06,4213.074258742385,0,0,0,0,0,,3,2,1,0
2025-12-04T02:00:00+08:00,4211.41,4211.63,4202.29,4204.62,4212.74271918386,0,0,0,0,0,,3,2,1,0
2025-12-04T02:15:00+08:00,4204.63,4206.48,4198.54,4201.8,4212.313592941356,0,0,0,0,0,,3,2,1,0
2025-12-04T02:30:00+08:00,4202.79,4206.53,4200.17,4205.05,4212.028746159342,0,0,0,0,0,,3,2,1,0
2025-12-04T02:45:00+08:00,4205.04,4205.81,4195.1,4197.01,4211.43977572172,0,0,0,0,0,,3,2,1,0
2025-12-04T03:00:00+08:00,4197,4203.76,4196.72,4201.27,4211.040960987535,0,0,0,0,0,,3,2,1,0
2025-12-04T03:15:00+08:00,4201.15,4206.56,4200.97,4205.98,4210.8424919292,0,0,0,0,1,,3,2,1,0
2025-12-04T03:30:00+08:00,4206.07,4209.95,4204.83,4208.94,4210.767884402565,0,0,1,0,0,,3,2,1,0
2025-12-04T03:45:00+08:00,4208.94,4209.94,4207.69,4207.81,4210.651888935798,0,0,0,0,0,,3,2,1,0
2025-12-04T04:00:00+08:00,4207.75,4212.8,4207.46,4211.32,4210.678089369688,0,0,0,0,0,,3,2,1,0
2025-12-04T04:15:00+08:00,4211.33,4211.54,4208.15,4210.22,4210.660125080681,0,0,0,0,0,,3,2,1,0
2025-12-04T04:30:00+08:00,4210.18,4210.86,4207.7,4208.78,4210.58639468536,0,0,0,0,0,,3,2,1,0
2025-12-04T04:45:00+08:00,4208.82,4208.85,4203.62,4206.34,4210.419869403581,0,0,0,0,0,,3,2,1,0
2025-12-04T05:00:00+08:00,4206.33,4210.08,4206.04,4209.79,4210.395168642656,0,0,0,0,0,,3,2,1,0
2025-12-04T05:15:00+08:00,4209.74,4210,4206.41,4206.91,4210.258495362552,0,0,0,0,0,,3,2,1,0
2025-12-04T05:30:00+08:00,4206.9,4209.72,4206.79,4209.44,4210.2263975051965,0,0,0,0,0,,3,2,1,0
2025-12-04T05:45:00+08:00,4209.51,4209.55,4202.62,4203.08,4209.946146622639,0,0,0,0,0,,3,2,1,0
2025-12-04T07:00:00+08:00,4204.52,4207.77,4204.27,4206.58,4209.8141408727315,0,0,0,0,0,,3,2,1,0
2025-12-04T07:15:00+08:00,4206.45,4209.05,4206.3,4207.18,4209.710841230663,0,0,0,0,0,,3,2,1,0
2025-12-04T07:30:00+08:00,4207.21,4207.26,4203.92,4206.21,4209.573553339264,0,0,0,0,0,,3,2,1,0
2025-12-04T07:45:00+08:00,4206.18,4207.58,4202.6,4207.44,4209.489884580862,0,0,0,0,0,,3,2,1,0
2025-12-04T08:00:00+08:00,4207.36,4210.46,4204.56,4207.83,4209.424791067887,0,0,0,0,0,,3,2,1,0
2025-12-04T08:15:00+08:00,4207.83,4212.84,4206.42,4212.1,4209.529701222087,0,0,0,0,0,,3,2,1,0
2025-12-04T08:30:00+08:00,4212,4215.76,4211.14,4213.49,4209.685007056515,0,0,0,0,0,,3,2,1,0
2025-12-04T08:45:00+08:00,4213.49,4213.93,4209.24,4211.78,4209.767163642534,0,0,0,0,0,,3,2,1,0
2025-12-04T09:00:00+08:00,4211.73,4214.06,4205.64,4213.49,4209.91315722518,0,0,0,0,0,,3,2,1,0
2025-12-04T09:15:00+08:00,4213.73,4214.63,4210.23,4213.09,4210.03773929478,0,0,0,0,0,,3,2,1,0
2025-12-04T09:30:00+08:00,4213.1,4214.78,4211.05,4214.58,4210.215867165573,0,0,0,0,0,,3,2,1,0
2025-12-04T09:45:00+08:00,4214.76,4216.81,4207.6,4209.29,4210.179558649276,0,0,0,0,0,,3,2,1,0
2025-12-04T10:00:00+08:00,4209.3,4209.34,4198.8,4204.7,4209.964673996364,0,0,0,0,0,,3,2,1,0
2025-12-04T10:15:00+08:00,4204.6,4206.74,4202.57,4205.98,4209.808412271016,0,0,0,0,0,,3,2,1,0
2025-12-04T10:30:00+08:00,4205.95,4207.58,4201.12,4201.48,4209.481807868231,0,0,0,0,0,,3,2,1,0
2025-12-04T10:45:00+08:00,4202,4204.63,4199.67,4200.35,4209.123697755751,0,0,0,0,0,,3,2,1,0
2025-12-04T11:00:00+08:00,4200.47,4201.66,4187.3,4193,4208.491395882977,0,0,0,0,0,,3,2,1,0
2025-12-04T11:15:00+08:00,4192.92,4196,4191.93,4193.29,4207.895262711095,0,0,0,0,0,,3,2,1,0
2025-12-04T11:30:00+08:00,4193.11,4197.11,4190.07,4197.04,4207.469566134189,0,0,0,0,0,,3,2,1,0
2025-12-04T11:45:00+08:00,4196.98,4197.88,4193.6,4195.69,4207.007622364221,0,0,0,0,0,,3,2,1,0
2025-12-04T12:00:00+08:00,4195.65,4197.36,4192.7,4197.04,4206.616735212683,0,0,0,0,0,,3,2,1,0
2025-12-04T12:15:00+08:00,4197.15,4199.15,4195.41,4198.24,4206.288235792578,0,0,0,0,0,,3,2,1,0
2025-12-04T12:30:00+08:00,4198.19,4198.59,4196.56,4197.29,4205.935363800712,0,0,0,0,0,,3,2,1,0
2025-12-04T12:45:00+08:00,4197.24,4197.59,4194.49,4197.02,4205.58574169088,0,0,0,0,0,,3,2,1,0
2025-12-04T13:00:00+08:00,4196.81,4197.94,4194.43,4194.43,4205.148261624571,0,0,0,0,0,,3,2,1,0
2025-12-04T13:15:00+08:00,4194.2,4197.36,4189.44,4196.96,4204.827153325568,0,0,0,0,0,,3,2,1,0
2025-12-04T13:30:00+08:00,4196.94,4199.12,4180.79,4184.02,4204.011186528487,0,0,0,0,0,,3,2,1,0
2025-12-04T13:45:00+08:00,4184.16,4185.78,4175.07,4181.2,4203.116630194037,0,0,0,0,0,,3,2,1,0
2025-12-04T14:00:00+08:00,4181.19,4185.76,4179.32,4180.43,4202.226958421721,0,0,0,0,0,,3,2,1,0
2025-12-04T14:15:00+08:00,4180.45,4185.62,4178.59,4183,4201.472960052241,0,0,0,0,0,,3,2,1,0
2025-12-04T14:30:00+08:00,4182.84,4189.17,4182.44,4188.91,4200.980294952154,0,0,0,0,0,,3,2,1,0
2025-12-04T14:45:00+08:00,4188.95,4190.31,4186.96,4190.28,4200.560675542265,0,0,0,0,0,,3,2,1,0
2025-12-04T15:00:00+08:00,4190.38,4192.41,4186.59,4192.41,4200.241041207274,0,0,0,0,0,,3,2,1,0
2025-12-04T15:15:00+08:00,4192.59,4194.99,4188.65,4189.35,4199.813941552087,0,0,0,0,0,,3,2,1,0
2025-12-04T15:30:00+08:00,4189.36,4191.76,4188.69,4189.72,4199.418100706907,0,0,0,0,0,,3,2,1,0
2025-12-04T15:45:00+08:00,4189.59,4193.93,4186.73,4193.69,4199.193469306637,0,0,0,0,0,,3,2,1,0
2025-12-04T16:00:00+08:00,4193.58,4195.58,4189.9,4191.24,4198.881568549514,0,0,0,0,0,,3,2,1,0
2025-12-04T16:15:00+08:00,4191.24,4196.42,4191.11,4193.09,4198.654448214239,0,0,0,0,0,,3,2,1,0
2025-12-04T16:30:00+08:00,4193,4194.39,4190.77,4190.78,4198.345646323484,1,0,0,0,0,,3,2,1,0
2025-12-04T16:45:00+08:00,4190.77,4192.64,4184.91,4184.97,4197.821111173544,0,0,0,0,0,,3,2,1,0
2025-12-04T17:00:00+08:00,4184.96,4191.48,4183.59,4189.29,4197.486557794189,0,0,0,0,0,,3,2,1,0
2025-12-04T17:15:00+08:00,4189.37,4192.05,4187.61,4191.44,4197.249437880691,0,0,0,0,0,,3,2,1,0
2025-12-04T17:30:00+08:00,4191.34,4197.7,4190.54,4196.99,4197.239263846154,0,0,0,0,0,,3,2,1,0
2025-12-04T17:45:00+08:00,4196.96,4202.33,4196.16,4199.79,4197.3392927149325,0,0,0,0,0,,3,2,1,0
2025-12-04T18:00:00+08:00,4199.79,4202.72,4198.95,4199.49,4197.423634177092,0,0,0,0,0,,3,2,1,0
2025-12-04T18:15:00+08:00,4199.74,4202.27,4198.38,4199.22,4197.494079895638,0,0,0,0,0,,3,2,1,0
2025-12-04T18:30:00+08:00,4199.25,4201.76,4197.99,4201.07,4197.634312056593,0,0,0,0,0,,3,2,1,0
2025-12-04T18:45:00+08:00,4201.07,4201.97,4196.71,4197.28,4197.620417466139,0,0,0,0,0,,3,2,1,0
2025-12-04T19:00:00+08:00,4197.32,4206.58,4197.32,4202.4,4197.80785207531,0,0,0,0,0,,3,2,1,0
2025-12-04T19:15:00+08:00,4202.41,4204.04,4197.17,4199.16,4197.860877484121,0,0,0,0,0,,3,2,1,0
2025-12-04T19:30:00+08:00,4199.18,4202.11,4197.91,4200.26,4197.954960720038,0,0,0,0,0,,3,2,1,0
2025-12-04T19:45:00+08:00,4200.27,4200.77,4197.12,4198.69,4197.98378578984,0,0,0,0,0,,3,2,1,0
2025-12-04T20:00:00+08:00,4198.61,4201.85,4193.28,4200.96,4198.100500072592,0,0,0,0,0,,3,2,1,0
2025-12-04T20:15:00+08:00,4200.97,4201.33,4193.07,4194.43,4197.956558893275,0,0,0,0,0,,3,2,1,0
2025-12-04T20:30:00+08:00,4194.46,4194.46,4188.62,4192.73,4197.751595799421,0,0,0,0,0,,3,2,1,0
2025-12-04T20:45:00+08:00,4192.73,4193.34,4188.79,4190.59,4197.470748905326,0,0,0,0,0,,3,2,1,0
2025-12-04T21:00:00+08:00,4190.61,4192.49,4185.63,4187.66,4197.086013654137,0,0,0,0,0,,3,2,1,0
2025-12-04T21:15:00+08:00,4187.67,4196.89,4185.61,4195.9,4197.039503314759,0,0,0,0,0,,3,2,1,0
2025-12-04T21:30:00+08:00,4195.36,4196,4187.11,4191.66,4196.828542400454,0,0,0,0,0,,3,2,1,0
2025-12-04T21:45:00+08:00,4191.98,4198.42,4188.26,4198.16,4196.880756423966,0,0,0,0,0,,3,2,1,0
2025-12-04T22:00:00+08:00,4198.16,4206.24,4198.16,4204.76,4197.189746368124,0,0,0,0,0,,3,2,1,0
2025-12-04T22:15:00+08:00,4204.93,4210.2,4202.45,4208.14,4197.619168079178,0,0,0,0,0,,3,2,1,0
2025-12-04T22:30:00+08:00,4207.94,4213.06,4193.62,4199.78,4197.703906585877,0,0,0,0,0,,3,2,1,0
2025-12-04T22:45:00+08:00,4199.78,4208.21,4196.85,4201.45,4197.85081220996,0,0,0,0,0,,3,2,1,0
2025-12-04T23:00:00+08:00,4201.46,4203.14,4191.51,4202.57,4198.0358783978045,0,0,0,0,0,,3,2,1,0
2025-12-04T23:15:00+08:00,4202.51,4206.22,4200.78,4206.1,4198.352118460636,0,0,0,0,0,,3,2,1,0
2025-12-04T23:30:00+08:00,4206.14,4210.21,4204.53,4206.59,4198.67517263865,0,1,0,0,0,,3,2,1,0
2025-12-04T23:45:00+08:00,4206.8,4208.6,4202.65,4207.54,4199.02281292733,0,0,0,0,0,,3,2,1,0
2025-12-05T00:00:00+08:00,4207.57,4215.07,4206.64,4210.37,4199.46780065567,0,0,0,0,0,,3,2,1,0
2025-12-05T00:15:00+08:00,4210.49,4219.29,4209.67,4216.03,4200.117298669173,0,0,0,0,0,,3,2,1,0
2025-12-05T00:30:00+08:00,4216.09,4216.55,4207.5,4210.99,4200.543679113519,0,0,0,0,0,,3,2,1,0
2025-12-05T00:45:00+08:00,4210.99,4216.81,4210.1,4215.79,4201.141574050243,0,0,0,0,0,,3,2,1,0
2025-12-05T01:00:00+08:00,4215.8,4216.81,4209.15,4211.11,4201.5324927149395,0,0,0,0,0,,3,2,1,0
2025-12-05T01:15:00+08:00,4211.22,4213.57,4208.94,4211.2,4201.911610647687,0,0,0,0,0,,3,2,1,0
2025-12-05T01:30:00+08:00,4211.07,4214.28,4209.63,4213.64,4202.371547485032,0,0,0,0,0,,3,2,1,0
2025-12-05T01:45:00+08:00,4213.63,4217.59,4213.51,4216.43,4202.922859348364,0,0,0,0,0,,3,2,1,0
2025-12-05T02:00:00+08:00,4216.35,4217.53,4210.21,4213.84,4203.350982511173,0,0,0,0,0,,3,2,1,0
2025-12-05T02:15:00+08:00,4213.86,4215.31,4211.82,4212.93,4203.726630255833,0,0,0,0,0,,3,2,1,0
2025-12-05T02:30:00+08:00,4212.71,4212.91,4209.7,4211.21,4204.020095735997,0,0,0,0,0,,3,2,1,0
2025-12-05T02:45:00+08:00,4211.18,4212.13,4207.22,4207.92,4204.173033158115,0,0,0,0,0,,3,2,1,0
2025-12-05T03:00:00+08:00,4207.98,4209.88,4199.44,4203.68,4204.153698524463,0,0,0,0,0,,3,2,1,0
2025-12-05T03:15:00+08:00,4203.66,4206.51,4200.74,4204.95,4204.184926033307,0,0,0,0,0,,3,2,1,0
2025-12-05T03:30:00+08:00,4204.96,4210.26,4204.25,4208.22,4204.343164228079,0,0,1,0,0,,3,2,1,0
2025-12-05T03:45:00+08:00,4208.41,4209.27,4206.01,4208.85,4204.5199028858015,0,0,0,0,0,,3,2,1,0
2025-12-05T04:00:00+08:00,4208.88,4208.97,4206.6,4207.34,4204.630494929495,0,0,0,0,0,,3,2,1,0
2025-12-05T04:15:00+08:00,4207.33,4209.84,4206.06,4207.67,4204.74969120677,0,0,0,0,0,,3,2,1,0
2025-12-05T04:30:00+08:00,4207.5,4207.87,4205.46,4207.09,4204.84146802219,0,0,0,0,0,,3,2,1,0
2025-12-05T04:45:00+08:00,4207.14,4210.43,4206.98,4210.03,4205.044939864458,0,0,0,0,0,,3,2,1,0
2025-12-05T05:00:00+08:00,4209.94,4210.25,4208.47,4209.3,4205.211804967812,0,0,0,0,0,,3,2,1,0
2025-12-05T05:15:00+08:00,4209.41,4209.42,4207.87,4208.48,4205.339969478878,0,0,0,0,0,,3,2,1,0
2025-12-05T05:30:00+08:00,4208.5,4209.69,4207.93,4209.61,4205.507421656177,0,0,0,0,0,,3,2,1,0
2025-12-05T05:45:00+08:00,4209.56,4210.14,4207.86,4208.59,4205.628307081425,0,0,0,0,0,,3,2,1,0
2025-12-05T07:00:00+08:00,4207.1,4209.74,4207.1,4208.03,4205.722491117448,0,0,0,0,0,,3,2,1,0
2025-12-05T07:15:00+08:00,4207.98,4209.46,4206.62,4207.95,4205.80984440696,0,0,0,0,0,,3,2,1,0
2025-12-05T07:30:00+08:00,4207.77,4208.81,4203.64,4206.26,4205.827497567471,0,0,0,0,0,,3,2,1,0
2025-12-05T07:45:00+08:00,4205.95,4206.53,4203.84,4205.92,4205.831125113845,0,0,0,0,0,,3,2,1,0
2025-12-05T08:00:00+08:00,4205.98,4209.01,4204,4208.31,4205.928335893694,0,0,0,0,0,,3,2,1,0
2025-12-05T08:15:00+08:00,4208.23,4210.53,4204.7,4205.69,4205.918989388058,0,0,0,0,0,,3,2,1,0
2025-12-05T08:30:00+08:00,4205.69,4205.96,4202.82,4204.87,4205.877852549311,0,0,0,0,0,,3,2,1,0
2025-12-05T08:45:00+08:00,4204.86,4205.27,4201.24,4201.7,4205.714015194436,0,0,0,0,0,,3,2,1,0
2025-12-05T09:00:00+08:00,4201.65,4204.29,4194.71,4197.07,4205.375034206419,0,0,0,0,0,,3,2,1,0
2025-12-05T09:15:00+08:00,4197.03,4200.74,4194.92,4199.6,4205.148562276755,0,0,0,0,0,,3,2,1,0
2025-12-05T09:30:00+08:00,4199.36,4202.35,4197.29,4198.5,4204.887834344333,0,0,0,0,0,,3,2,1,0
2025-12-05T09:45:00+08:00,4198.35,4203.84,4197.76,4202.92,4204.810664370046,0,0,0,0,0,,3,2,1,0
2025-12-05T10:00:00+08:00,4202.92,4204.65,4200.11,4201.75,4204.690638316319,0,0,0,0,0,,3,2,1,0
2025-12-05T10:15:00+08:00,4201.74,4202.12,4196.68,4197.91,4204.424730931365,0,0,0,0,0,,3,2,1,0
2025-12-05T10:30:00+08:00,4198.17,4204.63,4196.86,4204.58,4204.430819914449,0,0,0,0,0,,3,2,1,0
2025-12-05T10:45:00+08:00,4204.68,4208.39,4204.56,4207.23,4204.540591682509,0,0,0,0,0,,3,2,1,0
2025-12-05T11:00:00+08:00,4207.27,4208.85,4201.77,4202.87,4204.475078283195,0,0,0,0,0,,3,2,1,0
2025-12-05T11:15:00+08:00,4202.86,4204.79,4202.23,4203.08,4204.420369330913,0,0,0,0,0,,3,2,1,0
2025-12-05T11:30:00+08:00,4203.1,4209.03,4202.31,4208.98,4204.5991783767595,0,0,0,0,0,,3,2,1,0
2025-12-05T11:45:00+08:00,4209.26,4210.97,4206.94,4209.37,4204.786269420808,0,0,0,0,0,,3,2,1,0
2025-12-05T12:00:00+08:00,4209.4,4214.32,4207.93,4213.55,4205.1299451297955,0,0,0,0,0,,3,2,1,0
2025-12-05T12:15:00+08:00,4213.53,4213.56,4211.34,4212.45,4205.417006105097,0,0,0,0,0,,3,2,1,0
2025-12-05T12:30:00+08:00,4212.51,4215.93,4212.41,4214.19,4205.761045081368,0,0,0,0,0,,3,2,1,0
2025-12-05T12:45:00+08:00,4214,4217.28,4213.23,4216.84,4206.195513901706,0,0,0,0,0,,3,2,1,0
2025-12-05T13:00:00+08:00,4216.83,4218.42,4215.33,4216.13,4206.585101591835,0,0,0,0,0,,3,2,1,0
2025-12-05T13:15:00+08:00,4216.37,4219.86,4214.38,4219.6,4207.095489764704,0,0,0,0,0,,3,2,1,0
2025-12-05T13:30:00+08:00,4219.47,4221.17,4217.73,4220.25,4207.611352911186,0,0,0,0,0,,3,2,1,0
2025-12-05T13:45:00+08:00,4220.02,4220.93,4218.87,4220.45,4208.114829267611,0,0,0,0,0,,3,2,1,0
2025-12-05T14:00:00+08:00,4220.12,4228.54,4218.43,4225.61,4208.800914394371,0,0,0,0,0,,3,2,1,0
2025-12-05T14:15:00+08:00,4225.58,4229.28,4224.46,4227.7,4209.542055006356,0,0,0,0,0,,3,2,1,0
2025-12-05T14:30:00+08:00,4227.47,4228.69,4223.68,4225.1,4210.152170496303,0,0,0,0,0,,3,2,1,0
2025-12-05T14:45:00+08:00,4225.1,4226.18,4223.69,4224.35,4210.708948123899,0,0,0,0,0,,3,2,1,0
2025-12-05T15:00:00+08:00,4224.41,4230.5,4224.35,4227.38,4211.362714864138,0,0,0,0,0,,3,2,1,0
2025-12-05T15:15:00+08:00,4227.4,4230.83,4226.34,4230.05,4212.095549575349,0,0,0,0,0,,3,2,1,0
2025-12-05T15:30:00+08:00,4230.07,4230.21,4224.4,4224.78,4212.592979003766,0,0,0,0,0,,3,2,1,0
2025-12-05T15:45:00+08:00,4224.77,4226.11,4222.46,4224.55,4213.061881787932,0,0,0,0,0,,3,2,1,0
2025-12-05T16:00:00+08:00,4224.67,4227.02,4221.82,4223.17,4213.458278580562,0,0,0,0,0,,3,2,1,0
2025-12-05T16:15:00+08:00,4223.16,4226.5,4222.46,4222.95,4213.8305029499525,0,0,0,0,0,,3,2,1,0
2025-12-05T16:30:00+08:00,4222.99,4225.67,4221.01,4223.47,4214.208522442112,1,0,0,0,0,,3,2,1,0
2025-12-05T16:45:00+08:00,4223.34,4224.62,4220.5,4220.64,4214.460737248303,0,0,0,0,0,,3,2,1,0
2025-12-05T17:00:00+08:00,4220.37,4222.39,4217.45,4218.66,4214.625414218958,0,0,0,0,0,,3,2,1,0
2025-12-05T17:15:00+08:00,4218.66,4222.07,4215.7,4221.22,4214.884025426058,0,0,0,0,0,,3,2,1,0
2025-12-05T17:30:00+08:00,4221.21,4224.72,4219.68,4224.1,4215.245436193663,0,0,0,0,0,,3,2,1,0
2025-12-05T17:45:00+08:00,4224.12,4225.13,4223.12,4223.45,4215.567183793912,0,0,0,0,0,,3,2,1,0
2025-12-05T18:00:00+08:00,4223.44,4226.12,4223.26,4224.15,4215.903764821602,0,0,0,0,0,,3,2,1,0
2025-12-05T18:15:00+08:00,4224.14,4227.62,4223.04,4224.13,4216.226362279578,0,0,0,0,0,,3,2,1,0
2025-12-05T18:30:00+08:00,4224.2,4225.49,4223.3,4224.53,4216.551995131359,0,0,0,0,0,,3,2,1,0
2025-12-05T18:45:00+08:00,4224.58,4224.93,4222.37,4222.91,4216.80132865562,0,0,0,0,0,,3,2,1,0
2025-12-05T19:00:00+08:00,4222.92,4224.2,4220.06,4224.04,4217.085198120105,0,0,0,0,0,,3,2,1,0
2025-12-05T19:15:00+08:00,4224.03,4225.78,4220.91,4221.43,4217.2555825075515,0,0,0,0,0,,3,2,1,0
2025-12-05T19:30:00+08:00,4221.43,4224.24,4220.66,4223.09,4217.4843831935295,0,0,0,0,0,,3,2,1,0
2025-12-05T19:45:00+08:00,4222.91,4223.87,4221.55,4223.63,4217.725387774175,0,0,0,0,0,,3,2,1,0
2025-12-05T20:00:00+08:00,4223.62,4229.62,4223.01,4225.61,4218.034588253619,0,0,0,0,0,,3,2,1,0
2025-12-05T20:15:00+08:00,4225.77,4229.5,4223.89,4224.58,4218.291271067203,0,0,0,0,0,,3,2,1,0
2025-12-05T20:30:00+08:00,4224.71,4225.89,4222.87,4225.38,4218.569260437116,0,0,0,0,0,,3,2,1,0
2025-12-05T20:45:00+08:00,4225.47,4229.66,4224.42,4228.66,4218.964975714092,0,0,0,0,0,,3,2,1,0
2025-12-05T21:00:00+08:00,4228.69,4233.22,4221.31,4228.15,4219.325172744912,0,0,0,0,0,,3,2,1,0
2025-12-05T21:15:00+08:00,4228.14,4234.96,4225.81,4232.84,4219.855165970602,0,0,0,0,0,,3,2,1,0
2025-12-05T21:30:00+08:00,4232.9,4238.99,4230.98,4233.75,4220.400061422735,0,0,0,0,0,,3,2,1,0
2025-12-05T21:45:00+08:00,4233.76,4237.58,4229.77,4234.48,4220.952215876746,0,0,0,0,0,,3,2,1,0
2025-12-05T22:00:00+08:00,4234.45,4239.4,4232.25,4237.32,4221.594089763932,0,0,0,0,0,,3,2,1,0
2025-12-05T22:15:00+08:00,4237.39,4237.65,4230.04,4231.62,4221.987262714366,0,0,0,0,0,,3,2,1,0
2025-12-05T22:30:00+08:00,4231.74,4236.54,4228.21,4236.37,4222.551291627528,0,0,0,0,0,,3,2,1,0
2025-12-05T22:45:00+08:00,4236.33,4245.5,4234.89,4242.1,4223.317907642135,0,0,0,0,0,,3,2,1,0
2025-12-05T23:00:00+08:00,4242.04,4244.4,4234.02,4239.81,4223.964656362051,0,0,0,0,0,,3,2,1,0
2025-12-05T23:15:00+08:00,4239.68,4249.04,4238.2,4248.72,4224.935454151774,0,0,0,0,0,,3,2,1,0
2025-12-05T23:30:00+08:00,4248.58,4259.32,4246.56,4253.97,4226.074063792881,0,1,0,0,0,,3,2,1,0
2025-12-05T23:45:00+08:00,4253.99,4255.03,4237.51,4243.5,4226.757433840219,0,0,0,0,0,,3,2,1,0
2025-12-06T00:00:00+08:00,4243.82,4245.63,4203.26,4203.42,4225.842240356289,0,0,0,0,0,,3,2,1,0
2025-12-06T00:15:00+08:00,4203.74,4218.34,4198.5,4216.64,4225.481368185454,0,0,0,0,0,,3,2,1,0
2025-12-06T00:30:00+08:00,4216.63,4217.17,4207.85,4210.74,4224.903275315436,0,0,0,0,0,,3,2,1,0
2025-12-06T00:45:00+08:00,4211.02,4217.64,4207.6,4214.07,4224.478440989341,0,0,0,0,0,,3,2,1,0
2025-12-06T01:00:00+08:00,4212.86,4218.11,4210.44,4214.98,4224.105953107406,0,0,0,0,0,,3,2,1,0
2025-12-06T01:15:00+08:00,4214.84,4218.11,4213.3,4216.88,4223.822582397312,0,0,0,0,0,,3,2,1,0
2025-12-06T01:30:00+08:00,4216.94,4219.56,4206.3,4214.12,4223.442088969966,0,0,0,0,0,,3,2,1,0
2025-12-06T01:45:00+08:00,4214.19,4218.86,4212.79,4217.65,4223.214948226046,0,0,0,0,0,,3,2,1,0
2025-12-06T02:00:00+08:00,4217.68,4218.73,4214.79,4217.86,4223.004950256397,0,0,0,0,0,,3,2,1,0
2025-12-06T02:15:00+08:00,4217.94,4219.16,4210.19,4212.7,4222.600834560068,0,0,0,0,0,,3,2,1,0
2025-12-06T02:30:00+08:00,4212.73,4215.72,4209.31,4211.62,4222.170213596928,0,0,0,0,0,,3,2,1,0
2025-12-06T02:45:00+08:00,4211.63,4213.51,4206.57,4208.76,4221.644322867637,0,0,0,0,0,,3,2,1,0
2025-12-06T03:00:00+08:00,4208.78,4210.78,4203.52,4208.57,4221.1316043238085,0,0,0,0,0,,3,2,1,0
2025-12-06T03:15:00+08:00,4208.58,4209.88,4205.47,4209.55,4220.67742376209,0,0,0,0,0,,3,2,1,0
2025-12-06T03:30:00+08:00,4209.55,4210.48,4204.26,4205.9,4220.097916947891,0,0,1,0,0,,3,2,1,0
2025-12-06T03:45:00+08:00,4205.91,4208.91,4202.31,4207.55,4219.605841773464,0,0,0,0,0,,3,2,1,0
2025-12-06T04:00:00+08:00,4207.68,4207.69,4202.93,4204.68,4219.020514645093,0,0,0,0,0,,3,2,1,0
2025-12-06T04:15:00+08:00,4204.69,4206.77,4202.81,4202.93,4218.3895140707755,0,0,0,0,0,,3,2,1,0
2025-12-06T04:30:00+08:00,4202.93,4205.38,4199.91,4200.95,4217.705611558196,0,0,0,0,0,,3,2,1,0
2025-12-06T04:45:00+08:00,4200.87,4202.81,4199.31,4202.15,4217.095587575522,0,0,0,0,0,,3,2,1,0
2025-12-06T05:00:00+08:00,4202.17,4202.49,4199.78,4200.45,4216.442819435305,0,0,0,0,0,,3,2,1,0
2025-12-06T05:15:00+08:00,4200.29,4200.59,4191.87,4196.9,4215.67643435941,0,0,0,0,0,,3,2,1,0
2025-12-06T05:30:00+08:00,4196.96,4196.96,4193.71,4194.54,4214.84755458061,0,0,0,0,0,,3,2,1,0
2025-12-06T05:45:00+08:00,4194.58,4198.26,4194.03,4196.32,4214.120983812743,0,0,0,0,0,,3,2,1,0
2025-12-08T07:00:00+08:00,4196.08,4204.95,4193.94,4195.69,4213.398200133813,0,0,0,0,0,,3,2,1,0
2025-12-08T07:15:00+08:00,4195.59,4205.97,4195.59,4200.93,4212.9092511089575,0,0,0,0,0,,3,2,1,0
2025-12-08T07:30:00+08:00,4201.49,4201.89,4197.27,4199.72,4212.392025575273,0,0,0,0,0,,3,2,1,0
2025-12-08T07:45:00+08:00,4199.64,4202.51,4198.39,4201.37,4211.959789278203,0,0,0,0,0,,3,2,1,0
2025-12-08T08:00:00+08:00,4201.71,4207.95,4199.48,4205.97,4211.724895581018,0,0,0,0,0,,3,2,1,0
2025-12-08T08:15:00+08:00,4205.97,4207.69,4202.94,4205.99,4211.499997715096,0,0,0,0,0,,3,2,1,0
2025-12-08T08:30:00+08:00,4205.86,4210.26,4204.73,4209.39,4211.41725270666,0,0,0,0,0,,3,2,1,0
2025-12-08T08:45:00+08:00,4209.42,4211.63,4208.06,4210.66,4211.387556522085,0,0,0,0,0,,3,2,1,0
2025-12-08T09:00:00+08:00,4210.64,4211.55,4201.12,4205.91,4211.172750383964,0,0,0,0,0,,3,2,1,0
2025-12-08T09:15:00+08:00,4205.97,4210.55,4204.46,4207.92,4211.045191545377,0,0,0,0,0,,3,2,1,0
2025-12-08T09:30:00+08:00,4207.7,4209.73,4205.17,4206.51,4210.867340896539,0,0,0,0,0,,3,2,1,0
2025-12-08T09:45:00+08:00,4206.6,4208.36,4197.41,4201.28,4210.491366743733,0,0,0,0,0,,3,2,1,0
2025-12-08T10:00:00+08:00,4201.08,4202.33,4198.64,4200.46,4210.097979812606,0,0,0,0,0,,3,2,1,0
2025-12-08T10:15:00+08:00,4200.46,4203.61,4199.27,4203.21,4209.82786295721,0,0,0,0,0,,3,2,1,0
2025-12-08T10:30:00+08:00,4203.16,4208.87,4199.42,4206.68,4209.704417351045,0,0,0,0,0,,3,2,1,0
2025-12-08T10:45:00+08:00,4206.71,4212.46,4206.58,4208.28,4209.648557847082,0,0,0,0,0,,3,2,1,0
2025-12-08T11:00:00+08:00,4208.38,4210.26,4206.73,4209.87,4209.657241853079,0,0,0,0,0,,3,2,1,0
2025-12-08T11:15:00+08:00,4209.88,4213.09,4207.92,4210,4209.670683349036,0,0,0,0,0,,3,2,1,0
2025-12-08T11:30:00+08:00,4209.97,4211.86,4207.06,4207.8,4209.597323217701,0,0,0,0,0,,3,2,1,0
2025-12-08T11:45:00+08:00,4207.82,4210.5,4206.56,4210.13,4209.618212503282,0,0,0,0,0,,3,2,1,0
2025-12-08T12:00:00+08:00,4210.2,4210.42,4208.51,4209.39,4209.609262993349,0,0,0,0,0,,3,2,1,0
2025-12-08T12:15:00+08:00,4209.59,4212.03,4208.83,4209.59,4209.6085075818455,0,0,0,0,0,,3,2,1,0
2025-12-08T12:30:00+08:00,4209.58,4213.25,4209.37,4210.48,4209.642683755106,0,0,0,0,0,,3,2,1,0
2025-12-08T12:45:00+08:00,4210.33,4211.08,4206.95,4208.59,4209.6014020392195,0,0,0,0,0,,3,2,1,0
2025-12-08T13:00:00+08:00,4208.61,4209.48,4207.65,4208.84,4209.57154313572,0,0,0,0,0,,3,2,1,0
2025-12-08T13:15:00+08:00,4208.83,4209.24,4204.59,4206.48,4209.450306150005,0,0,0,0,0,,3,2,1,0
2025-12-08T13:30:00+08:00,4206.49,4215.93,4206.49,4214.59,4209.651862771574,0,0,0,0,0,,3,2,1,0
2025-12-08T13:45:00+08:00,4214.65,4217.19,4212.46,4216.9,4209.936103447199,0,0,0,0,0,,3,2,1,0
2025-12-08T14:00:00+08:00,4216.91,4218.72,4212.17,4215.35,4210.148413115936,0,0,0,0,0,,3,2,1,0
2025-12-08T14:15:00+08:00,4215.27,4218.03,4213.61,4216.55,4210.3994557388405,0,0,0,0,0,,3,2,1,0
2025-12-08T14:30:00+08:00,4216.51,4219.02,4214.97,4216.87,4210.653202572612,0,0,0,0,0,,3,2,1,0
2025-12-08T14:45:00+08:00,4216.89,4218.1,4215.05,4216.91,4210.898567177607,0,0,0,0,0,,3,2,1,0
2025-12-08T15:00:00+08:00,4217.25,4217.47,4212.52,4214.82,4211.052348856917,0,0,0,0,0,,3,2,1,0
2025-12-08T15:15:00+08:00,4214.87,4216.19,4212.88,4213.94,4211.165590078214,0,0,0,0,0,,3,2,1,0
2025-12-08T15:30:00+08:00,4214.02,4216.21,4209.95,4210.11,4211.124194388873,0,0,0,0,0,,3,2,1,0
2025-12-08T15:45:00+08:00,4210.12,4211.08,4206.16,4206.96,4210.960892648132,0,0,0,0,0,,3,2,1,0
2025-12-08T16:00:00+08:00,4207.2,4212.73,4203.2,4211.4,4210.978112544284,0,0,0,0,0,,3,2,1,0
2025-12-08T16:15:00+08:00,4211.44,4216.64,4209.16,4209.57,4210.922892444508,0,0,0,0,0,,3,2,1,0
2025-12-08T16:30:00+08:00,4209.34,4210.68,4205,4209.03,4210.848661368253,1,0,0,0,0,,3,2,1,0
2025-12-08T16:45:00+08:00,4208.79,4212.02,4206.99,4209.63,4210.800870726361,0,0,0,0,0,,3,2,1,0
2025-12-08T17:00:00+08:00,4209.16,4210.58,4204.11,4209.11,4210.7345620704245,0,0,0,0,0,,3,2,1,0
2025-12-08T17:15:00+08:00,4209.15,4210.87,4206.26,4210.56,4210.7277164990355,0,0,0,0,0,,3,2,1,0
2025-12-08T17:30:00+08:00,4210.65,4211.58,4206.03,4208.11,4210.625060950054,0,0,0,0,0,,3,2,1,0
2025-12-08T17:45:00+08:00,4208.25,4212.84,4206.28,4207.98,4210.52133306966,0,0,0,0,0,,3,2,1,0
2025-12-08T18:00:00+08:00,4208,4210.36,4207.6,4209.46,4210.479712164967,0,0,0,0,0,,3,2,1,0
2025-12-08T18:15:00+08:00,4209.46,4210.03,4205.52,4206,4210.304037178105,0,0,0,0,0,,3,2,1,0
2025-12-08T18:30:00+08:00,4205.98,4208.19,4200.8,4206.24,4210.144663171121,0,0,0,0,0,,3,2,1,0
2025-12-08T18:45:00+08:00,4206.22,4206.8,4202.91,4203.64,4209.889578340881,0,0,0,0,0,,3,2,1,0
2025-12-08T19:00:00+08:00,4203.63,4204.57,4199.7,4203.22,4209.628026249082,0,0,0,0,0,,3,2,1,0
2025-12-08T19:15:00+08:00,4203.1,4209.59,4202.02,4209.34,4209.616731102059,0,0,0,0,0,,3,2,1,0
2025-12-08T19:30:00+08:00,4209.24,4214.28,4208.58,4213.36,4209.763525960801,0,0,0,0,0,,3,2,1,0
2025-12-08T19:45:00+08:00,4213.43,4213.58,4208.47,4208.47,4209.7127994525345,0,0,0,0,0,,3,2,1,0
2025-12-08T20:00:00+08:00,4208.69,4212.95,4208.49,4212.18,4209.80955241518,0,0,0,0,0,,3,2,1,0
2025-12-08T20:15:00+08:00,4212.2,4212.82,4209.48,4211.84,4209.889177810664,0,0,0,0,0,,3,2,1,0
2025-12-08T20:30:00+08:00,4211.83,4213.52,4210.96,4212.47,4209.990386523971,0,0,0,0,0,,3,2,1,0
2025-12-08T20:45:00+08:00,4212.45,4215.51,4211.02,4213.72,4210.136645875972,0,0,0,0,0,,3,2,1,0
2025-12-08T21:00:00+08:00,4213.62,4214.76,4205.7,4210.65,4210.156777410248,0,0,0,1,0,,3,2,1,0
2025-12-08T21:15:00+08:00,4210.77,4210.99,4202.55,4203.16,4209.882393982395,0,0,0,0,0,,3,2,1,0
2025-12-08T21:30:00+08:00,4203.15,4204.89,4200.39,4202.69,4209.600339316419,0,0,0,0,0,,3,2,1,0
2025-12-08T21:45:00+08:00,4202.75,4206.4,4197.75,4201.76,4209.2928750295005,0,0,0,0,0,,3,2,1,0
2025-12-08T22:00:00+08:00,4201.55,4210.07,4197.64,4209.57,4209.303742675403,0,0,0,0,0,,3,2,1,0
2025-12-08T22:15:00+08:00,4209.59,4211.56,4207.69,4208.94,4209.289478256759,0,0,0,0,0,,3,2,1,0
2025-12-08T22:30:00+08:00,4208.98,4211.03,4198.3,4198.39,4208.862047736886,0,0,0,0,0,,3,2,1,0
2025-12-08T22:45:00+08:00,4198.34,4210.56,4195.3,4196.6,4208.381183119753,0,0,0,0,0,,3,2,1,0
2025-12-08T23:00:00+08:00,4196.53,4196.75,4177.16,4178.05,4207.191724958194,0,0,0,0,0,,3,2,1,0
2025-12-08T23:15:00+08:00,4178.26,4193,4176.3,4191.89,4206.591657312774,0,0,0,0,0,,3,2,1,0
2025-12-08T23:30:00+08:00,4191.96,4193.17,4185.68,4186.87,4205.818258986783,0,1,0,0,0,,3,2,1,0
2025-12-08T23:45:00+08:00,4186.91,4190.16,4181.83,4183,4204.923425301026,0,0,0,0,0,,3,2,1,0
2025-12-09T00:00:00+08:00,4182.94,4183.98,4176.9,4183.66,4204.0895654853,0,0,0,0,0,,3,2,1,0
2025-12-09T00:15:00+08:00,4183.64,4196.21,4182.5,4195,4203.733111936857,0,0,0,0,0,,3,2,1,0
2025-12-09T00:30:00+08:00,4194.99,4197.64,4192.82,4193.66,4203.3380879393335,0,0,0,0,0,,3,2,1,0
2025-12-09T00:45:00+08:00,4193.67,4195.38,4187.97,4191.63,4202.87894723583,0,0,0,0,0,,3,2,1,0
2025-12-09T01:00:00+08:00,4191.7,4191.78,4185.56,4187.11,4202.260557148151,0,0,0,0,0,,3,2,1,0
2025-12-09T01:15:00+08:00,4187.26,4192.16,4186.48,4192.14,4201.8636725541055,0,0,0,0,0,,3,2,1,0
2025-12-09T01:30:00+08:00,4191.99,4194.14,4188.95,4188.96,4201.357646179435,0,0,0,0,1,,3,2,1,0
2025-12-09T01:45:00+08:00,4188.91,4195.68,4187.94,4194.98,4201.107542407692,0,0,0,0,0,,3,2,1,0
2025-12-09T02:00:00+08:00,4195.5,4195.63,4188.8,4189.56,4200.65469760739,0,0,0,0,0,,3,2,1,0
2025-12-09T02:15:00+08:00,4189.46,4190.42,4187.12,4188.83,4200.190983975727,0,0,0,0,0,,3,2,1,0
2025-12-09T02:30:00+08:00,4188.69,4191.75,4186.99,4189.86,4199.785847349228,0,0,0,0,0,,3,2,1,0
2025-12-09T02:45:00+08:00,4189.6,4192.04,4184.37,4187.17,4199.291108237493,0,0,0,1,0,,3,2,1,0
2025-12-09T03:00:00+08:00,4187.12,4188.51,4184.14,4185.24,4198.740084385043,0,0,0,0,0,,3,2,1,0
2025-12-09T03:15:00+08:00,4185.11,4188.71,4184.42,4187.8,4198.311061467983,0,0,0,0,0,,3,2,1,0
2025-12-09T03:30:00+08:00,4187.82,4188.92,4185.93,4186.91,4197.863961018258,0,0,1,0,0,,3,2,1,0
2025-12-09T03:45:00+08:00,4186.94,4187.63,4184.87,4187.02,4197.438707644993,0,0,0,0,0,,3,2,1,0
2025-12-09T04:00:00+08:00,4186.91,4191.12,4184.9,4188.72,4197.096797541268,0,0,0,0,0,,3,2,1,0
2025-12-09T04:15:00+08:00,4188.67,4191.47,4187.13,4189.16,4196.785550578865,0,0,0,0,0,,3,2,1,0
2025-12-09T04:30:00+08:00,4189.17,4195.5,4189.16,4194.44,4196.693568203223,0,0,0,0,0,,3,2,1,0
2025-12-09T04:45:00+08:00,4194.44,4194.67,4190.64,4191.65,4196.495781214861,0,0,0,0,0,,3,2,1,0
2025-12-09T05:00:00+08:00,4191.7,4193.3,4191.15,4191.79,4196.311240775063,0,0,0,0,0,,3,2,1,0
2025-12-09T05:15:00+08:00,4191.65,4192.6,4189.84,4190.52,4196.084133293688,0,0,0,0,0,,3,2,1,0
2025-12-09T05:30:00+08:00,4190.65,4190.88,4189.33,4190.11,4195.8498535566805,0,0,0,0,0,,3,2,1,0
2025-12-09T05:45:00+08:00,4190.1,4190.8,4188.2,4190.46,4195.638486750536,0,0,0,0,0,,3,2,1,0
2025-12-09T07:00:00+08:00,4191.09,4193.56,4190.54,4191.15,4195.46246766228,0,0,0,0,0,,3,2,1,0
2025-12-09T07:15:00+08:00,4191.28,4194.03,4190.95,4192.7,4195.354135597092,0,0,0,0,0,,3,2,1,0
2025-12-09T07:30:00+08:00,4192.91,4195.47,4191.36,4194.62,4195.325345965834,0,0,0,0,0,,3,2,1,0
2025-12-09T07:45:00+08:00,4194.63,4195.36,4192.38,4194.62,4195.297685339722,0,0,0,0,0,,3,2,1,0
2025-12-09T08:00:00+08:00,4194.78,4195.72,4191.26,4193,4195.207580032282,0,0,0,0,0,,3,2,1,0
2025-12-09T08:15:00+08:00,4192.9,4194.3,4192.13,4192.37,4195.096302383957,0,0,0,0,0,,3,2,1,0
2025-12-09T08:30:00+08:00,4192.44,4193.04,4191.29,4191.93,4194.972133663017,0,0,0,0,0,,3,2,1,0
2025-12-09T08:45:00+08:00,4192.18,4194.24,4189.86,4190.53,4194.797932342899,0,0,0,0,0,,3,2,1,0
2025-12-09T09:00:00+08:00,4190.52,4197.36,4188.88,4196.08,4194.848209505923,0,0,0,0,0,,3,2,1,0
2025-12-09T09:15:00+08:00,4196.04,4196.68,4193.66,4194.23,4194.823965995886,0,0,0,0,0,,3,2,1,0
2025-12-09T09:30:00+08:00,4194.43,4197.32,4194.24,4195.83,4194.863418309773,0,0,0,0,0,,3,2,1,0
2025-12-09T09:45:00+08:00,4195.83,4197.16,4193.82,4196.18,4194.915048964292,0,0,0,0,0,,3,2,1,0
2025-12-09T10:00:00+08:00,4196.18,4197.3,4190.86,4190.86,4194.75602743628,0,0,0,0,0,,3,2,1,0
2025-12-09T10:15:00+08:00,4190.85,4193.37,4189.45,4190.64,4194.594614595642,0,0,0,0,0,,3,2,1,0
2025-12-09T10:30:00+08:00,4190.73,4191.02,4186.07,4189.21,4194.38345323895,0,0,0,0,0,,3,2,1,0
2025-12-09T10:45:00+08:00,4189.25,4190.24,4187.27,4189.77,4194.202533504089,0,0,0,0,0,,3,2,1,0
2025-12-09T11:00:00+08:00,4189.87,4194.09,4189.87,4193.77,4194.185571405889,0,0,0,0,0,,3,2,1,0
2025-12-09T11:15:00+08:00,4193.75,4198.12,4193.68,4197.95,4194.333196056638,0,0,0,0,0,,3,2,1,0
2025-12-09T11:30:00+08:00,4197.78,4198.87,4193.65,4194.26,4194.330325623045,0,0,0,0,0,,3,2,1,0
2025-12-09T11:45:00+08:00,4194.24,4196.21,4193.78,4194.61,4194.34129324567,0,0,0,0,0,,3,2,1,0
2025-12-09T12:00:00+08:00,4194.61,4195.36,4191.93,4195.01,4194.367517039957,0,0,0,1,0,,3,2,1,0
2025-12-09T12:15:00+08:00,4195.01,4195.63,4192.76,4193.54,4194.335065391331,0,0,0,0,0,,3,2,1,0
2025-12-09T12:30:00+08:00,4193.53,4195.71,4188.78,4189.06,4194.128200081867,0,0,0,0,0,,3,2,1,0
2025-12-09T12:45:00+08:00,4189.05,4190.15,4184.54,4186.96,4193.847094196304,0,0,0,0,0,,3,2,1,0
2025-12-09T13:00:00+08:00,4186.95,4187.42,4183.47,4186.39,4193.5546591297825,0,0,0,0,0,,3,2,1,0
2025-12-09T13:15:00+08:00,4186.25,4187.05,4183.44,4185.35,4193.23290779136,0,0,0,0,0,,3,2,1,0
2025-12-09T13:30:00+08:00,4185.34,4185.69,4180.27,4182.12,4192.797107485817,0,0,0,0,0,,3,2,1,0
2025-12-09T13:45:00+08:00,4182.08,4182.99,4177.91,4179.96,4192.293691505981,0,0,0,0,0,,3,2,1,0
2025-12-09T14:00:00+08:00,4179.87,4180.01,4169.77,4174.63,4191.600997721433,0,0,0,0,0,,3,2,1,0
2025-12-09T14:15:00+08:00,4174.62,4178.57,4173.92,4178.43,4191.084488006866,0,0,0,0,0,,3,2,1,0
2025-12-09T14:30:00+08:00,4178.39,4183.95,4176.38,4180.88,4190.684312006597,0,0,0,0,0,,3,2,1,0
2025-12-09T14:45:00+08:00,4180.93,4183.17,4180.17,4181.94,4190.34139781026,0,0,0,0,0,,3,2,1,0
2025-12-09T15:00:00+08:00,4181.92,4185.67,4180.39,4182.8,4190.045656719662,0,0,0,0,0,,3,2,1,0
2025-12-09T15:15:00+08:00,4182.81,4183.27,4176.02,4178.6,4189.596807436537,0,0,0,0,0,,3,2,1,0
2025-12-09T15:30:00+08:00,4178.52,4181.38,4178.49,4179.72,4189.209481654712,0,0,0,0,0,,3,2,1,0
2025-12-09T15:45:00+08:00,4179.74,4183.68,4179.07,4182.46,4188.944796099626,0,0,0,0,0,,3,2,1,0
2025-12-09T16:00:00+08:00,4182.45,4188.42,4182.45,4188.3,4188.919509978072,0,0,0,0,0,,3,2,1,0
2025-12-09T16:15:00+08:00,4188.3,4189.27,4185.47,4186.34,4188.81835272403,0,0,0,0,0,,3,2,1,0
2025-12-09T16:30:00+08:00,4186.31,4190.8,4185.42,4190.65,4188.89018202897,1,0,0,0,0,,3,2,1,0
2025-12-09T16:45:00+08:00,4190.79,4191.92,4188.64,4191.78,4189.003508223913,0,0,0,0,0,,3,2,1,0
2025-12-09T17:00:00+08:00,4191.82,4205.42,4190.75,4203.4,4189.568076528857,0,0,0,0,0,,3,2,1,0
2025-12-09T17:15:00+08:00,4203.74,4212.51,4203.3,4207.12,4190.2563872532155,0,0,0,0,0,,3,2,1,0
2025-12-09T17:30:00+08:00,4207.11,4209.17,4201.71,4203.91,4190.791823047207,0,0,0,0,0,,3,2,1,0
2025-12-09T17:45:00+08:00,4203.91,4205.46,4200.73,4202.44,4191.248614300258,0,0,0,0,0,,3,2,1,0
2025-12-09T18:00:00+08:00,4202.95,4206.48,4201.7,4204.35,4191.762394131621,0,0,0,0,0,,3,2,1,0
2025-12-09T18:15:00+08:00,4204.46,4208.47,4204.17,4204.46,4192.260339459793,0,0,0,0,0,,3,2,1,0
2025-12-09T18:30:00+08:00,4204.43,4206,4201.27,4204.17,4192.727384971174,0,0,0,0,0,,3,2,1,0
2025-12-09T18:45:00+08:00,4203.76,4205.17,4201.8,4203.82,4193.162389482108,0,0,0,0,0,,3,2,1,0
2025-12-09T19:00:00+08:00,4203.83,4204.82,4201.86,4202.38,4193.523864404378,0,0,0,0,0,,3,2,1,0
2025-12-09T19:15:00+08:00,4202.69,4205.61,4201.29,4203.97,4193.933516780678,0,0,0,0,0,,3,2,1,0
2025-12-09T19:30:00+08:00,4203.96,4206.57,4203.08,4204.96,4194.365927887317,0,0,0,0,0,,3,2,1,0
2025-12-09T19:45:00+08:00,4204.72,4206.37,4202.39,4203.17,4194.711185617227,0,0,0,0,0,,3,2,1,0
2025-12-09T20:00:00+08:00,4203.21,4205.26,4200.69,4201.61,4194.981727357727,0,0,0,0,0,,3,2,1,0
2025-12-09T20:15:00+08:00,4201.61,4203.09,4198.46,4202.38,4195.27185569664,0,0,0,1,0,,3,2,1,0
2025-12-09T20:30:00+08:00,4202.4,4203.36,4201.11,4202.03,4195.536880963438,0,0,0,0,0,,3,2,1,0
2025-12-09T20:45:00+08:00,4202.02,4207.48,4201.46,4204.23,4195.877787592323,0,0,0,0,0,,3,2,1,0
2025-12-09T21:00:00+08:00,4204.17,4208.3,4202.8,4205.1,4196.23944298086,0,0,0,0,0,,3,2,1,0
2025-12-09T21:15:00+08:00,4205.13,4207.48,4198.56,4201.86,4196.459856981611,0,0,0,0,0,,3,2,1,0
2025-12-09T21:30:00+08:00,4201.86,4202.72,4195.49,4200.57,4196.621039060763,0,0,0,0,0,,3,2,1,0
2025-12-09T21:45:00+08:00,4200.63,4203.41,4198.85,4201.29,4196.804135568184,0,0,0,0,0,,3,2,1,0
2025-12-09T22:00:00+08:00,4201.27,4202.12,4189.78,4192.22,4196.624365545903,0,0,0,0,0,,3,2,1,0
2025-12-09T22:15:00+08:00,4192.22,4194.42,4189.51,4193.58,4196.50497866175,0,0,0,0,0,,3,2,1,0
2025-12-09T22:30:00+08:00,4193.55,4206.3,4192.58,4205.8,4196.869489302466,0,0,0,0,0,,3,2,1,0
2025-12-09T22:45:00+08:00,4205.97,4210.44,4202.06,4205.14,4197.1938230553105,0,0,0,0,0,,3,2,1,0
2025-12-09T23:00:00+08:00,4204.4,4204.8,4190.03,4195.45,4197.125437837455,0,0,0,0,0,,3,2,1,0
2025-12-09T23:15:00+08:00,4195.38,4208.56,4195.05,4206.44,4197.490714785006,0,0,0,0,0,,3,2,1,0
2025-12-09T23:30:00+08:00,4206.24,4208.58,4202.66,4205.2,4197.793039695398,0,1,0,0,0,,3,2,1,0
2025-12-09T23:45:00+08:00,4205.13,4216.06,4198.65,4212.51,4198.3701753936175,0,0,0,0,0,,3,2,1,0
2025-12-10T00:00:00+08:00,4212.75,4220.11,4210.23,4218.48,4199.158795966417,0,0,0,0,0,,3,2,1,0
2025-12-10T00:15:00+08:00,4218.58,4219.87,4210.14,4213.7,4199.7290392618515,0,0,0,0,0,,3,2,1,0
2025-12-10T00:30:00+08:00,4213.69,4220.59,4213.44,4219.06,4200.487116153544,0,0,0,0,0,,3,2,1,0
2025-12-10T00:45:00+08:00,4219,4221.31,4211.64,4212.13,4200.943699833797,0,0,0,0,0,,3,2,1,0
2025-12-10T01:00:00+08:00,4212.11,4216.29,4209.87,4211.6,4201.361593957962,0,0,0,0,0,,3,2,1,0
2025-12-10T01:15:00+08:00,4211.61,4211.7,4204.93,4207.83,4201.615256940003,0,0,0,0,0,,3,2,1,0
2025-12-10T01:30:00+08:00,4207.86,4209.17,4204.25,4207.05,4201.828384118826,0,0,0,0,0,,3,2,1,0
2025-12-10T01:45:00+08:00,4207.1,4208.82,4201.7,4203.12,4201.87903572201,0,0,0,0,0,,3,2,1,0
2025-12-10T02:00:00+08:00,4203.02,4206.28,4201.27,4206.28,4202.051622556441,0,0,0,0,0,,3,2,1,0
2025-12-10T02:15:00+08:00,4206.24,4208.2,4204.98,4207.1,4202.249598142463,0,0,0,0,0,,3,2,1,0
2025-12-10T02:30:00+08:00,4207.15,4208.73,4203.93,4205.61,4202.381378607464,0,0,0,0,0,,3,2,1,0
2025-12-10T02:45:00+08:00,4205.58,4209.66,4204.73,4208.93,4202.6381872895245,0,0,0,0,0,,3,2,1,0
2025-12-10T03:00:00+08:00,4208.92,4212.44,4208.42,4210.89,4202.961787787975,0,0,0,0,0,,3,2,1,0
2025-12-10T03:15:00+08:00,4211.02,4211.45,4207.76,4208.26,4203.169560815897,0,0,0,0,0,,3,2,1,0
2025-12-10T03:30:00+08:00,4208.26,4210.17,4207.32,4209.31,4203.410362352529,0,0,1,0,0,,3,2,1,0
2025-12-10T03:45:00+08:00,4209.19,4214.48,4207.1,4212.5,4203.766818730861,0,0,0,0,0,,3,2,1,0
2025-12-10T04:00:00+08:00,4212.47,4216.12,4212.04,4214.66,4204.194002310042,0,0,0,0,0,,3,2,1,0
2025-12-10T04:15:00+08:00,4214.68,4214.81,4208.93,4210.67,4204.447963003766,0,0,0,0,0,,3,2,1,0
2025-12-10T04:30:00+08:00,4210.8,4212.09,4209.31,4210.36,4204.679807591853,0,0,0,0,0,,3,2,1,0
2025-12-10T04:45:00+08:00,4210.44,4213.82,4210.38,4212.22,4204.975501411781,0,0,0,0,0,,3,2,1,0
2025-12-10T05:00:00+08:00,4212.29,4212.91,4210.98,4211.38,4205.226658219162,0,0,0,0,0,,3,2,1,0
2025-12-10T05:15:00+08:00,4211.34,4211.98,4208.84,4210.05,4205.415808877235,0,0,0,0,0,,3,2,1,0
2025-12-10T05:30:00+08:00,4210.21,4210.54,4208.46,4208.63,4205.541855587931,0,0,0,0,0,,3,2,1,0
2025-12-10T05:45:00+08:00,4208.39,4209.92,4207.3,4208.32,4205.65080242762,0,0,0,0,0,,3,2,1,0
2025-12-10T07:00:00+08:00,4209.56,4210.92,4208.3,4208.51,4205.762927822615,0,0,0,0,0,,3,2,1,0
2025-12-10T07:15:00+08:00,4208.53,4210.98,4207.73,4210.47,4205.947518888394,0,0,0,0,0,,3,2,1,0
2025-12-10T07:30:00+08:00,4210.88,4211.76,4209.28,4211.55,4206.167224030026,0,0,0,0,0,,3,2,1,0
2025-12-10T07:45:00+08:00,4211.47,4212.93,4209.77,4210.94,4206.354391715123,0,0,0,0,0,,3,2,1,0
2025-12-10T08:00:00+08:00,4210.91,4212.68,4207.7,4209.24,4206.467552824333,0,0,0,0,0,,3,2,1,0
2025-12-10T08:15:00+08:00,4209.23,4209.76,4206.93,4208.97,4206.565688007693,0,0,0,0,0,,3,2,1,0
2025-12-10T08:30:00+08:00,4208.95,4209.47,4206.97,4207.49,4206.6019355368035,0,0,0,0,0,,3,2,1,0
2025-12-10T08:45:00+08:00,4207.57,4209.64,4207.35,4208.5,4206.676369437321,0,0,0,0,0,,3,2,1,0
2025-12-10T09:00:00+08:00,4208.38,4215.16,4206.89,4214.88,4206.998080439779,0,0,0,0,0,,3,2,1,0
2025-12-10T09:15:00+08:00,4214.92,4217.97,4212.8,4216.74,4207.3801165009645,0,0,0,0,0,,3,2,1,0
2025-12-10T09:30:00+08:00,4216.73,4217.8,4211.7,4212.49,4207.580504089162,0,0,0,0,0,,3,2,1,0
2025-12-10T09:45:00+08:00,4212.38,4216.65,4212.07,4213.91,4207.828719615077,0,0,0,0,0,,3,2,1,0
2025-12-10T10:00:00+08:00,4213.92,4217.69,4212.93,4214.96,4208.108377669388,0,0,0,0,0,,3,2,1,0
2025-12-10T10:15:00+08:00,4214.9,4215.06,4211.53,4213.64,4208.325304035294,0,0,0,0,0,,3,2,1,0
2025-12-10T10:30:00+08:00,4213.74,4218.9,4213.32,4217.59,4208.688625445674,0,0,0,0,0,,3,2,1,0
2025-12-10T10:45:00+08:00,4217.75,4217.92,4215.47,4217.04,4209.0161303301575,0,0,0,0,0,,3,2,1,0
2025-12-10T11:00:00+08:00,4216.97,4217.11,4209.86,4209.86,4209.0492232583865,0,0,0,0,0,,3,2,1,0
2025-12-10T11:15:00+08:00,4209.96,4211.05,4207.89,4208.37,4209.022587052175,0,0,0,0,0,,3,2,1,0
2025-12-10T11:30:00+08:00,4208.36,4210.16,4206.4,4207.18,4208.950328736404,0,0,0,0,0,,3,2,1,0
2025-12-10T11:45:00+08:00,4207.18,4208.6,4203.73,4206.42,4208.851100158506,0,0,0,0,0,,3,2,1,0
2025-12-10T12:00:00+08:00,4206.24,4208.37,4205.58,4208.36,4208.831841328761,0,0,0,0,0,,3,2,1,0
2025-12-10T12:15:00+08:00,4208.38,4209.22,4205.56,4206.87,4208.754906374692,0,0,0,0,0,,3,2,1,0
2025-12-10T12:30:00+08:00,4206.87,4209.63,4205.46,4207.92,4208.7221649482335,0,0,0,0,0,,3,2,1,0
2025-12-10T12:45:00+08:00,4207.81,4207.98,4205.43,4207.06,4208.656982009087,0,0,0,0,0,,3,2,1,0
2025-12-10T13:00:00+08:00,4207.07,4207.32,4203.26,4203.69,4208.462198400887,0,0,0,0,0,,3,2,1,0
2025-12-10T13:15:00+08:00,4203.7,4205.7,4201.82,4205.7,4208.35387689497,0,0,0,0,0,,3,2,1,0
2025-12-10T13:30:00+08:00,4205.79,4212.06,4205.1,4212.06,4208.499215055952,0,0,0,0,0,,3,2,1,0
2025-12-10T13:45:00+08:00,4211.92,4214.34,4209.91,4211.45,4208.614932112581,0,0,0,0,1,,3,2,1,0
2025-12-10T14:00:00+08:00,4211.44,4211.77,4208.85,4209.65,4208.655523010127,0,0,0,0,0,,3,2,1,0
2025-12-10T14:15:00+08:00,4209.7,4210.36,4204.47,4207.34,4208.603933872475,0,0,0,0,0,,3,2,1,0
2025-12-10T14:30:00+08:00,4207.35,4207.55,4203.16,4206.4,4208.517505093162,0,0,0,0,0,,3,2,1,0
2025-12-10T14:45:00+08:00,4206.39,4207.72,4205.04,4207.35,4208.471720579705,0,0,0,0,0,,3,2,1,0
2025-12-10T15:00:00+08:00,4207.33,4209.34,4204.6,4206.01,4208.375182517756,0,0,0,0,1,,3,2,1,0
2025-12-10T15:15:00+08:00,4206.1,4208.86,4205.39,4207.39,4208.336547909216,0,0,0,0,0,,3,2,1,0
2025-12-10T15:30:00+08:00,4207.39,4208.28,4206.35,4206.77,4208.275114657875,0,0,0,0,0,,3,2,1,0
2025-12-10T15:45:00+08:00,4206.76,4207.07,4203.1,4203.2,4208.0760905536445,0,0,0,0,0,,3,2,1,0
2025-12-10T16:00:00+08:00,4203.13,4205.9,4199.99,4202.54,4207.858988963306,0,0,0,0,0,,3,2,1,0
2025-12-10T16:15:00+08:00,4202.52,4206.44,4202.06,4203.84,4207.70138155298,0,0,0,0,0,,3,2,1,0
2025-12-10T16:30:00+08:00,4203.84,4204.08,4198.57,4199.9,4207.395445021491,1,0,0,0,0,,3,2,1,0
2025-12-10T16:45:00+08:00,4199.86,4201.98,4197.17,4198.04,4207.028564824569,0,0,0,0,0,,3,2,1,0
2025-12-10T17:00:00+08:00,4198.1,4200.65,4194.37,4197.93,4206.671758360861,0,0,0,0,0,,3,2,1,0
2025-12-10T17:15:00+08:00,4197.93,4198.91,4195.26,4197.94,4206.329336464356,0,0,0,0,0,,3,2,1,0
2025-12-10T17:30:00+08:00,4197.79,4198.37,4193.9,4194.88,4205.880342877518,0,0,0,0,0,,3,2,1,0
2025-12-10T17:45:00+08:00,4194.87,4195.72,4192.7,4194.34,4205.427780411733,0,0,0,0,0,,3,2,1,0
2025-12-10T18:00:00+08:00,4194.39,4196.28,4191.7,4195.84,4205.051789023038,0,0,0,0,0,,3,2,1,0
2025-12-10T18:15:00+08:00,4195.65,4195.98,4191.54,4191.82,4204.532895335859,0,0,0,0,0,,3,2,1,0
2025-12-10T18:30:00+08:00,4191.83,4194.51,4187.59,4193.98,4204.1190563030805,0,0,0,0,0,,3,2,1,0
2025-12-10T18:45:00+08:00,4193.94,4194.27,4190.71,4193.32,4203.6955638990385,0,0,0,0,0,,3,2,1,0
2025-12-10T19:00:00+08:00,4193.37,4195.39,4192.51,4195.27,4203.365149628488,0,0,0,0,0,,3,2,1,0
2025-12-10T19:15:00+08:00,4195.28,4196.19,4193.91,4194.76,4203.0276927803125,0,0,0,0,0,,3,2,1,0
2025-12-10T19:30:00+08:00,4194.54,4196.92,4193.42,4195,4202.712881298731,0,0,0,0,0,,3,2,1,0
2025-12-10T19:45:00+08:00,4194.99,4197.78,4194.41,4197.12,4202.49355262035,0,0,0,0,0,,3,2,1,0
2025-12-10T20:00:00+08:00,4197.38,4201.81,4197.05,4200.98,4202.43419761563,0,0,0,0,0,,3,2,1,0
2025-12-10T20:15:00+08:00,4201,4202.05,4197.21,4197.71,4202.248934964037,0,0,0,0,0,,3,2,1,0
2025-12-10T20:30:00+08:00,4197.69,4199.21,4196.69,4198.35,4202.096035553683,0,0,0,0,0,,3,2,1,0
2025-12-10T20:45:00+08:00,4198.36,4198.39,4195.45,4196.44,4201.874230237852,0,0,0,0,0,,3,2,1,0
2025-12-10T21:00:00+08:00,4196.38,4200.13,4193.62,4195.94,4201.641515326564,0,0,0,0,0,,3,2,1,0
2025-12-10T21:15:00+08:00,4195.89,4199.79,4192.79,4198.03,4201.499887274542,0,0,0,0,0,,3,2,1,0
2025-12-10T21:30:00+08:00,4198,4202.53,4195.94,4202.45,4201.537146597108,0,0,0,0,0,,3,2,1,0
2025-12-10T21:45:00+08:00,4202.4,4204.93,4200.07,4200.83,4201.509415358006,0,0,0,0,0,,3,2,1,0
2025-12-10T22:00:00+08:00,4200.82,4206.91,4199.05,4205.06,4201.648653971417,0,0,0,0,0,,3,2,1,0
2025-12-10T22:15:00+08:00,4205.07,4206.19,4195.02,4196.45,4201.444785188224,0,0,0,0,0,,3,2,1,0
2025-12-10T22:30:00+08:00,4196.51,4199.77,4191.38,4197.56,4201.292440671039,0,0,0,0,0,,3,2,1,0
2025-12-10T22:45:00+08:00,4197.59,4202.04,4192.03,4192.43,4200.944893978057,0,0,0,0,0,,3,2,1,0
2025-12-10T23:00:00+08:00,4192.4,4201.12,4192.26,4194.71,4200.700388331858,0,0,0,0,0,,3,2,1,0
2025-12-10T23:15:00+08:00,4194.69,4197.09,4188.81,4196.54,4200.537235848256,0,0,0,0,0,,3,2,1,0
2025-12-10T23:30:00+08:00,4196.47,4199.35,4193.23,4193.79,4200.272638364011,0,1,0,0,0,,3,2,1,0
2025-12-10T23:45:00+08:00,4193.82,4194.83,4190.27,4193.8,4200.01880940856,0,0,0,0,0,,3,2,1,0
2025-12-11T00:00:00+08:00,4193.91,4195.41,4192.97,4194.39,4199.798071784695,0,0,0,0,0,,3,2,1,0
2025-12-11T00:15:00+08:00,4194.22,4201.11,4193.45,4200.7,4199.833441518628,0,0,0,0,0,,3,2,1,0
2025-12-11T00:30:00+08:00,4200.74,4203.18,4198.99,4202.54,4199.9395810669175,0,0,0,0,0,,3,2,1,0
2025-12-11T00:45:00+08:00,4202.58,4205.06,4201.63,4204.81,4200.130577887823,0,0,0,0,0,,3,2,1,0
2025-12-11T01:00:00+08:00,4204.76,4204.84,4199.05,4200.13,4200.130555225555,0,0,0,0,0,,3,2,1,0
2025-12-11T01:15:00+08:00,4200.12,4203.61,4199.79,4200.68,4200.152102079455,0,0,0,0,0,,3,2,1,0
2025-12-11T01:30:00+08:00,4200.62,4201.61,4198.58,4199.16,4200.113196115555,0,0,0,0,0,,3,2,1,0
2025-12-11T01:45:00+08:00,4199.15,4201.83,4196.89,4199.68,4200.096208032593,0,0,0,1,0,,3,2,1,0
2025-12-11T02:00:00+08:00,4199.74,4200.73,4198.69,4199.11,4200.057533207785,0,0,0,0,0,,3,2,1,0
2025-12-11T02:15:00+08:00,4199.12,4199.64,4193.35,4196.5,4199.918022101598,0,0,0,0,0,,3,2,1,0
2025-12-11T02:30:00+08:00,4196.11,4196.93,4191.98,4194.1,4199.689864372123,0,0,0,0,0,,3,2,1,0
2025-12-11T02:45:00+08:00,4194.06,4196.45,4193.08,4194.33,4199.479673612433,0,0,0,0,0,,3,2,1,0
2025-12-11T03:00:00+08:00,4194.43,4219.77,4192,4212.25,4199.980470725671,0,0,0,0,0,,3,2,1,0
2025-12-11T03:15:00+08:00,4212.24,4216.58,4195.12,4198.96,4199.940452265841,0,0,0,0,0,,3,2,1,0
2025-12-11T03:30:00+08:00,4198.66,4214.48,4181.8,4187.49,4199.452199235808,0,0,1,0,0,,3,2,1,0
2025-12-11T03:45:00+08:00,4187.41,4217.34,4186.38,4216.53,4200.121916912834,0,0,0,0,0,,3,2,1,0
2025-12-11T04:00:00+08:00,4216.29,4235.84,4211.09,4235.38,4201.504586837821,0,0,0,0,0,,3,2,1,0
2025-12-11T04:15:00+08:00,4235.28,4238.77,4226.64,4232.65,4202.725975589279,0,0,0,0,0,,3,2,1,0
2025-12-11T04:30:00+08:00,4232.67,4235.41,4229.78,4232.47,4203.892407919111,0,0,0,0,0,,3,2,1,0
2025-12-11T04:45:00+08:00,4232.37,4237.43,4229.66,4230,4204.916235059538,0,0,0,0,0,,3,2,1,0
2025-12-11T05:00:00+08:00,4229.73,4232.5,4221.41,4228.14,4205.826970939556,0,0,0,0,0,,3,2,1,0
2025-12-11T05:15:00+08:00,4228.16,4229.55,4223.51,4226.19,4206.625521098789,0,0,0,0,0,,3,2,1,0
2025-12-11T05:30:00+08:00,4226.39,4229.29,4225.87,4227.87,4207.458637918445,0,0,0,0,0,,3,2,1,0
2025-12-11T05:45:00+08:00,4227.86,4229.39,4226.58,4228.56,4208.2861423138,0,0,0,0,0,,3,2,1,0
2025-12-11T07:00:00+08:00,4229.64,4231.09,4224.92,4225.49,4208.960803399534,0,0,0,0,0,,3,2,1,0
2025-12-11T07:15:00+08:00,4225.53,4227.09,4224.1,4225.8,4209.621164050533,0,0,0,0,0,,3,2,1,0
2025-12-11T07:30:00+08:00,4225.72,4229.52,4225.71,4228.25,4210.351706636786,0,0,0,0,0,,3,2,1,0
2025-12-11T07:45:00+08:00,4228.38,4234.15,4228.38,4232.37,4211.215169121618,0,0,0,0,0,,3,2,1,0
2025-12-11T08:00:00+08:00,4232.33,4243.51,4231.23,4242.89,4212.457319352143,0,0,0,0,0,,3,2,1,0
2025-12-11T08:15:00+08:00,4242.9,4245.23,4240.04,4241.29,4213.588012710882,0,0,0,0,0,,3,2,1,0
2025-12-11T08:30:00+08:00,4241.3,4243.38,4240.53,4242.24,4214.711620055554,0,0,0,0,0,,3,2,1,0
2025-12-11T08:45:00+08:00,4242.25,4242.92,4234.69,4237.06,4215.588027112199,0,0,0,0,0,,3,2,1,0
2025-12-11T09:00:00+08:00,4236.32,4247.8,4236.3,4240.16,4216.5516338921125,0,0,0,0,0,,3,2,1,0
2025-12-11T09:15:00+08:00,4240.03,4241.98,4235.33,4236.03,4217.315491386539,0,0,0,0,0,,3,2,1,0
2025-12-11T09:30:00+08:00,4236.43,4238.45,4233.03,4238.23,4218.13566819491,0,0,0,1,0,,3,2,1,0
2025-12-11T09:45:00+08:00,4238.26,4240.31,4237.31,4238.21,4218.922896893149,0,0,0,0,0,,3,2,1,0
2025-12-11T10:00:00+08:00,4238.16,4240.83,4230.94,4233.81,4219.506704858124,0,0,0,0,0,,3,2,1,0
2025-12-11T10:15:00+08:00,4233.81,4234.21,4229.43,4229.87,4219.913108589178,0,0,0,0,0,,3,2,1,0
2025-12-11T10:30:00+08:00,4230,4230.47,4220.59,4227.08,4220.194163154308,0,0,0,0,0,,3,2,1,0
2025-12-11T10:45:00+08:00,4227.14,4228.35,4222.13,4222.45,4220.282627344335,0,0,0,0,0,,3,2,1,0
2025-12-11T11:00:00+08:00,4222.44,4224.97,4209.2,4212.44,4219.975073330832,0,0,0,0,0,,3,2,1,0
2025-12-11T11:15:00+08:00,4212.33,4216,4209.46,4212.93,4219.698795945309,0,0,0,0,0,,3,2,1,0
2025-12-11T11:30:00+08:00,4212.97,4216.64,4212.1,4216.59,4219.576882378827,0,0,0,0,0,,3,2,1,0
2025-12-11T11:45:00+08:00,4216.71,4218.5,4215.23,4216.7,4219.46406346201,0,0,0,0,0,,3,2,1,0
2025-12-11T12:00:00+08:00,4216.69,4218.37,4213.88,4217.08,4219.370570777225,0,0,0,0,0,,3,2,1,0
2025-12-11T12:15:00+08:00,4217.09,4217.66,4210.72,4212.75,4219.110940550668,0,0,0,0,0,,3,2,1,0
2025-12-11T12:30:00+08:00,4212.7,4216.06,4211.43,4211.81,4218.824629156524,0,0,0,0,0,,3,2,1,0
2025-12-11T12:45:00+08:00,4211.8,4214.73,4208.28,4213.46,4218.614251542543,0,0,0,0,0,,3,2,1,0
2025-12-11T13:00:00+08:00,4213.45,4216.33,4211.66,4212.3,4218.366633834992,0,0,0,0,0,,3,2,1,0
2025-12-11T13:15:00+08:00,4212.12,4213.34,4209.63,4212.41,4218.133040351267,0,0,0,0,0,,3,2,1,0
2025-12-11T13:30:00+08:00,4212.34,4213.02,4206.7,4210.15,4217.819979945334,0,0,0,0,0,,3,2,1,0
2025-12-11T13:45:00+08:00,4210.17,4210.84,4206.04,4207.63,4217.420372888654,0,0,0,0,0,,3,2,1,0
2025-12-11T14:00:00+08:00,4207.68,4212.35,4204.48,4211.16,4217.174868069491,0,0,0,0,0,,3,2,1,0
2025-12-11T14:15:00+08:00,4211.17,4214.59,4207.64,4213.78,4217.041735988334,0,0,0,0,0,,3,2,1,0
2025-12-11T14:30:00+08:00,4213.79,4215.5,4212.37,4214.1,4216.926373792713,0,0,0,0,0,,3,2,1,0
2025-12-11T14:45:00+08:00,4214.03,4215.21,4210.98,4214.44,4216.828868938097,0,0,0,0,0,,3,2,1,0
2025-12-11T15:00:00+08:00,4214.43,4214.55,4210.61,4212.52,4216.659893685623,0,0,0,0,0,,3,2,1,0
2025-12-11T15:15:00+08:00,4212.45,4214.62,4211.53,4213.33,4216.52930961952,0,0,0,0,0,,3,2,1,0
2025-12-11T15:30:00+08:00,4213.49,4217.99,4211.45,4217.6,4216.571297477578,0,0,0,0,0,,3,2,1,0
2025-12-11T15:45:00+08:00,4217.74,4218.45,4214.73,4215.84,4216.542619145124,0,0,0,0,0,,3,2,1,0
2025-12-11T16:00:00+08:00,4215.88,4217.89,4212.94,4215.11,4216.486438002178,0,0,0,0,0,,3,2,1,0
2025-12-11T16:15:00+08:00,4215.27,4217.04,4213.45,4214.45,4216.406577688367,0,0,0,0,0,,3,2,1,0
2025-12-11T16:30:00+08:00,4214.34,4219.61,4213.74,4217.5,4216.4494569947055,1,0,0,0,0,,3,2,1,0
2025-12-11T16:45:00+08:00,4217.55,4218.84,4215.3,4216.66,4216.457713583149,0,0,0,0,0,,3,2,1,0
2025-12-11T17:00:00+08:00,4216.69,4218.06,4210.46,4211.86,4216.277411089692,0,0,0,0,0,,3,2,1,0
2025-12-11T17:15:00+08:00,4211.99,4216.19,4211.12,4214.24,4216.197512615586,0,0,0,0,0,,3,2,1,0
2025-12-11T17:30:00+08:00,4213.96,4218.15,4213.61,4217.61,4216.25290427772,0,0,0,0,0,,3,2,1,0
2025-12-11T17:45:00+08:00,4217.62,4221.61,4217.13,4218.52,4216.341809992319,0,0,0,0,0,,3,2,1,0
2025-12-11T18:00:00+08:00,4218.39,4225.94,4218.39,4220.51,4216.505268423993,0,0,0,0,0,,3,2,1,0
2025-12-11T18:15:00+08:00,4220.46,4221.52,4216.12,4217.46,4216.542708877953,0,0,0,0,0,,3,2,1,0
2025-12-11T18:30:00+08:00,4217.6,4217.9,4211.78,4215.36,4216.496328137641,0,0,0,0,0,,3,2,1,0
2025-12-11T18:45:00+08:00,4215.29,4219.1,4214.72,4217.02,4216.516864289107,0,0,0,0,0,,3,2,1,0
2025-12-11T19:00:00+08:00,4217.02,4219.18,4214.26,4215.29,4216.468751964044,0,0,0,0,0,,3,2,1,0
2025-12-11T19:15:00+08:00,4215.38,4216.64,4214.14,4214.77,4216.402134239964,0,0,0,0,0,,3,2,1,0
2025-12-11T19:30:00+08:00,4214.72,4215.31,4211.18,4214.73,4216.336560348201,0,0,0,0,0,,3,2,1,0
2025-12-11T19:45:00+08:00,4214.68,4215.29,4209.76,4211.34,4216.140616805134,0,0,0,0,0,,3,2,1,0
2025-12-11T20:00:00+08:00,4211.24,4214.4,4208.63,4212.58,4216.000984773561,0,0,0,0,0,,3,2,1,0
2025-12-11T20:15:00+08:00,4212.15,4218.43,4212.15,4218.07,4216.082122625578,0,0,0,0,0,,3,2,1,0
2025-12-11T20:30:00+08:00,4218.08,4220.41,4217.56,4219.13,4216.201647228497,0,0,0,0,0,,3,2,1,0
2025-12-11T20:45:00+08:00,4219.12,4220.57,4216.74,4220.56,4216.372563023458,0,0,0,0,0,,3,2,1,0
2025-12-11T21:00:00+08:00,4220.71,4222.48,4210,4211.65,4216.187364473518,0,0,0,0,0,,3,2,1,0
2025-12-11T21:15:00+08:00,4211.77,4213.84,4205.1,4212.9,4216.058448219655,0,0,0,0,0,,3,2,1,0
2025-12-11T21:30:00+08:00,4212.85,4220.76,4209.3,4219.57,4216.196156132609,0,0,0,0,0,,3,2,1,0
2025-12-11T21:45:00+08:00,4219.57,4223.26,4217.96,4220.92,4216.381404911722,0,0,0,0,0,,3,2,1,0
2025-12-11T22:00:00+08:00,4221.09,4229.44,4218.05,4227.33,4216.810761581851,0,0,0,0,0,,3,2,1,0
2025-12-11T22:15:00+08:00,4227.27,4232.03,4223.38,4231.01,4217.367594460994,0,0,0,0,0,,3,2,1,0
2025-12-11T22:30:00+08:00,4231.37,4243.74,4230.14,4243.64,4218.397884874288,0,0,0,0,0,,3,2,1,0
2025-12-11T22:45:00+08:00,4243.7,4244.26,4229.07,4230.02,4218.853654094904,0,0,0,0,0,,3,2,1,0
2025-12-11T23:00:00+08:00,4230.23,4240.27,4225.95,4237.82,4219.597432365693,0,0,0,0,0,,3,2,1,0
2025-12-11T23:15:00+08:00,4237.58,4244.27,4237.16,4238.86,4220.352827174881,0,0,0,0,0,,3,2,1,0
2025-12-11T23:30:00+08:00,4238.86,4256.19,4238.35,4254.83,4221.7048731680225,0,1,0,0,0,,3,2,1,0
2025-12-11T23:45:00+08:00,4254.59,4261.49,4250.3,4255.99,4223.049387945747,0,0,0,0,0,,3,2,1,0
2025-12-12T00:00:00+08:00,4255.98,4257.6,4250.18,4255.77,4224.332549202777,0,0,0,0,0,,3,2,1,0
2025-12-12T00:15:00+08:00,4255.86,4261.68,4254.78,4257.32,4225.626174724237,0,0,0,0,0,,3,2,1,0
2025-12-12T00:30:00+08:00,4257.43,4263.34,4255.39,4261.66,4227.039265911521,0,0,0,0,0,,3,2,1,0
2025-12-12T00:45:00+08:00,4261.76,4278.91,4261.41,4273.58,4228.86439273852,0,0,0,0,0,,3,2,1,0
2025-12-12T01:00:00+08:00,4273.7,4280.97,4272.17,4277.23,4230.761083219362,0,0,0,0,0,,3,2,1,0
2025-12-12T01:15:00+08:00,4277.54,4281.83,4274.76,4276.14,4232.540648583309,0,0,0,0,0,,3,2,1,0
2025-12-12T01:30:00+08:00,4276.29,4277.92,4272.2,4277.86,4234.3178780506305,0,0,0,0,0,,3,2,1,0
2025-12-12T01:45:00+08:00,4277.82,4279.41,4274.05,4278.79,4236.061882832959,0,0,0,0,0,,3,2,1,0
2025-12-12T02:00:00+08:00,4278.66,4285.94,4277.31,4283.87,4237.936710957157,0,0,0,0,0,,3,2,1,0
2025-12-12T02:15:00+08:00,4283.88,4285.72,4280.31,4281.89,4239.660369350993,0,0,0,0,0,,3,2,1,0
2025-12-12T02:30:00+08:00,4281.75,4283.93,4277.43,4282.58,4241.343492121542,0,0,0,0,0,,3,2,1,0
2025-12-12T02:45:00+08:00,4282.69,4282.72,4266.69,4268.24,4242.398257136384,0,0,0,0,0,,3,2,1,0
2025-12-12T03:00:00+08:00,4268.27,4271.5,4262.97,4271.32,4243.5324431310355,0,0,0,1,0,,3,2,1,0
2025-12-12T03:15:00+08:00,4271.32,4274.56,4269.23,4273.08,4244.691170851387,0,0,0,0,0,,3,2,1,0
2025-12-12T03:30:00+08:00,4273.02,4277.56,4272.43,4274.1,4245.84445826898,0,0,1,0,0,,3,2,1,0
2025-12-12T03:45:00+08:00,4274.23,4276,4271.55,4273.45,4246.927028532941,0,0,0,0,0,,3,2,1,0
2025-12-12T04:00:00+08:00,4273.52,4274.31,4264.43,4269.89,4247.827537217924,0,0,0,0,0,,3,2,1,0
2025-12-12T04:15:00+08:00,4269.9,4271.28,4265.44,4268.59,4248.641751444672,0,0,0,0,0,,3,2,1,0
2025-12-12T04:30:00+08:00,4268.7,4274.52,4268.29,4273.45,4249.614623937038,0,0,0,0,0,,3,2,1,0
2025-12-12T04:45:00+08:00,4273.47,4276.49,4271.27,4276.34,4250.662677900292,0,0,0,0,0,,3,2,1,0
2025-12-12T05:00:00+08:00,4276.33,4276.33,4272.77,4273,4251.5386513159665,0,0,0,0,0,,3,2,1,0
2025-12-12T05:15:00+08:00,4272.99,4279.5,4272.69,4279.4,4252.631253225144,0,0,0,0,0,,3,2,1,0
2025-12-12T05:30:00+08:00,4279.54,4282.28,4276.81,4282.1,4253.78689035357,0,0,0,0,0,,3,2,1,0
2025-12-12T05:45:00+08:00,4282.11,4283.77,4278.67,4279.79,4254.806620143626,0,0,0,0,0,,3,2,1,0
2025-12-12T07:00:00+08:00,4281.49,4283.75,4281.41,4281.57,4255.8561644517185,0,0,0,0,0,,3,2,1,0
2025-12-12T07:15:00+08:00,4281.56,4282.99,4277.68,4280.18,4256.810040355573,0,0,0,0,0,,3,2,1,0
2025-12-12T07:30:00+08:00,4280.17,4281.38,4272.56,4275.65,4257.548862302413,0,0,0,0,0,,3,2,1,0
2025-12-12T07:45:00+08:00,4275.56,4277.92,4273.77,4276.2,4258.280279467024,0,0,0,0,0,,3,2,1,0
2025-12-12T08:00:00+08:00,4276.14,4278.18,4273.69,4276.54,4258.996346938906,0,0,0,0,0,,3,2,1,0
2025-12-12T08:15:00+08:00,4276.3,4280.19,4275.55,4278.44,4259.75884313738,0,0,0,0,0,,3,2,1,0
2025-12-12T08:30:00+08:00,4278.38,4279.07,4274.02,4275.57,4260.3788885045415,0,0,0,0,0,,3,2,1,0
2025-12-12T08:45:00+08:00,4275.52,4276,4268.56,4269.52,4260.737363465148,0,0,0,0,0,,3,2,1,0
2025-12-12T09:00:00+08:00,4269.61,4275.63,4266.38,4274.49,4261.276682544945,0,0,0,0,0,,3,2,1,0
2025-12-12T09:15:00+08:00,4274.69,4276.18,4264.48,4266.16,4261.4681851902415,0,0,0,0,0,,3,2,1,0
2025-12-12T09:30:00+08:00,4266.14,4269.94,4264.98,4268.86,4261.75806028082,0,0,0,0,0,,3,2,1,0
2025-12-12T09:45:00+08:00,4268.89,4273.96,4267.89,4270.9,4262.116567720788,0,0,0,0,0,,3,2,1,0
2025-12-12T10:00:00+08:00,4270.83,4276.81,4270.45,4275.31,4262.633957221934,0,0,0,0,0,,3,2,1,0
2025-12-12T10:15:00+08:00,4275.32,4276.69,4271.99,4273.67,4263.06674321323,0,0,0,0,0,,3,2,1,0
2025-12-12T10:30:00+08:00,4273.6,4276.92,4273.14,4274.52,4263.515890538202,0,0,0,0,0,,3,2,1,0
2025-12-12T10:45:00+08:00,4274.53,4274.65,4269.33,4270.52,4263.790561497489,0,0,0,0,0,,3,2,1,0
2025-12-12T11:00:00+08:00,4270.53,4274.59,4269.91,4273.54,4264.172892419156,0,0,0,0,0,,3,2,1,0
2025-12-12T11:15:00+08:00,4273.53,4273.59,4268.75,4270.1,4264.405328010562,0,0,0,0,0,,3,2,1,0
2025-12-12T11:30:00+08:00,4270.12,4272.65,4269.21,4271.99,4264.702766127794,0,0,0,0,0,,3,2,1,0
2025-12-12T11:45:00+08:00,4271.99,4273.06,4270.45,4270.53,4264.931285103175,0,0,0,0,0,,3,2,1,0
2025-12-12T12:00:00+08:00,4270.66,4271.08,4268.06,4268.96,4265.089273922658,0,0,0,0,0,,3,2,1,0
2025-12-12T12:15:00+08:00,4268.87,4269.34,4266.69,4268.32,4265.215969062946,0,0,0,0,0,,3,2,1,0
2025-12-12T12:30:00+08:00,4268.43,4268.73,4266.25,4267.41,4265.30200949185,0,0,0,0,0,,3,2,1,0
2025-12-12T12:45:00+08:00,4267.4,4268.96,4266.32,4266.32,4265.341930688248,0,0,0,0,0,,3,2,1,0
2025-12-12T13:00:00+08:00,4266.32,4269.51,4266.15,4269.09,4265.488913798513,0,0,0,0,0,,3,2,1,0
2025-12-12T13:15:00+08:00,4269.1,4275.73,4268.7,4274.43,4265.839544629944,0,0,0,0,0,,3,2,1,0
2025-12-12T13:30:00+08:00,4274.3,4279.33,4274.25,4277.96,4266.31485660524,0,0,0,0,0,,3,2,1,0
2025-12-12T13:45:00+08:00,4277.93,4280.52,4276.28,4278.9,4266.808391640328,0,0,0,0,0,,3,2,1,0
2025-12-12T14:00:00+08:00,4279.03,4280.78,4276.59,4278.04,4267.248846870119,0,0,0,0,0,,3,2,1,0
2025-12-12T14:15:00+08:00,4277.97,4281.65,4276.81,4281.24,4267.797519541879,0,0,0,0,0,,3,2,1,0
2025-12-12T14:30:00+08:00,4281.23,4282.77,4279.31,4281.31,4268.327420736316,0,0,0,0,0,,3,2,1,0
2025-12-12T14:45:00+08:00,4281.52,4283.32,4281.33,4282.71,4268.891443452539,0,0,0,0,0,,3,2,1,0
2025-12-12T15:00:00+08:00,4282.89,4288.9,4281.32,4285.78,4269.553739787733,0,0,0,0,0,,3,2,1,0
2025-12-12T15:15:00+08:00,4285.76,4288.07,4284.43,4285.76,4270.1892794039,0,0,0,0,0,,3,2,1,0
2025-12-12T15:30:00+08:00,4285.89,4290.22,4284.13,4287.56,4270.870484133159,0,0,0,0,0,,3,2,1,0
2025-12-12T15:45:00+08:00,4287.7,4288.9,4285.34,4287.22,4271.511641618134,0,0,0,0,0,,3,2,1,0
2025-12-12T16:00:00+08:00,4287.18,4295.26,4287,4293.53,4272.375106652717,0,0,0,0,0,,3,2,1,0
2025-12-12T16:15:00+08:00,4293.48,4295.5,4291,4294.42,4273.239612274178,0,0,0,0,0,,3,2,1,0
2025-12-12T16:30:00+08:00,4294.42,4304.35,4294.22,4303.64,4274.431784341858,1,0,0,0,0,,3,2,1,0
2025-12-12T16:45:00+08:00,4303.7,4309.23,4301.59,4307.99,4275.747792799039,0,0,0,0,0,,3,2,1,0
2025-12-12T17:00:00+08:00,4308.15,4317.13,4306.76,4316.96,4277.363957787313,0,0,0,0,0,,3,2,1,0
2025-12-12T17:15:00+08:00,4317.04,4317.83,4312.53,4313.64,4278.786547678006,0,0,0,0,0,,3,2,1,0
2025-12-12T17:30:00+08:00,4313.45,4313.9,4307.55,4311.91,4280.085506592594,0,0,0,0,0,,3,2,1,0
2025-12-12T17:45:00+08:00,4311.95,4320.16,4311.19,4318.2,4281.580192608571,0,0,0,0,0,,3,2,1,0
2025-12-12T18:00:00+08:00,4318.39,4320.28,4314.57,4319.36,4283.061753682745,0,0,0,0,0,,3,2,1,0
2025-12-12T18:15:00+08:00,4319.24,4322.02,4316.7,4317,4284.392665303029,0,0,0,0,0,,3,2,1,0
2025-12-12T18:30:00+08:00,4317.01,4328.39,4316.65,4327.86,4286.097266663695,0,0,0,0,0,,3,2,1,0
2025-12-12T18:45:00+08:00,4327.88,4331.08,4325.38,4329.86,4287.813452284727,0,0,0,0,0,,3,2,1,0
2025-12-12T19:00:00+08:00,4330.06,4338.73,4326.98,4335.77,4289.694101214737,0,0,0,0,0,,3,2,1,0
2025-12-12T19:15:00+08:00,4335.67,4339.23,4332.17,4334.41,4291.447665872983,0,0,0,0,0,,3,2,1,0
2025-12-12T19:30:00+08:00,4334.53,4337.03,4330.23,4334.52,4293.136777015218,0,0,0,0,0,,3,2,1,0
2025-12-12T19:45:00+08:00,4334.54,4339.23,4334.22,4336.38,4294.8325896812885,0,0,0,0,0,,3,2,1,0
2025-12-12T20:00:00+08:00,4336.45,4339.21,4331.64,4332.89,4296.3250371447675,0,0,0,0,0,,3,2,1,0
2025-12-12T20:15:00+08:00,4332.9,4334.25,4330.06,4332.47,4297.742486668502,0,0,0,0,0,,3,2,1,0
2025-12-12T20:30:00+08:00,4332.53,4334.27,4327.61,4328.29,4298.940428367777,0,0,0,0,0,,3,2,1,0
2025-12-12T20:45:00+08:00,4328.13,4329.69,4324.67,4325.73,4299.990999804335,0,0,0,0,0,,3,2,1,0
2025-12-12T21:00:00+08:00,4325.86,4337.64,4321.1,4336.93,4301.439588047302,0,0,0,0,0,,3,2,1,0
2025-12-12T21:15:00+08:00,4337.06,4339.45,4334.3,4336.12,4302.79960420231,0,0,0,0,0,,3,2,1,0
2025-12-12T21:30:00+08:00,4336.21,4346.19,4336.21,4339.72,4304.247462861043,0,0,0,0,0,,3,2,1,0
2025-12-12T21:45:00+08:00,4339.96,4341.18,4332.2,4341.11,4305.693052552766,0,0,0,0,0,,3,2,1,0
2025-12-12T22:00:00+08:00,4341.11,4344.98,4338.62,4342.18,4307.123913236971,0,0,0,0,0,,3,2,1,0
2025-12-12T22:15:00+08:00,4342.04,4345.79,4338.48,4340.51,4308.433171541404,0,0,0,0,0,,3,2,1,0
2025-12-12T22:30:00+08:00,4340.65,4345.7,4330.87,4339.69,4309.658929520172,0,0,0,0,0,,3,2,1,0
2025-12-12T22:45:00+08:00,4339.83,4353.54,4336.71,4347.12,4311.127991107616,0,0,0,0,0,,3,2,1,0
2025-12-12T23:00:00+08:00,4347.19,4351.34,4341.04,4343.35,4312.391599299474,0,0,0,0,0,,3,2,1,0
2025-12-12T23:15:00+08:00,4343.35,4345.35,4298.33,4300.75,4311.935065993613,0,0,0,0,0,,3,2,1,0
2025-12-12T23:30:00+08:00,4300.73,4318.05,4295.36,4317.46,4312.151730072294,0,1,0,0,0,,3,2,1,0
2025-12-12T23:45:00+08:00,4317.5,4321.99,4283.2,4290.56,4311.304995559655,0,0,0,0,0,,3,2,1,0
2025-12-13T00:00:00+08:00,4290.55,4296.37,4273.57,4286.24,4310.322054557316,0,0,0,0,0,,3,2,1,0
2025-12-13T00:15:00+08:00,4286.19,4293,4272.14,4289.74,4309.514915162911,0,0,0,0,0,,3,2,1,0
2025-12-13T00:30:00+08:00,4289.66,4289.66,4257.28,4273.88,4308.1174675094635,0,0,0,0,0,,3,2,1,0
2025-12-13T00:45:00+08:00,4273.66,4281.79,4270.41,4281.79,4307.08501780321,0,0,0,0,0,,3,2,1,0
2025-12-13T01:00:00+08:00,4281.81,4285.13,4271.04,4273.71,4305.7761935756325,0,0,0,0,0,,3,2,1,0
2025-12-13T01:15:00+08:00,4273.41,4290.84,4272.9,4282.1,4304.847715396196,0,0,0,0,0,,3,2,1,0
2025-12-13T01:30:00+08:00,4282.04,4295.19,4281.65,4293.51,4304.403099106149,0,0,0,0,0,,3,2,1,0
2025-12-13T01:45:00+08:00,4293.39,4298.33,4291.64,4294.14,4304.000624631398,0,0,0,0,0,,3,2,1,0
2025-12-13T02:00:00+08:00,4295.17,4303.13,4291.64,4301.05,4303.884913861539,0,0,0,0,0,,3,2,1,0
2025-12-13T02:15:00+08:00,4301.07,4303.71,4294.04,4295.32,4303.549034886576,0,0,0,0,0,,3,2,1,0
2025-12-13T02:30:00+08:00,4295.62,4300.47,4291.7,4292.12,4303.1008374400435,0,0,0,0,0,,3,2,1,0
2025-12-13T02:45:00+08:00,4291.8,4297.26,4290.51,4294.79,4302.774922246316,0,0,0,0,0,,3,2,1,0
2025-12-13T03:00:00+08:00,4294.82,4295.89,4289.86,4294.46,4302.4488468641075,0,0,0,0,0,,3,2,1,0
2025-12-13T03:15:00+08:00,4294.4,4299.82,4293.77,4296.1,4302.19987247728,0,0,0,0,0,,3,2,1,0
2025-12-13T03:30:00+08:00,4296.1,4298.83,4293.7,4297.29,4302.007328458563,0,0,1,0,0,,3,2,1,0
2025-12-13T03:45:00+08:00,4297.3,4298.19,4294.34,4296.59,4301.7948842052865,0,0,0,0,0,,3,2,1,0
2025-12-13T04:00:00+08:00,4296.54,4302.86,4295.57,4299.81,4301.717045609001,0,0,0,0,0,,3,2,1,0
2025-12-13T04:15:00+08:00,4299.77,4300.78,4291.11,4293.29,4301.386573232177,0,0,0,0,0,,3,2,1,0
2025-12-13T04:30:00+08:00,4293.31,4299.8,4288.56,4298.87,4301.2878840858175,0,0,0,0,0,,3,2,1,0
2025-12-13T04:45:00+08:00,4298.82,4303.01,4294.25,4299.37,4301.2126729451975,0,0,0,0,0,,3,2,1,0
2025-12-13T05:00:00+08:00,4299.39,4301.73,4298.19,4299.87,4301.160019104209,0,0,0,0,0,,3,2,1,0
2025-12-13T05:15:00+08:00,4299.78,4303.8,4299.07,4303.04,4301.2337438452205,0,0,0,0,0,,3,2,1,0
2025-12-13T05:30:00+08:00,4303.03,4304.16,4300.85,4301.31,4301.236734282663,0,0,0,0,0,,3,2,1,0
2025-12-13T05:45:00+08:00,4301.22,4303.11,4300.12,4300.22,4301.19686235001,0,0,0,0,0,,3,2,1,0
2025-12-15T07:00:00+08:00,4295.98,4307.63,4295.32,4302.87,4301.262475591186,0,0,0,0,0,,3,2,1,0
2025-12-15T07:15:00+08:00,4302.87,4306.47,4302.76,4305.06,4301.411398117021,0,0,0,0,0,,3,2,1,0
2025-12-15T07:30:00+08:00,4305.07,4308.6,4303.71,4306.27,4301.6019315241965,0,0,0,0,0,,3,2,1,0
2025-12-15T07:45:00+08:00,4306.07,4306.86,4301.49,4302.19,4301.624993033051,0,0,0,0,0,,3,2,1,0
2025-12-15T08:00:00+08:00,4302.17,4306.8,4300.1,4304.19,4301.725581541559,0,0,0,0,0,,3,2,1,0
2025-12-15T08:15:00+08:00,4304.31,4304.35,4300.84,4302.09,4301.739872461498,0,0,0,0,0,,3,2,1,0
2025-12-15T08:30:00+08:00,4302.1,4308.07,4301.97,4305.6,4301.891250012027,0,0,0,0,0,,3,2,1,0
2025-12-15T08:45:00+08:00,4305.63,4307.79,4303.63,4307.52,4302.1119853056725,0,0,0,0,0,,3,2,1,0
2025-12-15T09:00:00+08:00,4307.95,4314.06,4305.62,4313.12,4302.54367215643,0,0,0,0,0,,3,2,1,0
2025-12-15T09:15:00+08:00,4313.12,4315.75,4309.78,4314.92,4303.029018346374,0,0,0,0,0,,3,2,1,0
2025-12-15T09:30:00+08:00,4314.87,4324.85,4314.43,4319.86,4303.689056842594,0,0,0,0,0,,3,2,1,0
2025-12-15T09:45:00+08:00,4319.8,4325.76,4319.35,4322.42,4304.42360363308,0,0,0,0,0,,3,2,1,0
2025-12-15T10:00:00+08:00,4322.44,4326.85,4320.68,4321.36,4305.087776039626,0,0,0,0,0,,3,2,1,0
2025-12-15T10:15:00+08:00,4321.53,4325.09,4321,4324.29,4305.840804430229,0,0,0,0,0,,3,2,1,0
2025-12-15T10:30:00+08:00,4324.37,4329.28,4324.15,4328.99,4306.7486160212,0,0,0,0,0,,3,2,1,0
2025-12-15T10:45:00+08:00,4328.86,4329.27,4325.13,4326.33,4307.516513432133,0,0,0,0,0,,3,2,1,0
2025-12-15T11:00:00+08:00,4326.42,4329.73,4322.54,4323.17,4308.130375650481,0,0,0,0,0,,3,2,1,0
2025-12-15T11:15:00+08:00,4323.1,4324.23,4319.56,4324.03,4308.753890330854,0,0,0,0,0,,3,2,1,0
2025-12-15T11:30:00+08:00,4324,4328.73,4323.76,4327.91,4309.505110317879,0,0,0,0,0,,3,2,1,0
2025-12-15T11:45:00+08:00,4327.92,4327.92,4325.05,4327.25,4310.200988344629,0,0,0,0,0,,3,2,1,0
2025-12-15T12:00:00+08:00,4327.24,4329.7,4325.56,4328.25,4310.908792723271,0,0,0,0,0,,3,2,1,0
2025-12-15T12:15:00+08:00,4328.24,4330.02,4326.45,4327.61,4311.563742028241,0,0,0,0,0,,3,2,1,0
2025-12-15T12:30:00+08:00,4327.7,4327.81,4323.18,4326.68,4312.156536458506,0,0,0,0,0,,3,2,1,0
2025-12-15T12:45:00+08:00,4326.68,4328.14,4324.83,4325.99,4312.699025224839,0,0,0,0,0,,3,2,1,0
2025-12-15T13:00:00+08:00,4325.98,4327.66,4324.66,4326.49,4313.239847765041,0,0,0,0,0,,3,2,1,0
2025-12-15T13:15:00+08:00,4326.54,4331.11,4326,4329.81,4313.8896576566085,0,0,0,0,0,,3,2,1,0
2025-12-15T13:30:00+08:00,4329.53,4340.21,4329.5,4338.82,4314.867318140663,0,0,0,0,0,,3,2,1,0
2025-12-15T13:45:00+08:00,4339.08,4344.46,4338.03,4343.52,4315.990952723382,0,0,0,0,0,,3,2,1,0
2025-12-15T14:00:00+08:00,4343.48,4345.76,4339.52,4342.89,4317.045817322465,0,0,0,0,0,,3,2,1,0
2025-12-15T14:15:00+08:00,4342.88,4345.64,4342.44,4343.87,4318.0977460549175,0,0,0,0,0,,3,2,1,0
2025-12-15T14:30:00+08:00,4344.07,4345.88,4341.97,4345.33,4319.165677582176,0,0,0,0,0,,3,2,1,0
2025-12-15T14:45:00+08:00,4345.65,4347.41,4342.86,4343.63,4320.125062775031,0,0,0,0,0,,3,2,1,0
2025-12-15T15:00:00+08:00,4343.64,4344.13,4340.84,4342.29,4320.99427599954,0,0,0,0,0,,3,2,1,0
2025-12-15T15:15:00+08:00,4342.3,4344.91,4341.53,4343.99,4321.896069097597,0,0,0,0,0,,3,2,1,0
2025-12-15T15:30:00+08:00,4344.01,4344.41,4333.55,4339.69,4322.593870309456,0,0,0,0,0,,3,2,1,0
2025-12-15T15:45:00+08:00,4339.68,4342.09,4338.9,4339.28,4323.248228336536,0,0,0,0,0,,3,2,1,0
2025-12-15T16:00:00+08:00,4339.27,4344.63,4338.8,4342.81,4324.0153566370645,0,0,0,0,0,,3,2,1,0
2025-12-15T16:15:00+08:00,4342.81,4346.74,4341.14,4345.95,4324.875538729729,0,0,0,0,0,,3,2,1,0
2025-12-15T16:30:00+08:00,4345.7,4346.9,4343.83,4345.22,4325.673360740328,1,0,0,0,0,,3,2,1,0
2025-12-15T16:45:00+08:00,4345.21,4349.05,4344.63,4346.95,4326.507738750511,0,0,0,0,0,,3,2,1,0
2025-12-15T17:00:00+08:00,4346.82,4349.74,4343.04,4349.04,4327.391356838726,0,0,0,0,0,,3,2,1,0
2025-12-15T17:15:00+08:00,4348.81,4350.43,4344.51,4347.8,4328.191695786227,0,0,0,0,0,,3,2,1,0
2025-12-15T17:30:00+08:00,4347.82,4350.13,4344.36,4345.26,4328.861041049512,0,0,0,0,0,,3,2,1,0
2025-12-15T17:45:00+08:00,4345.2,4345.99,4342.21,4342.51,4329.396294341688,0,0,0,0,0,,3,2,1,0
2025-12-15T18:00:00+08:00,4342.47,4344.36,4340.71,4343.38,4329.94467495574,0,0,0,0,0,,3,2,1,0
2025-12-15T18:15:00+08:00,4343.33,4348.29,4342.33,4342.82,4330.449589663358,0,0,0,0,0,,3,2,1,0
2025-12-15T18:30:00+08:00,4343.09,4343.6,4337.62,4338.77,4330.775880264795,0,0,0,0,0,,3,2,1,0
2025-12-15T18:45:00+08:00,4338.73,4342.17,4338.11,4339.74,4331.1274143720575,0,0,0,0,0,,3,2,1,0
2025-12-15T19:00:00+08:00,4339.51,4339.56,4335.27,4338.48,4331.4157510633495,0,0,0,0,0,,3,2,1,0
2025-12-15T19:15:00+08:00,4338.49,4341.71,4335.77,4340.77,4331.782584354983,0,0,0,0,0,,3,2,1,0
2025-12-15T19:30:00+08:00,4340.72,4341.74,4338.99,4340.75,4332.13424771361,0,0,0,0,0,,3,2,1,0
2025-12-15T19:45:00+08:00,4340.76,4343.63,4339.32,4342.64,4332.546237999351,0,0,0,0,0,,3,2,1,0
2025-12-15T20:00:00+08:00,4342.72,4345.79,4342.55,4343.67,4332.982463960161,0,0,0,0,0,,3,2,1,0
2025-12-15T20:15:00+08:00,4343.82,4346.51,4342.94,4346.34,4333.5062889028995,0,0,0,0,0,,3,2,1,0
2025-12-15T20:30:00+08:00,4346.32,4348.31,4344.88,4345.52,4333.977414828276,0,0,0,0,0,,3,2,1,0
2025-12-15T20:45:00+08:00,4345.48,4347.14,4343.45,4345.84,4334.442614246775,0,0,0,0,0,,3,2,1,0
2025-12-15T21:00:00+08:00,4345.75,4346.36,4333.73,4335.77,4334.494668590039,0,0,0,0,0,,3,2,1,0
2025-12-15T21:15:00+08:00,4335.74,4341.52,4334.66,4339.74,4334.700367861017,0,0,0,0,0,,3,2,1,0
2025-12-15T21:30:00+08:00,4339.57,4341.88,4335.57,4338.44,4334.847020101762,0,0,0,0,0,,3,2,1,0
2025-12-15T21:45:00+08:00,4338.44,4344.76,4330.66,4332.21,4334.743607548751,0,0,0,0,0,,3,2,1,0
2025-12-15T22:00:00+08:00,4332.3,4336.8,4328.33,4328.94,4334.516015095859,0,0,0,0,0,,3,2,1,0
2025-12-15T22:15:00+08:00,4328.95,4332.64,4321.52,4325.2,4334.150681170531,0,0,0,0,0,,3,2,1,0
2025-12-15T22:30:00+08:00,4324.96,4335.13,4320.54,4328.21,4333.917713281491,0,0,0,0,0,,3,2,1,0
2025-12-15T22:45:00+08:00,4328.11,4331.32,4317.48,4323.83,4333.522116682217,0,0,0,0,0,,3,2,1,0
2025-12-15T23:00:00+08:00,4323.56,4327.34,4312.13,4322.77,4333.10046504762,0,0,0,0,0,,3,2,1,0
2025-12-15T23:15:00+08:00,4322.55,4327.74,4311.49,4314.34,4332.364760535948,0,0,0,0,0,,3,2,1,0
2025-12-15T23:30:00+08:00,4314.32,4324.74,4312.9,4323.23,4332.006534632578,0,1,0,0,0,,3,2,1,0
2025-12-15T23:45:00+08:00,4323.45,4327.9,4316.99,4318.28,4331.468239156791,0,0,0,0,0,,3,2,1,0
2025-12-16T00:00:00+08:00,4318.37,4318.67,4300.89,4303.54,4330.373014091819,0,0,0,0,0,,3,2,1,0
2025-12-16T00:15:00+08:00,4302.8,4305.84,4292.85,4296.11,4329.029366480375,0,0,0,0,0,,3,2,1,0
2025-12-16T00:30:00+08:00,4296.1,4300.12,4285.32,4296.57,4327.756450147811,0,0,0,0,0,,3,2,1,0
2025-12-16T00:45:00+08:00,4296.63,4299.76,4292.37,4297.59,4326.573452102799,0,0,0,0,0,,3,2,1,0
2025-12-16T01:00:00+08:00,4297.5,4300.27,4290.7,4296.94,4325.411355941905,0,0,0,0,0,,3,2,1,0
2025-12-16T01:15:00+08:00,4296.96,4303.54,4293.17,4302.06,4324.495616493203,0,0,0,0,0,,3,2,1,0
2025-12-16T01:30:00+08:00,4302.07,4305,4300.26,4304.01,4323.692258983666,0,0,0,0,0,,3,2,1,0
2025-12-16T01:45:00+08:00,4303.94,4306.54,4301.87,4304.51,4322.940013533326,0,0,0,0,0,,3,2,1,0
2025-12-16T02:00:00+08:00,4304.56,4305.36,4301.17,4302.7,4322.146287512412,0,0,0,0,0,,3,2,1,0
2025-12-16T02:15:00+08:00,4302.77,4306.41,4299.87,4305.71,4321.5017272178075,0,0,0,0,0,,3,2,1,0
2025-12-16T02:30:00+08:00,4305.16,4310.3,4302.74,4309.78,4321.042051640638,0,0,0,0,0,,3,2,1,0
2025-12-16T02:45:00+08:00,4309.79,4313.77,4307.92,4313.23,4320.735696674339,0,0,0,0,0,,3,2,1,0
2025-12-16T03:00:00+08:00,4313.22,4317.87,4312.19,4312.71,4320.420963471423,0,0,0,0,1,,3,2,1,0
2025-12-16T03:15:00+08:00,4312.69,4314.7,4309.07,4309.37,4319.987592354897,0,0,0,0,0,,3,2,1,0
2025-12-16T03:30:00+08:00,4309.47,4312.16,4307.89,4311.46,4319.653176968431,0,0,1,0,0,,3,2,1,0
2025-12-16T03:45:00+08:00,4311.47,4314.56,4310.29,4314.2,4319.439326891237,0,0,0,0,0,,3,2,1,0
2025-12-16T04:00:00+08:00,4314.24,4314.43,4311.5,4311.69,4319.135431719032,0,0,0,0,0,,3,2,1,0
2025-12-16T04:15:00+08:00,4311.72,4311.86,4299.22,4305.11,4318.585414788873,0,0,0,0,0,,3,2,1,0
2025-12-16T04:30:00+08:00,4305.15,4307.59,4300.52,4305.85,4318.085986757937,0,0,0,0,0,,3,2,1,0
2025-12-16T04:45:00+08:00,4305.74,4307.7,4303.97,4304.48,4317.552418649782,0,0,0,0,0,,3,2,1,0
2025-12-16T05:00:00+08:00,4304.48,4305.67,4300.66,4304.55,4317.042519879203,0,0,0,0,0,,3,2,1,0
2025-12-16T05:15:00+08:00,4304.61,4305,4302.68,4303.74,4316.520852432959,0,0,0,0,0,,3,2,1,0
2025-12-16T05:30:00+08:00,4303.82,4304.59,4301.24,4302.19,4315.958858219902,0,0,0,0,0,,3,2,1,0
2025-12-16T05:45:00+08:00,4302.1,4305.9,4301.97,4305.04,4315.530667701474,0,0,0,0,0,,3,2,1,0
2025-12-16T07:00:00+08:00,4306.8,4309.48,4305.28,4306.21,4315.1651513210245,0,0,0,0,0,,3,2,1,0
2025-12-16T07:15:00+08:00,4306.34,4309.85,4306.18,4307.61,4314.868870877062,0,0,0,0,0,,3,2,1,0
2025-12-16T07:30:00+08:00,4307.81,4308.6,4305.84,4307.02,4314.561072019138,0,0,0,0,0,,3,2,1,0
2025-12-16T07:45:00+08:00,4306.96,4307.87,4303.33,4304.2,4314.154755469368,0,0,0,0,0,,3,2,1,0
2025-12-16T08:00:00+08:00,4304.35,4309.13,4302.63,4307.45,4313.8918238823335,0,0,0,0,0,,3,2,1,0
2025-12-16T08:15:00+08:00,4307.55,4310.04,4304.49,4309.69,4313.727046475183,0,0,0,0,0,,3,2,1,0
2025-12-16T08:30:00+08:00,4309.68,4313.29,4307.74,4311.9,4313.655397593803,0,0,0,0,0,,3,2,1,0
2025-12-16T08:45:00+08:00,4311.77,4311.96,4305.7,4307.92,4313.430480041105,0,0,0,0,0,,3,2,1,0
2025-12-16T09:00:00+08:00,4307.69,4308.4,4299.08,4304.34,4313.073990627728,0,0,0,0,0,,3,2,1,0
2025-12-16T09:15:00+08:00,4304.25,4311.93,4304.13,4311.44,4313.009912563895,0,0,0,0,0,,3,2,1,0
2025-12-16T09:30:00+08:00,4311.21,4317.81,4311.18,4314.56,4313.070700306488,0,0,0,0,0,,3,2,1,0
2025-12-16T09:45:00+08:00,4314.79,4316.04,4304.69,4308.86,4312.905574804273,0,0,0,0,0,,3,2,1,0
2025-12-16T10:00:00+08:00,4308.78,4312,4305.77,4310.77,4312.8218267727325,0,0,0,0,0,,3,2,1,0
2025-12-16T10:15:00+08:00,4310.78,4312.33,4307.38,4310.88,4312.745676703214,0,0,0,0,0,,3,2,1,0
2025-12-16T10:30:00+08:00,4311.09,4311.99,4305.67,4309.09,4312.602316832499,0,0,0,0,0,,3,2,1,0
2025-12-16T10:45:00+08:00,4309.09,4309.8,4286.53,4289.88,4311.711245584166,0,0,0,0,0,,3,2,1,0
2025-12-16T11:00:00+08:00,4289.91,4294.48,4280.91,4282.1,4310.55002026714,0,0,0,0,0,,3,2,1,0
2025-12-16T11:15:00+08:00,4282.49,4288.29,4280.85,4287.49,4309.64570574686,0,0,0,0,0,,3,2,1,0
2025-12-16T11:30:00+08:00,4287.55,4289.18,4283.05,4285.38,4308.694109443061,0,0,0,0,0,,3,2,1,0
2025-12-16T11:45:00+08:00,4285.37,4291.7,4283.02,4290.82,4307.993163974706,0,0,0,0,0,,3,2,1,0
2025-12-16T12:00:00+08:00,4290.71,4292.36,4286.94,4287.77,4307.200098720796,0,0,0,0,0,,3,2,1,0
2025-12-16T12:15:00+08:00,4287.78,4290.78,4286.52,4288.25,4306.45695759449,0,0,0,0,0,,3,2,1,0
2025-12-16T12:30:00+08:00,4288.31,4291.88,4288.16,4289.55,4305.793939649608,0,0,0,0,0,,3,2,1,0
2025-12-16T12:45:00+08:00,4289.71,4290.75,4287.57,4289.11,4305.139667506486,0,0,0,0,0,,3,2,1,0
2025-12-16T13:00:00+08:00,4288.92,4292.3,4285.58,4286.03,4304.390268780741,0,0,0,0,0,,3,2,1,0
2025-12-16T13:15:00+08:00,4286.09,4286.44,4279.78,4280.72,4303.4620229462025,0,0,0,0,0,,3,2,1,0
2025-12-16T13:30:00+08:00,4280.52,4280.77,4271.56,4279.76,4302.532531850273,0,0,0,0,0,,3,2,1,0
2025-12-16T13:45:00+08:00,4279.73,4287.74,4279.56,4283.86,4301.800275699282,0,0,0,0,0,,3,2,1,0
2025-12-16T14:00:00+08:00,4284.13,4288.36,4282.57,4286.47,4301.199088416957,0,0,0,0,0,,3,2,1,0
2025-12-16T14:15:00+08:00,4286.48,4290.09,4285.2,4286.87,4300.637163380999,0,0,0,0,0,,3,2,1,0
2025-12-16T14:30:00+08:00,4286.88,4291.97,4285.65,4291.04,4300.260804032724,0,0,0,0,0,,3,2,1,0
2025-12-16T14:45:00+08:00,4291,4292.2,4287.45,4289.08,4299.82234112948,0,0,0,0,0,,3,2,1,0
2025-12-16T15:00:00+08:00,4289.12,4289.9,4284.86,4286.1,4299.2842101047945,0,0,0,0,0,,3,2,1,0
2025-12-16T15:15:00+08:00,4286.09,4286.65,4279.78,4281.2,4298.575025394803,0,0,0,0,0,,3,2,1,0
2025-12-16T15:30:00+08:00,4281.21,4288.62,4280.06,4284.22,4298.0120832224575,0,0,0,0,0,,3,2,1,0
2025-12-16T15:45:00+08:00,4283.98,4288.32,4283.03,4287.57,4297.602589762753,0,0,0,0,0,,3,2,1,0
2025-12-16T16:00:00+08:00,4287.61,4289.43,4280.48,4281.58,4296.974252909312,0,0,0,0,0,,3,2,1,0
2025-12-16T16:15:00+08:00,4281.48,4281.84,4275.88,4279.05,4296.271341030515,0,0,0,0,0,,3,2,1,0
2025-12-16T16:30:00+08:00,4278.82,4283.36,4275.41,4283.12,4295.755602166573,1,0,0,0,0,,3,2,1,0
2025-12-16T16:45:00+08:00,4283.03,4286.81,4282.93,4284.78,4295.325186395335,0,0,0,0,0,,3,2,1,0
2025-12-16T17:00:00+08:00,4285.3,4285.79,4281.28,4284.9,4294.916355556302,0,0,0,0,0,,3,2,1,0
2025-12-16T17:15:00+08:00,4284.88,4284.88,4281.37,4281.53,4294.391400436447,0,0,0,0,0,,3,2,1,0
2025-12-16T17:30:00+08:00,4281.55,4283.77,4280.13,4282.68,4293.932129831096,0,0,0,0,0,,3,2,1,0
2025-12-16T17:45:00+08:00,4282.71,4282.71,4276.51,4280.32,4293.398320818112,0,0,0,0,0,,3,2,1,0
2025-12-16T18:00:00+08:00,4280.38,4284.14,4276.61,4277.99,4292.794072942892,0,0,0,0,0,,3,2,1,0
2025-12-16T18:15:00+08:00,4277.99,4281.88,4276.79,4277.65,4292.200187729445,0,0,0,0,0,,3,2,1,0
2025-12-16T18:30:00+08:00,4277.58,4279,4274.73,4278.95,4291.6805725243685,0,0,0,0,0,,3,2,1,0
2025-12-16T18:45:00+08:00,4278.98,4281.52,4275.32,4277.19,4291.112314778315,0,0,0,0,0,,3,2,1,0
2025-12-16T19:00:00+08:00,4277.02,4278.61,4273.98,4275.85,4290.513792630146,0,0,0,0,0,,3,2,1,0
2025-12-16T19:15:00+08:00,4275.83,4277.96,4273.74,4277.38,4289.998741938768,0,0,0,0,0,,3,2,1,0
2025-12-16T19:30:00+08:00,4277.38,4279.51,4275.38,4276.33,4289.46271284313,0,0,0,0,0,,3,2,1,0
2025-12-16T19:45:00+08:00,4276.48,4278.9,4276.09,4278.52,4289.033586849282,0,0,0,0,0,,3,2,1,0
2025-12-16T20:00:00+08:00,4278.63,4288.74,4276.84,4287.73,4288.982465796369,0,0,0,0,0,,3,2,1,0
2025-12-16T20:15:00+08:00,4287.71,4292.64,4287.7,4291.5,4289.081192627884,0,0,0,0,0,,3,2,1,0
2025-12-16T20:30:00+08:00,4291.49,4293.58,4287.53,4293.41,4289.250949779732,0,0,0,0,0,,3,2,1,0
2025-12-16T20:45:00+08:00,4293.45,4294.98,4292.24,4294.4,4289.452873317781,0,0,0,0,0,,3,2,1,0
2025-12-16T21:00:00+08:00,4294.66,4297.74,4290.64,4295.87,4289.704525344535,0,0,0,0,0,,3,2,1,0
2025-12-16T21:15:00+08:00,4295.86,4302.06,4293.65,4301.24,4290.156896899651,0,0,0,0,0,,3,2,1,0
2025-12-16T21:30:00+08:00,4301.2,4312.65,4301.14,4304.17,4290.706430354567,0,0,0,0,0,,3,2,1,0
2025-12-16T21:45:00+08:00,4304.21,4313.23,4299.58,4313.07,4291.583433085761,0,0,0,0,0,,3,2,1,0
2025-12-16T22:00:00+08:00,4313.16,4320.37,4311.39,4319.3,4292.670357278475,0,0,0,0,0,,3,2,1,0
2025-12-16T22:15:00+08:00,4319.28,4330.51,4318.11,4325.75,4293.967598169515,0,0,0,0,0,,3,2,1,0
2025-12-16T22:30:00+08:00,4325.73,4332.04,4321.91,4326.32,4295.2363198099265,0,0,0,0,0,,3,2,1,0
2025-12-16T22:45:00+08:00,4327.51,4332.14,4323.07,4324.5,4296.383915111498,0,0,0,0,0,,3,2,1,0
2025-12-16T23:00:00+08:00,4324.47,4335.01,4320.82,4324.35,4297.480624322812,0,0,0,0,0,,3,2,1,0
2025-12-16T23:15:00+08:00,4324.26,4325.73,4312.32,4321.06,4298.405305721918,0,0,0,0,0,,3,2,1,0
2025-12-16T23:30:00+08:00,4320.97,4330,4319.77,4322.27,4299.341176085764,0,1,0,0,0,,3,2,1,0
2025-12-16T23:45:00+08:00,4322.08,4329.47,4319.23,4319.76,4300.14191427848,0,0,0,0,0,,3,2,1,0
2025-12-17T00:00:00+08:00,4319.76,4323.13,4312.77,4315.58,4300.747329404814,0,0,0,0,0,,3,2,1,0
2025-12-17T00:15:00+08:00,4315.63,4315.63,4303.53,4307.73,4301.021159624233,0,0,0,0,0,,3,2,1,0
2025-12-17T00:30:00+08:00,4307.71,4307.71,4291.14,4294.9,4300.781114148774,0,0,0,0,0,,3,2,1,0
2025-12-17T00:45:00+08:00,4294.9,4302.87,4293.61,4300.67,4300.776756731175,0,0,0,0,0,,3,2,1,0
2025-12-17T01:00:00+08:00,4300.8,4310.89,4300.61,4304.23,4300.912178035835,0,0,0,0,0,,3,2,1,0
2025-12-17T01:15:00+08:00,4304.29,4306.31,4300.09,4302.8,4300.986210269723,0,0,0,0,0,,3,2,1,0
2025-12-17T01:30:00+08:00,4302.78,4309.02,4302.22,4306.05,4301.184790259146,0,0,0,0,0,,3,2,1,0
2025-12-17T01:45:00+08:00,4306.16,4306.36,4300.43,4303.55,4301.277543582317,0,0,0,0,0,,3,2,1,0
2025-12-17T02:00:00+08:00,4303.13,4305.9,4299.52,4303.13,4301.35018893203,0,0,0,0,0,,3,2,1,0
2025-12-17T02:15:00+08:00,4303.19,4304.18,4297.99,4301.93,4301.372926620969,0,0,0,0,0,,3,2,1,0
2025-12-17T02:30:00+08:00,4301.45,4310.79,4301.1,4308.95,4301.670066753481,0,0,0,0,0,,3,2,1,0
2025-12-17T02:45:00+08:00,4308.93,4313.57,4308.19,4311.25,4302.045750410207,0,0,0,0,0,,3,2,1,0
2025-12-17T03:00:00+08:00,4311.23,4311.54,4303.86,4306.02,4302.201603335297,0,0,0,0,0,,3,2,1,0
2025-12-17T03:15:00+08:00,4306.01,4310.02,4296.8,4305.49,4302.330560067246,0,0,0,0,0,,3,2,1,0
2025-12-17T03:30:00+08:00,4305.46,4310.15,4304.56,4309.61,4302.616028299903,0,0,1,0,0,,3,2,1,0
2025-12-17T03:45:00+08:00,4309.69,4315.96,4309.29,4310.6,4302.929125229318,0,0,0,0,0,,3,2,1,0
2025-12-17T04:00:00+08:00,4310.21,4314.44,4310.21,4312.05,4303.286806592874,0,0,0,0,0,,3,2,1,0
2025-12-17T04:15:00+08:00,4312.04,4312.09,4308.12,4310.79,4303.581049471585,0,0,0,0,0,,3,2,1,0
2025-12-17T04:30:00+08:00,4310.82,4312,4307.79,4309.34,4303.806890668778,0,0,0,0,0,,3,2,1,0
2025-12-17T04:45:00+08:00,4309.35,4312.12,4302.72,4304.81,4303.84622828961,0,0,0,0,0,,3,2,1,0
2025-12-17T05:00:00+08:00,4304.81,4305.55,4301.04,4302.37,4303.788336984135,0,0,0,0,0,,3,2,1,0
2025-12-17T05:15:00+08:00,4302.51,4302.94,4300.72,4302.25,4303.72801004358,0,0,0,0,0,,3,2,1,0
2025-12-17T05:30:00+08:00,4302.26,4305.11,4301.21,4303.04,4303.701029257557,0,0,0,0,0,,3,2,1,0
2025-12-17T05:45:00+08:00,4302.92,4304.03,4301.72,4302.16,4303.640596737653,0,0,0,0,0,,3,2,1,0
2025-12-17T07:00:00+08:00,4301.01,4305.13,4301.01,4304.37,4303.669200787157,0,0,0,0,0,,3,2,1,0
2025-12-17T07:15:00+08:00,4304.33,4307.2,4304.09,4306.43,4303.777467422955,0,0,0,0,0,,3,2,1,0
2025-12-17T07:30:00+08:00,4306.38,4308.58,4305.29,4307.36,4303.917958896564,0,0,0,0,0,,3,2,1,0
2025-12-17T07:45:00+08:00,4307.31,4309.18,4306.95,4307.88,4304.073333057483,0,0,0,0,0,,3,2,1,0
2025-12-17T08:00:00+08:00,4307.9,4313.18,4307.51,4312.69,4304.4112415650325,0,0,0,0,0,,3,2,1,0
2025-12-17T08:15:00+08:00,4312.7,4315,4312.08,4313.34,4304.761388954639,0,0,0,0,0,,3,2,1,0
2025-12-17T08:30:00+08:00,4313.36,4314.49,4311.29,4312.6,4305.068785466222,0,0,0,0,0,,3,2,1,0
2025-12-17T08:45:00+08:00,4312.61,4314.46,4311.59,4313.15,4305.385695840096,0,0,0,0,0,,3,2,1,0
2025-12-17T09:00:00+08:00,4313.16,4320.26,4311.32,4317.86,4305.874884238523,0,0,0,0,0,,3,2,1,0
2025-12-17T09:15:00+08:00,4317.92,4319.48,4313.11,4316.83,4306.304496621326,0,0,0,0,0,,3,2,1,0
2025-12-17T09:30:00+08:00,4316.86,4325.24,4316.3,4322.77,4306.950202636175,0,0,0,0,0,,3,2,1,0
2025-12-17T09:45:00+08:00,4322.73,4326.83,4322.11,4326.72,4307.725488807306,0,0,0,0,0,,3,2,1,0
2025-12-17T10:00:00+08:00,4326.72,4327.86,4318.17,4320.45,4308.224489246235,0,0,0,0,0,,3,2,1,0
2025-12-17T10:15:00+08:00,4320.36,4323.81,4319.56,4320.51,4308.7062739816765,0,0,0,0,0,,3,2,1,0
2025-12-17T10:30:00+08:00,4320.53,4322.87,4314.17,4316.61,4309.0162240216105,0,0,0,0,0,,3,2,1,0
2025-12-17T10:45:00+08:00,4316.65,4316.95,4311.24,4314.32,4309.22421523645,0,0,0,0,0,,3,2,1,0
2025-12-17T11:00:00+08:00,4314.44,4320.22,4312.49,4315.53,4309.471500913452,0,0,0,0,0,,3,2,1,0
2025-12-17T11:15:00+08:00,4315.49,4319.59,4314.51,4318.77,4309.836147936454,0,0,0,0,0,,3,2,1,0
2025-12-17T11:30:00+08:00,4319.33,4323.71,4318.32,4321.71,4310.301789193848,0,0,0,0,0,,3,2,1,0
2025-12-17T11:45:00+08:00,4321.58,4325.25,4321.31,4323.61,4310.823679813697,0,0,0,0,0,,3,2,1,0
2025-12-17T12:00:00+08:00,4323.66,4326,4321.05,4324.43,4311.3572609974735,0,0,0,0,0,,3,2,1,0
2025-12-17T12:15:00+08:00,4324.41,4324.9,4322.11,4322.65,4311.800113507376,0,0,0,0,0,,3,2,1,0
2025-12-17T12:30:00+08:00,4322.62,4330.14,4320.37,4329.55,4312.496187487479,0,0,0,1,0,,3,2,1,0
2025-12-17T12:45:00+08:00,4329.75,4331.55,4328.19,4329.68,4313.1700624879695,0,0,0,0,0,,3,2,1,0
2025-12-17T13:00:00+08:00,4329.69,4334.54,4327.96,4332.67,4313.934765919814,0,0,0,0,0,,3,2,1,0
2025-12-17T13:15:00+08:00,4332.32,4337.89,4330.68,4331.07,4314.606735883743,0,0,0,0,0,,3,2,1,0
2025-12-17T13:30:00+08:00,4331.04,4340.03,4331.04,4338.36,4315.538236437322,0,0,0,0,0,,3,2,1,0
2025-12-17T13:45:00+08:00,4338.21,4342.48,4333.43,4333.99,4316.261835008408,0,0,0,0,0,,3,2,1,0
2025-12-17T14:00:00+08:00,4333.98,4337.75,4331.76,4336.76,4317.065684615921,0,0,0,0,0,,3,2,1,0
2025-12-17T14:15:00+08:00,4336.71,4337.04,4330.47,4332.54,4317.672520513336,0,0,0,0,0,,3,2,1,0
2025-12-17T14:30:00+08:00,4332.59,4333.34,4327.07,4329.11,4318.121049120657,0,0,0,0,0,,3,2,1,0
2025-12-17T14:45:00+08:00,4329.01,4330.88,4324.56,4328.75,4318.537870723768,0,0,0,0,0,,3,2,1,0
2025-12-17T15:00:00+08:00,4328.78,4328.83,4322.66,4325.03,4318.792464028718,0,0,0,0,0,,3,2,1,0
2025-12-17T15:15:00+08:00,4324.84,4325.81,4319.31,4323.14,4318.962955635435,0,0,0,1,0,,3,2,1,0
2025-12-17T15:30:00+08:00,4322.99,4324.71,4315.88,4316.14,4318.852251492869,0,0,0,0,0,,3,2,1,0
2025-12-17T15:45:00+08:00,4315.87,4319.31,4315.36,4317.83,4318.812163199031,0,0,0,0,0,,3,2,1,0
2025-12-17T16:00:00+08:00,4317.25,4321.01,4308.48,4313.58,4318.606980328481,0,0,0,0,0,,3,2,1,0
2025-12-17T16:15:00+08:00,4313.55,4318.11,4312.53,4316.41,4318.520824237168,0,0,0,0,0,,3,2,1,0
2025-12-17T16:30:00+08:00,4316.27,4319.64,4314.64,4315.31,4318.394909561201,1,0,0,0,0,,3,2,1,0
2025-12-17T16:45:00+08:00,4315.16,4320.83,4313.01,4319.06,4318.420991539193,0,0,0,0,0,,3,2,1,0
2025-12-17T17:00:00+08:00,4318.88,4323.2,4317.59,4321.02,4318.522913439617,0,0,0,0,0,,3,2,1,0
2025-12-17T17:15:00+08:00,4320.99,4322.62,4317.04,4322.21,4318.667505069436,0,0,0,0,0,,3,2,1,0
2025-12-17T17:30:00+08:00,4322.18,4322.29,4318.84,4318.93,4318.677798988281,0,0,0,0,0,,3,2,1,0
2025-12-17T17:45:00+08:00,4319.02,4322.27,4315.94,4317,4318.612002949525,0,0,0,0,0,,3,2,1,0
2025-12-17T18:00:00+08:00,4316.98,4319.57,4316.1,4319.56,4318.649179304446,0,0,0,0,0,,3,2,1,0
2025-12-17T18:15:00+08:00,4319.43,4322.18,4317.88,4319.74,4318.691956586625,0,0,0,0,0,,3,2,1,0
2025-12-17T18:30:00+08:00,4319.64,4319.94,4306.52,4314.94,4318.544821034208,0,0,0,0,0,,3,2,1,0
2025-12-17T18:45:00+08:00,4314.91,4318.15,4313.23,4317.57,4318.506592758357,0,0,0,0,0,,3,2,1,0
2025-12-17T19:00:00+08:00,4317.56,4319.58,4316.71,4317.79,4318.478491081559,0,0,0,0,0,,3,2,1,0
2025-12-17T19:15:00+08:00,4317.82,4320.55,4315.95,4318.19,4318.467177705811,0,0,0,0,0,,3,2,1,0
2025-12-17T19:30:00+08:00,4318.16,4318.86,4314.9,4316.46,4318.388464854603,0,0,0,0,0,,3,2,1,0
2025-12-17T19:45:00+08:00,4316.32,4318.8,4315.31,4316.44,4318.312054468148,0,0,0,0,0,,3,2,1,0
2025-12-17T20:00:00+08:00,4316.43,4318.26,4314.79,4316.71,4318.249228802731,0,0,0,0,0,,3,2,1,0
2025-12-17T20:15:00+08:00,4316.54,4323.19,4316.05,4321.43,4318.373964928113,0,0,0,0,0,,3,2,1,0
2025-12-17T20:30:00+08:00,4321.42,4322.4,4315.97,4317.56,4318.342044734854,0,0,0,0,0,,3,2,1,0
2025-12-17T20:45:00+08:00,4317.39,4318.34,4315.72,4317.64,4318.314513568782,0,0,0,0,0,,3,2,1,0
2025-12-17T21:00:00+08:00,4317.59,4327.99,4314.83,4323.3,4318.5100228405945,0,0,0,0,0,,3,2,1,0
2025-12-17T21:15:00+08:00,4323.26,4331.68,4322.99,4327.95,4318.880218023316,0,0,0,0,0,,3,2,1,0
2025-12-17T21:30:00+08:00,4327.97,4339.31,4327.97,4338.19,4319.6374643753425,0,0,0,0,0,,3,2,1,0
2025-12-17T21:45:00+08:00,4338.57,4344.19,4333.13,4342.1,4320.518348125329,0,0,0,0,0,,3,2,1,0
2025-12-17T22:00:00+08:00,4342.22,4345.97,4326.99,4327.47,4320.7909619243355,0,0,0,0,0,,3,2,1,0
2025-12-17T22:15:00+08:00,4327.52,4331.13,4322.8,4329.13,4321.117983025342,0,0,0,0,0,,3,2,1,0
2025-12-17T22:30:00+08:00,4328.81,4338.41,4326.07,4338.29,4321.791395455721,0,0,0,0,0,,3,2,1,0
2025-12-17T22:45:00+08:00,4338.3,4342.62,4334.46,4338.43,4322.443889751575,0,0,0,0,0,,3,2,1,0
2025-12-17T23:00:00+08:00,4338.34,4345.38,4335.15,4342.88,4323.245305839749,0,0,0,0,0,,3,2,1,0
2025-12-17T23:15:00+08:00,4342.87,4344.76,4332.71,4343.46,4324.0380389440725,0,0,0,0,0,,3,2,1,0
2025-12-17T23:30:00+08:00,4343.64,4349.16,4328.1,4331.93,4324.347527612932,0,1,0,0,0,,3,2,1,0
2025-12-17T23:45:00+08:00,4331.94,4336.82,4324.09,4330.26,4324.57938927517,0,0,0,0,0,,3,2,1,0
2025-12-18T00:00:00+08:00,4330.36,4334.61,4324.7,4327.64,4324.699413225163,0,0,0,0,0,,3,2,1,0
2025-12-18T00:15:00+08:00,4327.09,4332,4320.5,4326.71,4324.778259765352,0,0,0,0,0,,3,2,1,0
2025-12-18T00:30:00+08:00,4326.78,4334.1,4323.72,4333.08,4325.1038182059265,0,0,0,0,0,,3,2,1,0
2025-12-18T00:45:00+08:00,4333.37,4337.66,4330.65,4333.59,4325.436609648831,0,0,0,0,0,,3,2,1,0
2025-12-18T01:00:00+08:00,4333.7,4335.42,4328.31,4332.63,4325.718703388093,0,0,0,0,0,,3,2,1,0
2025-12-18T01:15:00+08:00,4332.7,4339.97,4330.14,4337.17,4326.167773843462,0,0,0,0,0,,3,2,1,0
2025-12-18T01:30:00+08:00,4337.23,4341.58,4336.13,4338.85,4326.6651160456795,0,0,0,0,0,,3,2,1,0
2025-12-18T01:45:00+08:00,4338.86,4342.37,4335.65,4342.37,4327.280993847809,0,0,0,0,0,,3,2,1,0
2025-12-18T02:00:00+08:00,4342.58,4346.44,4342.58,4343.04,4327.8989940890715,0,0,0,0,0,,3,2,1,0
2025-12-18T02:15:00+08:00,4343.02,4343.18,4338.23,4341.81,4328.444523732637,0,0,0,0,0,,3,2,1,0
2025-12-18T02:30:00+08:00,4341.42,4344.07,4330.41,4332.54,4328.605130645083,0,0,0,0,0,,3,2,1,0
2025-12-18T02:45:00+08:00,4332.42,4336.43,4328.9,4336.05,4328.8970863060595,0,0,0,0,0,,3,2,1,0
2025-12-18T03:00:00+08:00,4336.04,4337.98,4333.11,4337.05,4329.216808411704,0,0,0,0,0,,3,2,1,0
2025-12-18T03:15:00+08:00,4337,4340.69,4335.93,4339.73,4329.629090434774,0,0,0,0,0,,3,2,1,0
2025-12-18T03:30:00+08:00,4339.82,4341.03,4334.39,4335.11,4329.844028064783,0,0,1,0,0,,3,2,1,0
2025-12-18T03:45:00+08:00,4335.2,4337.15,4330.31,4336.98,4330.123870101458,0,0,0,0,0,,3,2,1,0
2025-12-18T04:00:00+08:00,4336.98,4339.68,4335.18,4339.26,4330.482149705323,0,0,0,0,0,,3,2,1,0
2025-12-18T04:15:00+08:00,4339.13,4342.59,4339.01,4341.43,4330.911477167859,0,0,0,0,0,,3,2,1,0
2025-12-18T04:30:00+08:00,4341.55,4342.78,4338.48,4342.12,4331.351027082845,0,0,0,0,0,,3,2,1,0
2025-12-18T04:45:00+08:00,4341.97,4346.03,4339.63,4341.3,4331.7411828835175,0,0,0,0,0,,3,2,1,0
2025-12-18T05:00:00+08:00,4341.22,4345.84,4340.55,4343.75,4332.212116888086,0,0,0,0,0,,3,2,1,0
2025-12-18T05:15:00+08:00,4343.77,4346.23,4343.36,4344.09,4332.677916225808,0,0,0,0,0,,3,2,1,0
2025-12-18T05:30:00+08:00,4344.1,4344.74,4339.82,4339.94,4332.962703824796,0,0,0,0,0,,3,2,1,0
2025-12-18T05:45:00+08:00,4339.94,4342.1,4337.49,4338.31,4333.17240171402,0,0,0,0,0,,3,2,1,0
2025-12-18T07:00:00+08:00,4337.77,4340.57,4335.93,4336.19,4333.2907389017055,0,0,0,0,0,,3,2,1,0
2025-12-18T07:15:00+08:00,4336.19,4339.27,4335.66,4338.3,4333.4871805134035,0,0,0,0,0,,3,2,1,0
2025-12-18T07:30:00+08:00,4338.33,4340.17,4337.27,4338.79,4333.69513421876,0,0,0,0,0,,3,2,1,0
2025-12-18T07:45:00+08:00,4338.88,4343.3,4338.73,4339.25,4333.912972092535,0,0,0,0,0,,3,2,1,0
2025-12-18T08:00:00+08:00,4339.31,4341.32,4336.85,4338.38,4334.088149657533,0,0,0,0,0,,3,2,1,0
2025-12-18T08:15:00+08:00,4338.4,4343,4337.28,4337.6,4334.225869278806,0,0,0,0,0,,3,2,1,0
2025-12-18T08:30:00+08:00,4337.6,4340.62,4336.74,4336.92,4334.3315214639515,0,0,0,0,0,,3,2,1,0
2025-12-18T08:45:00+08:00,4336.88,4337.25,4333.04,4334.68,4334.3451872888945,0,0,0,0,0,,3,2,1,0
2025-12-18T09:00:00+08:00,4334.72,4337.04,4328.52,4329.91,4334.171258375604,0,0,0,0,0,,3,2,1,0
2025-12-18T09:15:00+08:00,4329.92,4331.83,4324.7,4325.04,4333.813169811855,0,0,0,0,0,,3,2,1,0
2025-12-18T09:30:00+08:00,4325.07,4328.5,4324.56,4326.94,4333.543633740802,0,0,0,0,0,,3,2,1,0
2025-12-18T09:45:00+08:00,4326.93,4331.75,4324.9,4331.6,4333.46741280979,0,0,0,0,0,,3,2,1,0
2025-12-18T10:00:00+08:00,4331.4,4335.13,4329.87,4330.9,4333.366729954504,0,0,0,0,0,,3,2,1,0
2025-12-18T10:15:00+08:00,4330.97,4336.13,4329.84,4334.43,4333.408426819034,0,0,0,0,0,,3,2,1,0
2025-12-18T10:30:00+08:00,4334.69,4337.83,4333.85,4333.89,4333.427312041817,0,0,0,0,0,,3,2,1,0
2025-12-18T10:45:00+08:00,4333.87,4334.28,4330.59,4333.26,4333.420750785274,0,0,0,0,0,,3,2,1,0
2025-12-18T11:00:00+08:00,4333.21,4335.89,4330.86,4335.68,4333.509348793695,0,0,0,0,0,,3,2,1,0
2025-12-18T11:15:00+08:00,4335.62,4336.77,4331.92,4333.24,4333.498786095903,0,0,0,0,0,,3,2,1,0
2025-12-18T11:30:00+08:00,4333.23,4335.68,4332.23,4332.28,4333.45099056273,0,0,0,0,0,,3,2,1,0
2025-12-18T11:45:00+08:00,4332.33,4333.58,4331.15,4333.24,4333.442716423016,0,0,0,0,0,,3,2,1,0
2025-12-18T12:00:00+08:00,4333.22,4333.59,4329.3,4330.38,4333.322609896622,0,0,0,1,0,,3,2,1,0
2025-12-18T12:15:00+08:00,4330.14,4332.24,4329.01,4330.41,4333.208389900677,0,0,0,1,0,,3,2,1,0
2025-12-18T12:30:00+08:00,4330.4,4331.72,4328.6,4329.54,4333.064531473199,0,0,0,0,0,,3,2,1,0
2025-12-18T12:45:00+08:00,4329.53,4332.62,4329.17,4331.8,4333.014942003662,0,0,0,0,0,,3,2,1,0
2025-12-18T13:00:00+08:00,4331.99,4337.24,4330.97,4337.15,4333.177101140774,0,0,0,0,0,,3,2,1,0
2025-12-18T13:15:00+08:00,4337.16,4337.28,4334.62,4335.95,4333.285842272508,0,0,0,0,0,,3,2,1,0
2025-12-18T13:30:00+08:00,4335.92,4337.51,4332.81,4337.06,4333.433848457899,0,0,0,0,0,,3,2,1,0
2025-12-18T13:45:00+08:00,4337.04,4337.11,4332.19,4333.28,4333.42781518504,0,0,0,0,0,,3,2,1,0
2025-12-18T14:00:00+08:00,4333.37,4335.48,4330.59,4334.52,4333.4706459620975,0,0,0,0,0,,3,2,1,0
2025-12-18T14:15:00+08:00,4334.49,4335.49,4331.9,4333.43,4333.4690520028,0,0,0,0,0,,3,2,1,0
2025-12-18T14:30:00+08:00,4333.66,4336.23,4333.27,4333.43,4333.46752055171,0,0,0,0,0,,3,2,1,0
2025-12-18T14:45:00+08:00,4333.44,4334.89,4332.07,4334.03,4333.48957856929,0,0,0,0,0,,3,2,1,0
2025-12-18T15:00:00+08:00,4334,4334.9,4329.95,4330.94,4333.389595095984,0,0,0,0,0,,3,2,1,0
2025-12-18T15:15:00+08:00,4330.94,4335.17,4330.37,4335.11,4333.457061954965,0,0,0,0,0,,3,2,1,0
2025-12-18T15:30:00+08:00,4335.08,4337.79,4332.78,4333.37,4333.4536477606525,0,0,0,0,0,,3,2,1,0
2025-12-18T15:45:00+08:00,4333.48,4334,4331.3,4331.42,4333.373896868078,0,0,0,0,0,,3,2,1,0
2025-12-18T16:00:00+08:00,4331.09,4332.71,4325,4328.44,4333.180410716389,0,0,0,0,0,,3,2,1,0
2025-12-18T16:15:00+08:00,4328.35,4329.78,4325.96,4327.29,4332.949414217707,0,0,0,0,0,,3,2,1,0
2025-12-18T16:30:00+08:00,4327.3,4328.86,4325.3,4328.58,4332.778064640543,1,0,0,0,0,,3,2,1,0
2025-12-18T16:45:00+08:00,4328.59,4328.91,4321.86,4326.6,4332.535787595815,0,0,0,0,0,,3,2,1,0
2025-12-18T17:00:00+08:00,4326.14,4328.64,4324.59,4326.36,4332.293599846959,0,0,0,0,0,,3,2,1,0
2025-12-18T17:15:00+08:00,4326.37,4328.31,4323.53,4324.89,4332.003262598059,0,0,0,0,0,,3,2,1,0
2025-12-18T17:30:00+08:00,4324.74,4327.02,4321.18,4324.43,4331.7062719079395,0,0,0,0,0,,3,2,1,0
2025-12-18T17:45:00+08:00,4324.49,4324.62,4320.7,4323.6,4331.388378891942,0,0,0,0,0,,3,2,1,0
2025-12-18T18:00:00+08:00,4323.58,4325.73,4322.92,4324.74,4331.127658151082,0,0,0,0,0,,3,2,1,0
2025-12-18T18:15:00+08:00,4324.77,4325.38,4323.11,4323.6,4330.832455870647,0,0,0,0,0,,3,2,1,0
2025-12-18T18:30:00+08:00,4323.76,4327.51,4322.05,4327,4330.682163483563,0,0,0,0,0,,3,2,1,0
2025-12-18T18:45:00+08:00,4327.13,4327.64,4323.86,4325.33,4330.472274719502,0,0,0,0,0,,3,2,1,0
2025-12-18T19:00:00+08:00,4325.32,4328.57,4324.32,4327.32,4330.34865610305,0,0,0,0,0,,3,2,1,0
2025-12-18T19:15:00+08:00,4327.33,4328.45,4325.29,4325.76,4330.168708804891,0,0,0,0,0,,3,2,1,0
2025-12-18T19:30:00+08:00,4325.78,4327.18,4325.25,4326.53,4330.026014341955,0,0,0,0,0,,3,2,1,0
2025-12-18T19:45:00+08:00,4326.48,4326.88,4324.6,4325.66,4329.854798093251,0,0,0,0,0,,3,2,1,0
2025-12-18T20:00:00+08:00,4325.64,4326.67,4321.49,4324,4329.625198168025,0,0,0,0,0,,3,2,1,0
2025-12-18T20:15:00+08:00,4323.99,4324.39,4317.13,4319.18,4329.215582553593,0,0,0,0,0,,3,2,1,0
2025-12-18T20:30:00+08:00,4319.11,4323.62,4318.34,4322.73,4328.961245982864,0,0,0,0,0,,3,2,1,0
2025-12-18T20:45:00+08:00,4322.67,4322.77,4320.24,4320.7,4328.637275552163,0,0,0,0,0,,3,2,1,0
2025-12-18T21:00:00+08:00,4320.04,4324.2,4314.68,4316.27,4328.15228435404,0,0,0,0,0,,3,2,1,0
2025-12-18T21:15:00+08:00,4316.23,4323.96,4316.03,4320.95,4327.869841830352,0,0,0,0,0,,3,2,1,0
2025-12-18T21:30:00+08:00,4320.82,4338.21,4320.44,4336.76,4328.218475484064,0,0,0,0,0,,3,2,1,0
2025-12-18T21:45:00+08:00,4336.58,4343.01,4334.98,4336.51,4328.543633308218,0,0,0,0,0,,3,2,1,0
2025-12-18T22:00:00+08:00,4335.6,4341.33,4333,4336.36,4328.850157492209,0,0,0,0,0,,3,2,1,0
2025-12-18T22:15:00+08:00,4336.35,4338.87,4332.44,4332.84,4329.006621904279,0,0,0,0,0,,3,2,1,0
2025-12-18T22:30:00+08:00,4332.86,4341.22,4311.25,4314.26,4328.428323006072,0,0,0,0,0,,3,2,1,0
2025-12-18T22:45:00+08:00,4314.12,4330.1,4308.51,4328.45,4328.429173084265,0,0,0,0,0,,3,2,1,0
2025-12-18T23:00:00+08:00,4328.86,4337.08,4326.61,4330.72,4328.519009433901,0,0,0,0,0,,3,2,1,0
2025-12-18T23:15:00+08:00,4330.74,4334.41,4324.96,4333.26,4328.704930632572,0,0,0,0,0,,3,2,1,0
2025-12-18T23:30:00+08:00,4332.46,4341.49,4331.46,4337.33,4329.043168646981,0,1,0,0,0,,3,2,1,0
2025-12-18T23:45:00+08:00,4337.26,4341.08,4334.3,4338.09,4329.3979463471,0,0,0,0,0,,3,2,1,0
2025-12-19T00:00:00+08:00,4338.01,4368.03,4337.79,4362.09,4330.679987666821,0,0,0,0,0,,3,2,1,0
2025-12-19T00:15:00+08:00,4362.05,4374.63,4361.94,4367.27,4332.114890111259,0,0,0,0,0,,3,2,1,0
2025-12-19T00:30:00+08:00,4367.2,4371.86,4363.29,4366.95,4333.480972851994,0,0,0,0,0,,3,2,1,0
2025-12-19T00:45:00+08:00,4367.09,4369.42,4356.27,4360.41,4334.537013132308,0,0,0,0,0,,3,2,1,0
2025-12-19T01:00:00+08:00,4360.42,4363.45,4322.63,4328.38,4334.295561636924,0,0,0,0,0,,3,2,1,0
2025-12-19T01:15:00+08:00,4328.24,4332.93,4321.95,4327.89,4334.044363141358,0,0,0,0,0,,3,2,1,0
2025-12-19T01:30:00+08:00,4327.91,4341.58,4326.41,4337.47,4334.178701841697,0,0,0,0,0,,3,2,1,0
2025-12-19T01:45:00+08:00,4337.5,4338.43,4324.86,4333.09,4334.136007651827,0,0,0,0,0,,3,2,1,0
2025-12-19T02:00:00+08:00,4333.2,4341.02,4331.42,4339.44,4334.344007351755,0,0,0,0,0,,3,2,1,0
2025-12-19T02:15:00+08:00,4339.37,4341.33,4331.85,4332.19,4334.259536475215,0,0,0,0,0,,3,2,1,0
2025-12-19T02:30:00+08:00,4331.98,4340.16,4331.88,4333.9,4334.245437005598,0,0,0,0,0,,3,2,1,0
2025-12-19T02:45:00+08:00,4333.91,4334.27,4325.58,4331.78,4334.148753201457,0,0,0,0,0,,3,2,1,0
2025-12-19T03:00:00+08:00,4331.62,4333.06,4326.4,4329.29,4333.958213860224,0,0,0,0,0,,3,2,1,0
2025-12-19T03:15:00+08:00,4329.17,4334.34,4328.65,4333.72,4333.948872140215,0,0,0,0,0,,3,2,1,0
2025-12-19T03:30:00+08:00,4333.83,4334.86,4327.48,4329.29,4333.766171271971,0,0,1,0,0,,3,2,1,0
2025-12-19T03:45:00+08:00,4329.33,4330.69,4322.81,4325.07,4333.42514494758,0,0,0,0,0,,3,2,1,0
2025-12-19T04:00:00+08:00,4324.9,4335.83,4324.38,4333.74,4333.437492204537,0,0,0,0,0,,3,2,1,0
2025-12-19T04:15:00+08:00,4333.6,4334,4328.33,4332.47,4333.399551333771,0,0,0,0,0,,3,2,1,0
2025-12-19T04:30:00+08:00,4332.46,4338.15,4331.15,4335.91,4333.498000301074,0,0,0,0,0,,3,2,1,0
2025-12-19T04:45:00+08:00,4335.99,4336.39,4332.09,4335.03,4333.55807872064,0,0,0,0,0,,3,2,1,0
2025-12-19T05:00:00+08:00,4334.81,4334.81,4331.31,4332.79,4333.527957986497,0,0,0,0,0,,3,2,1,0
2025-12-19T05:15:00+08:00,4332.8,4333,4330.61,4332.06,4333.470391006635,0,0,0,0,0,,3,2,1,0
2025-12-19T05:30:00+08:00,4332.05,4332.79,4328.55,4330.84,4333.367238418139,0,0,0,0,0,,3,2,1,0
2025-12-19T05:45:00+08:00,4330.96,4334.06,4330.94,4332.51,4333.333621225271,0,0,0,0,0,,3,2,1,0
2025-12-19T07:00:00+08:00,4334.04,4336.46,4334.04,4334.82,4333.391910588985,0,0,0,0,0,,3,2,1,0
2025-12-19T07:15:00+08:00,4334.83,4336.73,4333.99,4334.07,4333.418502330594,0,0,0,0,0,,3,2,1,0
2025-12-19T07:30:00+08:00,4334.31,4335.59,4333.57,4334.27,4333.45189439606,0,0,0,0,0,,3,2,1,0
2025-12-19T07:45:00+08:00,4334.13,4336.92,4333.86,4335.15,4333.518486772686,0,0,0,0,0,,3,2,1,0
2025-12-19T08:00:00+08:00,4335.12,4335.83,4329.38,4330,4333.380506899247,0,0,0,0,0,,3,2,1,0
2025-12-19T08:15:00+08:00,4329.9,4332.22,4327.83,4331.33,4333.300094863982,0,0,0,0,0,,3,2,1,0
2025-12-19T08:30:00+08:00,4331.2,4332.44,4327.86,4328.49,4333.111463692845,0,0,0,0,0,,3,2,1,0
2025-12-19T08:45:00+08:00,4328.48,4331.2,4325.59,4326.11,4332.836896489204,0,0,0,0,0,,3,2,1,0
2025-12-19T09:00:00+08:00,4326.04,4327.57,4320.33,4325.91,4332.565253489628,0,0,0,0,0,,3,2,1,0
2025-12-19T09:15:00+08:00,4325.78,4328.43,4310.44,4313.1,4331.801910215525,0,0,0,0,0,,3,2,1,0
2025-12-19T09:30:00+08:00,4313.06,4319.22,4309.38,4317.52,4331.2418353051125,0,0,0,0,0,,3,2,1,0
2025-12-19T09:45:00+08:00,4317.52,4324.19,4317,4323.3,4330.930390783344,0,0,0,0,0,,3,2,1,0
2025-12-19T10:00:00+08:00,4323.33,4328.03,4323.24,4324.29,4330.669983301644,0,0,0,0,0,,3,2,1,0
2025-12-19T10:15:00+08:00,4324.15,4324.73,4321.47,4324.48,4330.427238858442,0,0,0,0,0,,3,2,1,0
2025-12-19T10:30:00+08:00,4324.35,4326.02,4314.83,4315.96,4329.859896158111,0,0,0,0,0,,3,2,1,0
2025-12-19T10:45:00+08:00,4316.1,4318.64,4314.18,4316.55,4329.337939446028,0,0,0,0,0,,3,2,1,0
2025-12-19T11:00:00+08:00,4316.51,4317.88,4312.73,4316.2,4328.822726134419,0,0,0,0,0,,3,2,1,0
2025-12-19T11:15:00+08:00,4316.21,4321.79,4312.93,4319.41,4328.453599619344,0,0,0,0,0,,3,2,1,0
2025-12-19T11:30:00+08:00,4319.41,4322.51,4317.19,4319.73,4328.111497673487,0,0,0,0,0,,3,2,1,0
2025-12-19T11:45:00+08:00,4319.65,4320.92,4317.45,4318.1,4327.718889921585,0,0,0,0,0,,3,2,1,0
2025-12-19T12:00:00+08:00,4318.11,4319.92,4317.6,4318.96,4327.375404042307,0,0,0,0,0,,3,2,1,0
2025-12-19T12:15:00+08:00,4319.02,4319.95,4316.79,4317.48,4326.987348981825,0,0,0,0,0,,3,2,1,0
2025-12-19T12:30:00+08:00,4317.49,4321.6,4317.26,4320.5,4326.7329431394,0,0,0,0,0,,3,2,1,0
2025-12-19T12:45:00+08:00,4320.51,4323.05,4319.62,4322.87,4326.581455173149,0,0,0,0,0,,3,2,1,0
2025-12-19T13:00:00+08:00,4323.06,4323.95,4318.42,4318.84,4326.277868695771,0,0,0,0,0,,3,2,1,0
2025-12-19T13:15:00+08:00,4318.85,4320.58,4317.58,4319.8,4326.02383462927,0,0,0,0,0,,3,2,1,0
2025-12-19T13:30:00+08:00,4319.78,4326.46,4319.78,4325.2,4325.991527388906,0,0,0,0,0,,3,2,1,0
2025-12-19T13:45:00+08:00,4325.3,4328.92,4324.89,4325.91,4325.9883302364005,0,0,0,0,0,,3,2,1,0
2025-12-19T14:00:00+08:00,4326.08,4327.41,4324.26,4327.1,4326.031925129091,0,0,0,0,0,,3,2,1,0
2025-12-19T14:15:00+08:00,4327.23,4329.59,4326.18,4327.12,4326.074594731872,0,0,0,0,0,,3,2,1,0
2025-12-19T14:30:00+08:00,4327.42,4328.2,4321.54,4324.1,4325.997159644347,0,0,0,0,0,,3,2,1,0
2025-12-19T14:45:00+08:00,4324.23,4327.26,4322.55,4326.52,4326.017663187707,0,0,0,0,0,,3,2,1,0
2025-12-19T15:00:00+08:00,4326.45,4328.49,4323.22,4327.07,4326.058931297993,0,0,0,0,0,,3,2,1,0
2025-12-19T15:15:00+08:00,4327.17,4327.8,4323.18,4327.66,4326.121718305914,0,0,0,0,0,,3,2,1,0
2025-12-19T15:30:00+08:00,4327.52,4329.7,4324.98,4324.98,4326.076945039015,0,0,0,0,0,,3,2,1,0
2025-12-19T15:45:00+08:00,4325.02,4325.45,4321.74,4322.78,4325.947653076701,0,0,0,0,0,,3,2,1,0
2025-12-19T16:00:00+08:00,4322.85,4324.83,4320.92,4322.77,4325.823039230556,0,0,0,0,0,,3,2,1,0
2025-12-19T16:15:00+08:00,4322.78,4326.12,4322.29,4325.13,4325.795861221514,0,0,0,0,0,,3,2,1,0
2025-12-19T16:30:00+08:00,4324.99,4330.94,4324.84,4328.03,4325.883474506945,1,0,0,0,0,,3,2,1,0
2025-12-19T16:45:00+08:00,4328.08,4328.73,4325.8,4325.93,4325.885299036085,0,0,0,0,0,,3,2,1,0
2025-12-19T17:00:00+08:00,4325.93,4327.53,4324.37,4326.72,4325.918032407219,0,0,0,0,0,,3,2,1,0
2025-12-19T17:15:00+08:00,4326.71,4328.35,4325.75,4327.08,4325.963599763798,0,0,0,0,0,,3,2,1,0
2025-12-19T17:30:00+08:00,4326.96,4331.13,4325.9,4330.69,4326.148948792668,0,0,0,0,0,,3,2,1,0
2025-12-19T17:45:00+08:00,4330.48,4333.57,4327.15,4329.57,4326.283107663544,0,0,0,0,0,,3,2,1,0
2025-12-19T18:00:00+08:00,4329.43,4331.79,4328.02,4329.99,4326.428475990464,0,0,0,0,0,,3,2,1,0
2025-12-19T18:15:00+08:00,4330.01,4331.11,4327.01,4327.41,4326.466967128093,0,0,0,0,0,,3,2,1,0
2025-12-19T18:30:00+08:00,4327.44,4327.84,4322.29,4327.32,4326.500419397579,0,0,0,0,0,,3,2,1,0
2025-12-19T18:45:00+08:00,4327.21,4329.76,4326.68,4327.81,4326.551775499635,0,0,0,0,0,,3,2,1,0
2025-12-19T19:00:00+08:00,4327.82,4329.17,4325.64,4326.51,4326.550137244748,0,0,0,0,0,,3,2,1,0
2025-12-19T19:15:00+08:00,4326.49,4328.84,4325.85,4327.15,4326.573661274366,0,0,0,0,0,,3,2,1,0
2025-12-19T19:30:00+08:00,4327.16,4327.96,4325.25,4327.41,4326.60645887145,0,0,0,0,0,,3,2,1,0
2025-12-19T19:45:00+08:00,4327.42,4329.56,4326.64,4327.18,4326.628950680412,0,0,0,0,0,,3,2,1,0
2025-12-19T20:00:00+08:00,4327.46,4327.46,4320.74,4324.02,4326.526638889024,0,0,0,0,0,,3,2,1,0
2025-12-19T20:15:00+08:00,4324.04,4327.94,4323.31,4325.53,4326.487555011023,0,0,0,0,0,,3,2,1,0
2025-12-19T20:30:00+08:00,4325.55,4328.8,4324.22,4325.64,4326.45431755961,0,0,0,0,0,,3,2,1,0
2025-12-19T20:45:00+08:00,4325.64,4327.16,4323.36,4326.72,4326.464736478841,0,0,0,0,0,,3,2,1,0
2025-12-19T21:00:00+08:00,4326.76,4334.88,4326.12,4330.03,4326.6045507345725,0,0,0,0,0,,3,2,1,0
2025-12-19T21:15:00+08:00,4330.27,4335.1,4327.51,4334.78,4326.925156588119,0,0,0,0,0,,3,2,1,0
2025-12-19T21:30:00+08:00,4334.82,4335.35,4329,4329.37,4327.0210328003495,0,0,0,0,0,,3,2,1,0
2025-12-19T21:45:00+08:00,4329.5,4332.53,4327.35,4328.35,4327.07314916112,0,0,0,0,0,,3,2,1,0
2025-12-19T22:00:00+08:00,4328.35,4334.25,4325.33,4328.04,4327.111064880292,0,0,0,1,0,,3,2,1,0
2025-12-19T22:15:00+08:00,4327.91,4330.32,4325.47,4327.76,4327.136513316359,0,0,0,0,0,,3,2,1,0
2025-12-19T22:30:00+08:00,4327.73,4337.79,4326.8,4334.67,4327.431944166698,0,0,0,0,0,,3,2,1,0
2025-12-19T22:45:00+08:00,4334.74,4334.87,4319.63,4332.59,4327.634220866043,0,0,0,0,0,,3,2,1,0
2025-12-19T23:00:00+08:00,4332.45,4345.47,4332.22,4341.74,4328.187388675217,0,0,0,0,0,,3,2,1,0
2025-12-19T23:15:00+08:00,4341.79,4346.54,4335,4337.69,4328.560040099718,0,0,0,0,0,,3,2,1,0
2025-12-19T23:30:00+08:00,4337.71,4344.84,4336.6,4340.05,4329.010626762474,0,1,0,0,0,,3,2,1,0
2025-12-19T23:45:00+08:00,4340.44,4349.24,4340,4347.83,4329.74864139924,0,0,0,0,0,,3,2,1,0
2025-12-20T00:00:00+08:00,4347.74,4354.63,4342.73,4342.84,4330.262028011035,0,0,0,0,0,,3,2,1,0
2025-12-20T00:15:00+08:00,4342.83,4347.44,4341.78,4346.86,4330.9129288733475,0,0,0,0,0,,3,2,1,0
2025-12-20T00:30:00+08:00,4346.83,4350.55,4343.19,4345.67,4331.491637544981,0,0,0,0,0,,3,2,1,0
2025-12-20T00:45:00+08:00,4345.73,4351.12,4344.48,4349.72,4332.206475288315,0,0,0,0,0,,3,2,1,0
2025-12-20T01:00:00+08:00,4349.53,4353.8,4346.99,4347.17,4332.793280178969,0,0,0,0,0,,3,2,1,0
2025-12-20T01:15:00+08:00,4347.19,4352.69,4346.97,4351.8,4333.538641740578,0,0,0,0,0,,3,2,1,0
2025-12-20T01:30:00+08:00,4351.98,4354.01,4349.92,4351.38,4334.23830284879,0,0,0,0,0,,3,2,1,0
2025-12-20T01:45:00+08:00,4351.39,4356.12,4350.35,4353.55,4334.9956243057,0,0,0,0,0,,3,2,1,0
2025-12-20T02:00:00+08:00,4353.45,4354.89,4350.35,4353.79,4335.732658646653,0,0,0,0,0,,3,2,1,0
2025-12-20T02:15:00+08:00,4353.77,4356.47,4352.03,4354.44,4336.4662798761965,0,0,0,0,0,,3,2,1,0
2025-12-20T02:30:00+08:00,4354.4,4354.92,4344.8,4345.04,4336.802504194777,0,0,0,0,0,,3,2,1,0
2025-12-20T02:45:00+08:00,4345.03,4349.87,4343.03,4348.58,4337.264366775374,0,0,0,0,0,,3,2,1,0
2025-12-20T03:00:00+08:00,4348.6,4350.78,4346.61,4347.25,4337.655960235163,0,0,0,0,0,,3,2,1,0
2025-12-20T03:15:00+08:00,4347.25,4349.54,4346.37,4347.56,4338.044353951431,0,0,0,0,0,,3,2,1,0
2025-12-20T03:30:00+08:00,4347.56,4349.99,4346.55,4346.9,4338.39163418863,0,0,1,0,0,,3,2,1,0
2025-12-20T03:45:00+08:00,4346.92,4348.98,4345.14,4345.21,4338.659021083194,0,0,0,0,0,,3,2,1,0
2025-12-20T04:00:00+08:00,4345.17,4346.46,4342.09,4342.47,4338.808471236794,0,0,0,0,0,,3,2,1,0
2025-12-20T04:15:00+08:00,4342.56,4346.01,4341.31,4345.25,4339.0610802079,0,0,0,0,0,,3,2,1,0
2025-12-20T04:30:00+08:00,4345.12,4345.12,4338.58,4340.49,4339.117116278178,0,0,0,0,0,,3,2,1,0
2025-12-20T04:45:00+08:00,4340.34,4340.9,4336.71,4339.61,4339.136445051583,0,0,0,0,0,,3,2,1,0
2025-12-20T05:00:00+08:00,4339.62,4340.12,4337.48,4338.99,4339.130702108384,0,0,0,0,0,,3,2,1,0
2025-12-20T05:15:00+08:00,4338.87,4339.47,4336.84,4337.82,4339.079302025702,0,0,0,0,0,,3,2,1,0
2025-12-20T05:30:00+08:00,4337.84,4338.77,4336.67,4338.12,4339.04168233842,0,0,0,0,0,,3,2,1,0
2025-12-20T05:45:00+08:00,4338.36,4338.92,4337.81,4338.6,4339.024361462404,0,0,0,0,0,,3,2,1,0
2025-12-22T07:00:00+08:00,4338.52,4345.87,4338.06,4344.82,4339.251641405055,0,0,0,0,0,,3,2,1,0
2025-12-22T07:15:00+08:00,4344.62,4349.29,4343.99,4348.71,4339.622557428386,0,0,0,0,0,,3,2,1,0
2025-12-22T07:30:00+08:00,4348.73,4350.1,4346.9,4348.31,4339.963241450802,0,0,0,0,0,,3,2,1,0
2025-12-22T07:45:00+08:00,4348.33,4356.4,4348.19,4355.1,4340.556839825281,0,0,0,0,0,,3,2,1,0
2025-12-22T08:00:00+08:00,4355.05,4364.94,4355.05,4359.64,4341.305199047819,0,0,0,0,0,,3,2,1,0
2025-12-22T08:15:00+08:00,4359.61,4365.11,4358.96,4363.3,4342.16774026163,0,0,0,0,0,,3,2,1,0
2025-12-22T08:30:00+08:00,4363.43,4366.29,4361.69,4361.82,4342.938417114115,0,0,0,0,0,,3,2,1,0
2025-12-22T08:45:00+08:00,4361.96,4365.12,4361.63,4364.86,4343.7980870312085,0,0,0,0,0,,3,2,1,0
2025-12-22T09:00:00+08:00,4364.88,4372.6,4362.48,4364.74,4344.6193385201805,0,0,0,0,0,,3,2,1,0
2025-12-22T09:15:00+08:00,4364.44,4370.35,4361.33,4367.86,4345.530737009585,0,0,0,0,0,,3,2,1,0
2025-12-22T09:30:00+08:00,4367.88,4383.95,4367.85,4381.8,4346.953061048425,0,0,0,0,0,,3,2,1,0
2025-12-22T09:45:00+08:00,4381.82,4384.87,4379.7,4382.86,4348.361176301428,0,0,0,0,0,,3,2,1,0
2025-12-22T10:00:00+08:00,4382.89,4384.05,4378.43,4380.58,4349.624659583725,0,0,0,0,0,,3,2,1,0
2025-12-22T10:15:00+08:00,4380.63,4382.61,4378.88,4378.88,4350.771927835343,0,0,0,0,0,,3,2,1,0
2025-12-22T10:30:00+08:00,4378.87,4385.68,4378.81,4383.98,4352.074205175134,0,0,0,0,0,,3,2,1,0
2025-12-22T10:45:00+08:00,4384,4388.75,4382.3,4385.95,4353.402667717286,0,0,0,0,0,,3,2,1,0
2025-12-22T11:00:00+08:00,4386.05,4390.09,4383.96,4386.91,4354.716680747981,0,0,0,0,0,,3,2,1,0
2025-12-22T11:15:00+08:00,4386.81,4391.04,4385.59,4389.11,4356.0654383657065,0,0,0,0,0,,3,2,1,0
2025-12-22T11:30:00+08:00,4388.98,4392.03,4387.96,4391.4,4357.451107449404,0,0,0,0,0,,3,2,1,0
2025-12-22T11:45:00+08:00,4391.4,4394.97,4391.39,4392.54,4358.827142451388,0,0,0,0,0,,3,2,1,0
2025-12-22T12:00:00+08:00,4392.58,4396.79,4391.38,4396.72,4360.313136865059,0,0,0,0,0,,3,2,1,0
2025-12-22T12:15:00+08:00,4396.59,4397.44,4393.27,4394.66,4361.660072674273,0,0,0,0,0,,3,2,1,0
2025-12-22T12:30:00+08:00,4394.67,4396.06,4393.95,4395.13,4362.972618843909,0,0,0,0,0,,3,2,1,0
2025-12-22T12:45:00+08:00,4395.28,4400.77,4395.02,4398.36,4364.360359281402,0,0,0,0,0,,3,2,1,0
2025-12-22T13:00:00+08:00,4398.01,4403.63,4396.59,4401.28,4365.808188329191,0,0,0,0,0,,3,2,1,0
2025-12-22T13:15:00+08:00,4401.09,4405.4,4398.51,4404.8,4367.337278982948,0,0,0,0,0,,3,2,1,0
2025-12-22T13:30:00+08:00,4404.75,4409.53,4397.49,4401.56,4368.679346473813,0,0,0,0,0,,3,2,1,0
2025-12-22T13:45:00+08:00,4401.66,4406.81,4399.8,4400.09,4369.911136808173,0,0,0,0,0,,3,2,1,0
2025-12-22T14:00:00+08:00,4400.14,4404.82,4398.77,4403.75,4371.2381510509895,0,0,0,0,0,,3,2,1,0
2025-12-22T14:15:00+08:00,4403.71,4405.31,4399.96,4400.96,4372.403713754872,0,0,0,0,0,,3,2,1,0
2025-12-22T14:30:00+08:00,4401.12,4409.36,4399.97,4408.24,4373.8090583135045,0,0,0,0,0,,3,2,1,0
2025-12-22T14:45:00+08:00,4408.24,4420.04,4408.03,4419.45,4375.598899163955,0,0,0,0,0,,3,2,1,0
2025-12-22T15:00:00+08:00,4419.37,4420.41,4410.53,4413.11,4377.069922726153,0,0,0,0,0,,3,2,1,0
2025-12-22T15:15:00+08:00,4413.1,4416.83,4411.73,4415.77,4378.587572815323,0,0,0,0,0,,3,2,1,0
2025-12-22T15:30:00+08:00,4415.78,4418.11,4412.27,4416.29,4380.066099371585,0,0,0,0,0,,3,2,1,0
2025-12-22T15:45:00+08:00,4416.34,4416.45,4412.46,4414.5,4381.416448415836,0,0,0,0,0,,3,2,1,0
2025-12-22T16:00:00+08:00,4414.23,4414.76,4409.8,4412.39,4382.631097497569,0,0,0,0,0,,3,2,1,0
2025-12-22T16:15:00+08:00,4412.29,4413.42,4409.45,4413.39,4383.837328968252,0,0,0,1,0,,3,2,1,0
2025-12-22T16:30:00+08:00,4413.43,4415.04,4407.27,4410.26,4384.873512145968,1,0,0,0,0,,3,2,1,0
2025-12-22T16:45:00+08:00,4410.24,4411.34,4406.09,4408.42,4385.796903826518,0,0,0,0,0,,3,2,1,0
2025-12-22T17:00:00+08:00,4408.44,4413.29,4408.18,4412.2,4386.832319362733,0,0,0,0,0,,3,2,1,0
2025-12-22T17:15:00+08:00,4412.21,4414,4410.64,4412.45,4387.836934289685,0,0,0,0,0,,3,2,1,0
2025-12-22T17:30:00+08:00,4412.48,4413.68,4411.53,4412.25,4388.79430941558,0,0,0,0,0,,3,2,1,0
2025-12-22T17:45:00+08:00,4412.29,4414.75,4411.03,4411.17,4389.671787477714,0,0,0,0,0,,3,2,1,0
2025-12-22T18:00:00+08:00,4411.22,4415.93,4410.93,4414.02,4390.626619341333,0,0,0,0,0,,3,2,1,0
2025-12-22T18:15:00+08:00,4414.03,4414.28,4411.25,4411.49,4391.444791131869,0,0,0,0,0,,3,2,1,0
2025-12-22T18:30:00+08:00,4411.59,4411.66,4406.17,4409,4392.133230695325,0,0,0,0,0,,3,2,1,0
2025-12-22T18:45:00+08:00,4409.28,4411.66,4408.67,4408.75,4392.784868707274,0,0,0,0,0,,3,2,1,0
2025-12-22T19:00:00+08:00,4408.73,4409.85,4406.25,4409.42,4393.437226797185,0,0,0,0,0,,3,2,1,0
2025-12-22T19:15:00+08:00,4409.4,4410.65,4408.11,4409.35,4394.061257118864,0,0,0,0,0,,3,2,1,0
2025-12-22T19:30:00+08:00,4409.25,4411.73,4408.7,4410.17,4394.692972525967,0,0,0,0,0,,3,2,1,0
2025-12-22T19:45:00+08:00,4410.14,4411.07,4408.76,4410.42,4395.309718701419,0,0,0,0,0,,3,2,1,0
2025-12-22T20:00:00+08:00,4410.43,4413.28,4406.33,4407.26,4395.778357183716,0,0,0,0,0,,3,2,1,0
2025-12-22T20:15:00+08:00,4407.28,4412.44,4407.01,4409.28,4396.30783337259,0,0,0,0,0,,3,2,1,0
2025-12-22T20:30:00+08:00,4409.33,4410.96,4407.57,4409.4,4396.821251671704,0,0,0,0,0,,3,2,1,0
2025-12-22T20:45:00+08:00,4409.39,4415.91,4409.31,4415.55,4397.555712390461,0,0,0,0,0,,3,2,1,0
2025-12-22T21:00:00+08:00,4415.87,4426.92,4415.07,4425.57,4398.654311904561,0,0,0,0,0,,3,2,1,0
2025-12-22T21:15:00+08:00,4425.57,4427.4,4413.25,4418.73,4399.441593790657,0,0,0,0,0,,3,2,1,0
2025-12-22T21:30:00+08:00,4418.76,4426.59,4418.28,4423.84,4400.39839403416,0,0,0,0,0,,3,2,1,0
2025-12-22T21:45:00+08:00,4423.86,4427.15,4419.78,4423.71,4401.312574660272,0,0,0,0,0,,3,2,1,0
2025-12-22T22:00:00+08:00,4423.7,4427.14,4421.59,4426.23,4402.289728595163,0,0,0,0,0,,3,2,1,0
2025-12-22T22:15:00+08:00,4426.18,4429.03,4424.14,4426.39,4403.234837277706,0,0,0,0,0,,3,2,1,0
2025-12-22T22:30:00+08:00,4426.56,4426.56,4414.84,4423.15,4404.015824051129,0,0,0,0,0,,3,2,1,0
2025-12-22T22:45:00+08:00,4422.96,4429.17,4417.73,4419.13,4404.608536833438,0,0,0,0,0,,3,2,1,0
2025-12-22T23:00:00+08:00,4419.16,4423.39,4413.86,4415.93,4405.052515781146,0,0,0,0,0,,3,2,1,0
2025-12-22T23:15:00+08:00,4415.95,4419.93,4412.11,4417.94,4405.55790731914,0,0,0,1,0,,3,2,1,0
2025-12-22T23:30:00+08:00,4418.02,4428.06,4416.67,4427.68,4406.425440365449,0,1,0,0,0,,3,2,1,0
2025-12-22T23:45:00+08:00,4427.83,4435.66,4427.83,4431.75,4407.418560351117,0,0,0,0,0,,3,2,1,0
2025-12-23T00:00:00+08:00,4431.71,4438.07,4428.17,4438.07,4408.62057759225,0,0,0,0,0,,3,2,1,0
2025-12-23T00:15:00+08:00,4438.07,4440.44,4435.41,4437.84,4409.766437294515,0,0,0,0,0,,3,2,1,0
2025-12-23T00:30:00+08:00,4437.85,4442.1,4433.09,4436.06,4410.797557400612,0,0,0,0,0,,3,2,1,0
2025-12-23T00:45:00+08:00,4435.85,4439.17,4434.52,4438.74,4411.893339463333,0,0,0,0,0,,3,2,1,0
2025-12-23T01:00:00+08:00,4438.6,4441.73,4435.17,4441.49,4413.053992817712,0,0,0,0,0,,3,2,1,0
2025-12-23T01:15:00+08:00,4441.5,4442.07,4433.75,4434.3,4413.887169569959,0,0,0,0,0,,3,2,1,0
2025-12-23T01:30:00+08:00,4434.25,4437.61,4431.98,4435.84,4414.7480648809415,0,0,0,0,0,,3,2,1,0
2025-12-23T01:45:00+08:00,4435.81,4438.9,4435.4,4438.44,4415.677160375806,0,0,0,0,0,,3,2,1,0
2025-12-23T02:00:00+08:00,4438.84,4438.84,4434.58,4436.65,4416.499624674794,0,0,0,0,0,,3,2,1,0
2025-12-23T02:15:00+08:00,4436.65,4438.65,4433.6,4434.48,4417.204737432646,0,0,0,0,0,,3,2,1,0
2025-12-23T02:30:00+08:00,4435.13,4437.32,4432.13,4432.77,4417.815139886267,0,0,0,0,0,,3,2,1,0
2025-12-23T02:45:00+08:00,4432.77,4436.61,4429.47,4435.16,4418.495330478962,0,0,0,0,0,,3,2,1,0
2025-12-23T03:00:00+08:00,4435.17,4435.98,4429.67,4430.15,4418.952376342532,0,0,0,0,0,,3,2,1,0
2025-12-23T03:15:00+08:00,4430.16,4433.23,4428.85,4432.72,4419.492283152629,0,0,0,0,0,,3,2,1,0
2025-12-23T03:30:00+08:00,4432.77,4434.1,4431.26,4432.84,4420.015723028997,0,0,1,0,0,,3,2,1,0
2025-12-23T03:45:00+08:00,4432.84,4433.81,4431.97,4433.5,4420.54451820433,0,0,0,0,0,,3,2,1,0
2025-12-23T04:00:00+08:00,4433.49,4438.81,4433.43,4438.66,4421.254929255141,0,0,0,0,0,,3,2,1,0
2025-12-23T04:15:00+08:00,4438.67,4438.78,4431.9,4432.51,4421.696304578469,0,0,0,0,0,,3,2,1,0
2025-12-23T04:30:00+08:00,4432.51,4435.54,4431.86,4434.79,4422.209782830293,0,0,0,0,0,,3,2,1,0
2025-12-23T04:45:00+08:00,4434.83,4439.35,4434.33,4438.75,4422.858418797732,0,0,0,0,0,,3,2,1,0
2025-12-23T05:00:00+08:00,4438.71,4443.4,4438.54,4442.89,4423.643971001743,0,0,0,0,0,,3,2,1,0
2025-12-23T05:15:00+08:00,4442.93,4448.74,4442.03,4447.72,4424.588129001675,0,0,0,0,0,,3,2,1,0
2025-12-23T05:30:00+08:00,4447.75,4449.01,4444.63,4444.74,4425.37839845259,0,0,0,0,0,,3,2,1,0
2025-12-23T05:45:00+08:00,4444.72,4445.87,4442.97,4443.68,4426.096108317194,0,0,0,0,0,,3,2,1,0
2025-12-23T07:00:00+08:00,4447.56,4455.18,4447.16,4454.93,4427.2268491675,0,0,0,0,0,,3,2,1,0
2025-12-23T07:15:00+08:00,4455,4459.66,4454.75,4459.14,4428.478345278579,0,0,0,0,0,,3,2,1,0
2025-12-23T07:30:00+08:00,4459.18,4459.18,4452.75,4458.37,4429.6505670323595,0,0,0,0,0,,3,2,1,0
2025-12-23T07:45:00+08:00,4458.24,4461.76,4455.15,4460.24,4430.850152638934,0,0,0,0,0,,3,2,1,0
2025-12-23T08:00:00+08:00,4460.15,4466.71,4457.92,4466.36,4432.242695672701,0,0,0,0,0,,3,2,1,0
2025-12-23T08:15:00+08:00,4466.22,4468.68,4463.83,4468.2,4433.652786038478,0,0,0,0,0,,3,2,1,0
2025-12-23T08:30:00+08:00,4468.18,4469.95,4466.37,4468.47,4435.018166978145,0,0,0,0,0,,3,2,1,0
2025-12-23T08:45:00+08:00,4468.53,4470.65,4467.17,4470.4,4436.4056898417475,0,0,0,0,0,,3,2,1,0
2025-12-23T09:00:00+08:00,4470.62,4486.78,4470.53,4485.36,4438.3254667106985,0,0,0,0,0,,3,2,1,0
2025-12-23T09:15:00+08:00,4485.65,4486,4469.44,4477.22,4439.850742525965,0,0,0,0,0,,3,2,1,0
2025-12-23T09:30:00+08:00,4477.22,4485.88,4477.01,4484.61,4441.606007524947,0,0,0,0,0,,3,2,1,0
2025-12-23T09:45:00+08:00,4485.18,4490.77,4482.14,4486.66,4443.372830759263,0,0,0,0,0,,3,2,1,0
2025-12-23T10:00:00+08:00,4486.64,4488.83,4481.15,4485.38,4445.020170729488,0,0,0,0,0,,3,2,1,0
2025-12-23T10:15:00+08:00,4485.39,4489.83,4484.64,4486.63,4446.651928740096,0,0,0,0,0,,3,2,1,0
2025-12-23T10:30:00+08:00,4486.44,4497.91,4486.44,4496,4448.587147220876,0,0,0,0,0,,3,2,1,0
2025-12-23T10:45:00+08:00,4496.02,4496.37,4489.21,4493.43,4450.345690467117,0,0,0,0,0,,3,2,1,0
2025-12-23T11:00:00+08:00,4493.47,4496.47,4485.61,4486.38,4451.758800644877,0,0,0,0,0,,3,2,1,0
2025-12-23T11:15:00+08:00,4486.39,4488.79,4482.9,4487.01,4453.141200619588,0,0,0,0,0,,3,2,1,0
2025-12-23T11:30:00+08:00,4487,4488.74,4485.47,4486.28,4454.440761379604,0,0,0,0,0,,3,2,1,0
2025-12-23T11:45:00+08:00,4486.32,4487.24,4483.83,4486.85,4455.711711913737,0,0,0,0,0,,3,2,1,0
2025-12-23T12:00:00+08:00,4487.06,4488.45,4484.74,4487.31,4456.95086046614,0,0,0,0,0,,3,2,1,0
2025-12-23T12:15:00+08:00,4487.36,4488.41,4484.7,4486.42,4458.106512996879,0,0,0,0,0,,3,2,1,0
2025-12-23T12:30:00+08:00,4486.3,4486.89,4484.15,4484.56,4459.14390464406,0,0,0,0,0,,3,2,1,0
2025-12-23T12:45:00+08:00,4484.55,4485.19,4478.71,4482.59,4460.0633593639,0,0,0,0,0,,3,2,1,0
2025-12-23T13:00:00+08:00,4482.52,4484.86,4480.28,4480.62,4460.869502133944,0,0,0,0,0,,3,2,1,0
2025-12-23T13:15:00+08:00,4480.63,4481.62,4476.65,4480.47,4461.638149109083,0,0,0,0,0,,3,2,1,0
2025-12-23T13:30:00+08:00,4480.41,4485.59,4476.76,4481.08,4462.400574634217,0,0,0,0,0,,3,2,1,0
2025-12-23T13:45:00+08:00,4481.08,4482.51,4474.81,4475.13,4462.899767785817,0,0,0,0,0,,3,2,1,0
2025-12-23T14:00:00+08:00,4475.06,4478.19,4469.57,4471.53,4463.238208264805,0,0,0,0,0,,3,2,1,0
2025-12-23T14:15:00+08:00,4471.47,4476.63,4470.86,4476,4463.738670685792,0,0,0,0,0,,3,2,1,0
2025-12-23T14:30:00+08:00,4475.99,4477.98,4474.79,4476.5,4464.239114972624,0,0,0,0,0,,3,2,1,0
2025-12-23T14:45:00+08:00,4476.37,4481.43,4475.77,4481.35,4464.910130071737,0,0,0,0,0,,3,2,1,0
2025-12-23T15:00:00+08:00,4481.31,4483.26,4478.36,4481.6,4465.564634774806,0,0,0,0,0,,3,2,1,0
2025-12-23T15:15:00+08:00,4481.61,4485.99,4480.88,4484.09,4466.2911196855985,0,0,0,0,0,,3,2,1,0
2025-12-23T15:30:00+08:00,4484.21,4486.79,4483.58,4484.2,4466.993428717536,0,0,0,0,0,,3,2,1,0
2025-12-23T15:45:00+08:00,4484.21,4489.59,4483.9,4486.54,4467.759960924691,0,0,0,0,0,,3,2,1,0
2025-12-23T16:00:00+08:00,4486.56,4489.51,4485.21,4488.17,4468.560354613919,0,0,0,0,0,,3,2,1,0
2025-12-23T16:15:00+08:00,4488.15,4490.6,4486.38,4487.28,4469.2944583545495,0,0,0,0,0,,3,2,1,0
2025-12-23T16:30:00+08:00,4487.27,4492.45,4484.8,4491.8,4470.177028615155,1,0,0,0,0,,3,2,1,0
2025-12-23T16:45:00+08:00,4491.84,4493.32,4488.52,4490.02,4470.955184355737,0,0,0,0,0,,3,2,1,0
2025-12-23T17:00:00+08:00,4490.02,4491.16,4480.54,4481.32,4471.361647714336,0,0,0,0,0,,3,2,1,0
2025-12-23T17:15:00+08:00,4481.47,4484.54,4479.15,4483.19,4471.825504666715,0,0,0,0,0,,3,2,1,0
2025-12-23T17:30:00+08:00,4483.3,4484.74,4479.72,4481.91,4472.220975071941,0,0,0,0,0,,3,2,1,0
2025-12-23T17:45:00+08:00,4481.7,4483.14,4477.97,4480.34,4472.539368206375,0,0,0,0,0,,3,2,1,0
2025-12-23T18:00:00+08:00,4480.29,4484.97,4479.5,4484.75,4473.018216512008,0,0,0,0,0,,3,2,1,0
2025-12-23T18:15:00+08:00,4484.77,4487.66,4482.92,4485.89,4473.522992335066,0,0,0,0,0,,3,2,1,0
2025-12-23T18:30:00+08:00,4485.85,4485.97,4481.57,4482.79,4473.886404400358,0,0,0,0,0,,3,2,1,0
2025-12-23T18:45:00+08:00,4482.8,4486.01,4482.67,4484.19,4474.290466972892,0,0,0,0,0,,3,2,1,0
2025-12-23T19:00:00+08:00,4484.2,4486.34,4483.3,4484.48,4474.6900565033675,0,0,0,0,0,,3,2,1,0
2025-12-23T19:15:00+08:00,4484.47,4485.52,4483.11,4483.95,4475.053191542451,0,0,0,0,0,,3,2,1,0
2025-12-23T19:30:00+08:00,4484.02,4488.54,4483.34,4488.4,4475.576595795688,0,0,0,0,0,,3,2,1,0
2025-12-23T19:45:00+08:00,4488.37,4494.34,4487.26,4493.6,4476.283395960563,0,0,0,0,0,,3,2,1,0
2025-12-23T20:00:00+08:00,4493.58,4493.74,4485.72,4486.07,4476.667184354266,0,0,0,0,0,,3,2,1,0
2025-12-23T20:15:00+08:00,4485.92,4486.1,4483.47,4485.2,4477.001804575668,0,0,0,0,0,,3,2,1,0
2025-12-23T20:30:00+08:00,4485.25,4487.63,4484.67,4486.1,4477.358596553093,0,0,0,0,0,,3,2,1,0
2025-12-23T20:45:00+08:00,4486.11,4489.33,4485.75,4486.45,4477.715122178462,0,0,0,0,0,,3,2,1,0
2025-12-23T21:00:00+08:00,4486.31,4494.57,4486.1,4494.49,4478.372960524404,0,0,0,0,0,,3,2,1,0
2025-12-23T21:15:00+08:00,4494.42,4497.35,4486.62,4488.88,4478.785001288154,0,0,0,0,0,,3,2,1,0
2025-12-23T21:30:00+08:00,4488.92,4492.66,4484.36,4489.49,4479.204805159206,0,0,0,0,0,,3,2,1,0
2025-12-23T21:45:00+08:00,4489.71,4490.88,4473.25,4479.23,4479.205793192179,0,0,0,0,0,,3,2,1,0
2025-12-23T22:00:00+08:00,4479.22,4479.63,4453.58,4469.89,4478.840467968957,0,0,0,0,0,,3,2,1,0
2025-12-23T22:15:00+08:00,4469.99,4472.46,4463.14,4464.88,4478.292998636841,0,0,0,0,0,,3,2,1,0
2025-12-23T22:30:00+08:00,4464.42,4464.42,4447.55,4452.87,4477.2960182981415,0,0,0,0,0,,3,2,1,0
2025-12-23T22:45:00+08:00,4452.89,4459.23,4441.51,4446.55,4476.090292090371,0,0,0,0,0,,3,2,1,0
2025-12-23T23:00:00+08:00,4446.08,4450.64,4430.48,4448.38,4475.00361396918,0,0,0,0,0,,3,2,1,0
2025-12-23T23:15:00+08:00,4448.35,4452.01,4439.23,4442.71,4473.737197735095,0,0,0,0,0,,3,2,1,0
2025-12-23T23:30:00+08:00,4441.67,4457.19,4441.67,4453.31,4472.936131157248,0,1,0,0,0,,3,2,1,0
2025-12-23T23:45:00+08:00,4453.17,4459.2,4451.55,4458.55,4472.371969151081,0,0,0,0,0,,3,2,1,0
2025-12-24T00:00:00+08:00,4458.57,4463.19,4456.34,4460.74,4471.915813498098,0,0,0,0,0,,3,2,1,0
2025-12-24T00:15:00+08:00,4460.78,4465.26,4459.23,4461.54,4471.508918851114,0,0,0,0,0,,3,2,1,0
2025-12-24T00:30:00+08:00,4461.46,4467.03,4455.73,4465.96,4471.291314190285,0,0,0,0,0,,3,2,1,0
2025-12-24T00:45:00+08:00,4466.01,4476.51,4466.01,4474.29,4471.408909712235,0,0,0,0,0,,3,2,1,0
2025-12-24T01:00:00+08:00,4474.28,4479.89,4471.9,4475.5,4471.569344625481,0,0,0,0,0,,3,2,1,0
2025-12-24T01:15:00+08:00,4475.43,4478.59,4470.28,4477.65,4471.807801698991,0,0,0,0,0,,3,2,1,0
2025-12-24T01:30:00+08:00,4478.18,4479.52,4473.78,4478.56,4472.072593789227,0,0,0,0,0,,3,2,1,0
2025-12-24T01:45:00+08:00,4478.67,4478.92,4469.66,4472.73,4472.098374424943,0,0,0,1,0,,3,2,1,0
2025-12-24T02:00:00+08:00,4472.73,4481.12,4472.73,4477.74,4472.319614643573,0,0,0,0,0,,3,2,1,0
2025-12-24T02:15:00+08:00,4477.57,4479.4,4474.11,4477.9,4472.538453285001,0,0,0,0,0,,3,2,1,0
2025-12-24T02:30:00+08:00,4478.42,4478.55,4472.72,4476.4,4472.689886489511,0,0,0,0,0,,3,2,1,0
2025-12-24T02:45:00+08:00,4476.42,4484.99,4476.42,4484.3,4473.14518505855,0,0,0,0,0,,3,2,1,0
2025-12-24T03:00:00+08:00,4484.04,4496.31,4484.04,4493.8,4473.955177801352,0,0,0,0,0,,3,2,1,0
2025-12-24T03:15:00+08:00,4493.84,4493.89,4487.3,4490.12,4474.5890923973775,0,0,0,0,0,,3,2,1,0
2025-12-24T03:30:00+08:00,4490.15,4494.05,4488.36,4493.14,4475.31657897003,0,0,1,0,0,,3,2,1,0
2025-12-24T03:45:00+08:00,4493.2,4493.21,4489.41,4490.89,4475.927301363362,0,0,0,0,0,,3,2,1,0
2025-12-24T04:00:00+08:00,4490.82,4494.26,4489.63,4493.73,4476.625446407936,0,0,0,0,0,,3,2,1,0
2025-12-24T04:15:00+08:00,4493.7,4494.64,4491.64,4492.03,4477.2295465488005,0,0,0,0,0,,3,2,1,0
2025-12-24T04:30:00+08:00,4492.25,4493.34,4489.53,4492.45,4477.826427076298,0,0,0,0,0,,3,2,1,0
2025-12-24T04:45:00+08:00,4492.44,4499.75,4491.97,4497.49,4478.59754758311,0,0,0,0,0,,3,2,1,0
2025-12-24T05:00:00+08:00,4497.53,4498.86,4490.34,4491.16,4479.09019277593,0,0,0,0,0,,3,2,1,0
2025-12-24T05:15:00+08:00,4491.2,4491.9,4489.79,4490.04,4479.5195969807955,0,0,0,0,0,,3,2,1,0
2025-12-24T05:30:00+08:00,4489.88,4491.33,4488.31,4489.2,4479.8992206286075,0,0,0,0,0,,3,2,1,0
2025-12-24T05:45:00+08:00,4489.17,4489.85,4483.32,4484.74,4480.08905511376,0,0,0,0,0,,3,2,1,0
2025-12-24T07:00:00+08:00,4486.01,4495.55,4486.01,4495.28,4480.684778442632,0,0,0,0,0,,3,2,1,0
2025-12-24T07:15:00+08:00,4495.1,4498.08,4490.79,4492.21,4481.13674791547,0,0,0,0,0,,3,2,1,0
2025-12-24T07:30:00+08:00,4492.39,4508.72,4492.17,4505.59,4482.095698977608,0,0,0,0,0,,3,2,1,0
2025-12-24T07:45:00+08:00,4505.59,4510.23,4499.73,4503.26,4482.925671566722,0,0,0,0,0,,3,2,1,0
2025-12-24T08:00:00+08:00,4503.41,4512.8,4500.78,4507.61,4483.893684446458,0,0,0,0,0,,3,2,1,0
2025-12-24T08:15:00+08:00,4507.61,4514.08,4507.61,4513.69,4485.062167409342,0,0,0,0,0,,3,2,1,0
2025-12-24T08:30:00+08:00,4513.82,4517.98,4512.88,4517.85,4486.347964765838,0,0,0,0,0,,3,2,1,0
2025-12-24T08:45:00+08:00,4517.84,4518.25,4508.26,4511.87,4487.348828892667,0,0,0,0,0,,3,2,1,0
2025-12-24T09:00:00+08:00,4511.65,4519.66,4506.86,4512.24,4488.324953249818,0,0,0,0,0,,3,2,1,0
2025-12-24T09:15:00+08:00,4512.25,4525.76,4512.25,4521.43,4489.623190377276,0,0,0,0,0,,3,2,1,0
2025-12-24T09:30:00+08:00,4521.56,4523.55,4518.65,4520.11,4490.818751538952,0,0,0,0,0,,3,2,1,0
2025-12-24T09:45:00+08:00,4520.38,4523.42,4518.53,4518.67,4491.910957360954,0,0,0,0,0,,3,2,1,0
2025-12-24T10:00:00+08:00,4518.67,4519.32,4504.89,4511.71,4492.687390405623,0,0,0,0,0,,3,2,1,0
2025-12-24T10:15:00+08:00,4511.69,4512.47,4505.77,4506.94,4493.246316272069,0,0,0,0,0,,3,2,1,0
2025-12-24T10:30:00+08:00,4507.03,4511.05,4504.54,4509,4493.864107790811,0,0,0,0,0,,3,2,1,0
2025-12-24T10:45:00+08:00,4508.99,4512.22,4474.85,4477.26,4493.212966308819,0,0,0,0,0,,3,2,1,0
2025-12-24T11:00:00+08:00,4478.39,4486.16,4470.81,4485.51,4492.910889198669,0,0,0,0,0,,3,2,1,0
2025-12-24T11:15:00+08:00,4485.75,4496.27,4485.21,4491.27,4492.846540602643,0,0,0,0,0,,3,2,1,0
2025-12-24T11:30:00+08:00,4491.3,4498.33,4490.21,4495.14,4492.936480186852,0,0,0,0,0,,3,2,1,0
2025-12-24T11:45:00+08:00,4495.05,4495.4,4491.9,4493.17,4492.945637826584,0,0,0,0,0,,3,2,1,0
2025-12-24T12:00:00+08:00,4493.22,4495.55,4491.87,4494.18,4492.9940441863255,0,0,0,0,0,,3,2,1,0
2025-12-24T12:15:00+08:00,4494.15,4497.47,4491.1,4496.97,4493.1499640221555,0,0,0,0,0,,3,2,1,0
2025-12-24T12:30:00+08:00,4497.04,4501.51,4496.07,4500.08,4493.4217301389335,0,0,0,0,0,,3,2,1,0
2025-12-24T12:45:00+08:00,4500.08,4501.45,4496.47,4499.33,4493.65342699623,0,0,0,0,0,,3,2,1,0
2025-12-24T13:00:00+08:00,4499.19,4500.6,4485.39,4490.73,4493.5387828002995,0,0,0,0,0,,3,2,1,0
2025-12-24T13:15:00+08:00,4490.52,4494.68,4489.56,4492.38,4493.493340337543,0,0,0,0,0,,3,2,1,0
2025-12-24T13:30:00+08:00,4492.39,4497.11,4490.43,4495.56,4493.5743858145015,0,0,0,0,0,,3,2,1,0
2025-12-24T13:45:00+08:00,4495.52,4497.34,4488.04,4488.33,4493.368723625697,0,0,0,0,0,,3,2,1,0
2025-12-24T14:00:00+08:00,4488.36,4492.97,4486.58,4492.59,4493.338185444298,0,0,0,0,0,,3,2,1,0
2025-12-24T14:15:00+08:00,4492.51,4492.87,4485.28,4487.44,4493.106884054326,0,0,0,0,0,,3,2,1,0
2025-12-24T14:30:00+08:00,4487.31,4498.19,4487.31,4494.5,4493.161516052195,0,0,0,0,0,,3,2,1,0
2025-12-24T14:45:00+08:00,4494.49,4497.03,4492.82,4493.63,4493.179887971717,0,0,0,0,0,,3,2,1,0
2025-12-24T15:00:00+08:00,4493.99,4495.06,4490.56,4493.47,4493.191264914003,0,0,0,0,0,,3,2,1,0
2025-12-24T15:15:00+08:00,4493.46,4494.61,4491.16,4491.58,4493.12807805463,0,0,0,0,0,,3,2,1,0
2025-12-24T15:30:00+08:00,4491.56,4492.24,4488.05,4488.52,4492.947369111312,0,0,0,0,0,,3,2,1,0
2025-12-24T15:45:00+08:00,4488.77,4489.22,4483.32,4483.79,4492.588256597142,0,0,0,0,0,,3,2,1,0
2025-12-24T16:00:00+08:00,4483.75,4486.89,4478.05,4485.29,4492.302050456078,0,0,0,0,0,,3,2,1,0
2025-12-24T16:15:00+08:00,4485.25,4490.4,4483.03,4484.99,4492.0153033793695,0,0,0,0,0,,3,2,1,0
2025-12-24T16:30:00+08:00,4485.01,4492.83,4482.34,4490.28,4491.947252266453,1,0,0,0,0,,3,2,1,0
2025-12-24T16:45:00+08:00,4490.34,4490.65,4481.55,4482.21,4491.565399236396,0,0,0,0,0,,3,2,1,0
2025-12-24T17:00:00+08:00,4483.15,4487.93,4482.13,4487.9,4491.421658089871,0,0,0,0,0,,3,2,1,0
2025-12-24T17:15:00+08:00,4487.9,4493.38,4487.59,4489.59,4491.349828360857,0,0,0,0,0,,3,2,1,0
2025-12-24T17:30:00+08:00,4489.61,4492.37,4486.42,4491.31,4491.3482664643525,0,0,0,0,0,,3,2,1,0
2025-12-24T17:45:00+08:00,4491.32,4495.91,4491.2,4494.83,4491.484805034378,0,0,0,0,0,,3,2,1,0
2025-12-24T18:00:00+08:00,4494.81,4499.9,4489.81,4490.37,4491.441087189893,0,0,0,0,0,,3,2,1,0
2025-12-24T18:15:00+08:00,4490.53,4496.49,4489.7,4494.34,4491.554770045191,0,0,0,0,0,,3,2,1,0
2025-12-24T18:30:00+08:00,4494.28,4494.8,4482.26,4486,4491.336935925771,0,0,0,0,0,,3,2,1,0
2025-12-24T18:45:00+08:00,4485.91,4490.64,4484.74,4489.34,4491.258624712996,0,0,0,0,0,,3,2,1,0
2025-12-24T19:00:00+08:00,4489.35,4490.47,4484.79,4487.65,4491.117110018368,0,0,0,0,0,,3,2,1,0
2025-12-24T19:15:00+08:00,4487.68,4489.26,4486.49,4487.43,4490.972517468628,0,0,0,0,0,,3,2,1,0
2025-12-24T19:30:00+08:00,4487.44,4488.4,4482.84,4487.93,4490.853203058094,0,0,0,0,0,,3,2,1,0
2025-12-24T19:45:00+08:00,4487.89,4491.94,4486,4491.52,4490.879351957777,0,0,0,0,0,,3,2,1,0
2025-12-24T20:00:00+08:00,4491.34,4495.68,4490.97,4495.18,4491.048004822178,0,0,0,0,0,,3,2,1,0
2025-12-24T20:15:00+08:00,4495.19,4496.09,4490.81,4493.28,4491.135534044838,0,0,0,0,0,,3,2,1,0
2025-12-24T20:30:00+08:00,4493.3,4493.49,4489.91,4490.43,4491.107866043079,0,0,0,0,0,,3,2,1,0
2025-12-24T20:45:00+08:00,4490.45,4492.35,4489.85,4490.71,4491.092263453154,0,0,0,1,0,,3,2,1,0
2025-12-24T21:00:00+08:00,4490.91,4493.38,4481.21,4485.2,4490.861194298129,0,0,0,0,0,,3,2,1,0
2025-12-24T21:15:00+08:00,4485.26,4487.09,4474.46,4479.11,4490.400363149182,0,0,0,0,0,,3,2,1,0
2025-12-24T21:30:00+08:00,4479.04,4486.2,4477.86,4485.26,4490.198780280587,0,0,0,0,0,,3,2,1,0
2025-12-24T21:45:00+08:00,4485.13,4488.95,4483.22,4487.98,4490.111769289191,0,0,0,0,0,,3,2,1,0
2025-12-24T22:00:00+08:00,4488.02,4489.57,4483.72,4485.2,4489.919150885694,0,0,0,0,0,,3,2,1,0
2025-12-24T22:15:00+08:00,4485.48,4487.56,4481.96,4485.07,4489.728988105862,0,0,0,0,0,,3,2,1,0
2025-12-24T22:30:00+08:00,4485.08,4488.92,4469.4,4481.01,4489.387067003671,0,0,0,0,0,,3,2,1,0
2025-12-24T22:45:00+08:00,4481.1,4481.76,4460.33,4465,4488.430711434899,0,0,0,0,0,,3,2,1,0
2025-12-24T23:00:00+08:00,4464.69,4475.04,4461.74,4474.81,4487.896565888433,0,0,0,0,0,,3,2,1,0
2025-12-24T23:15:00+08:00,4474.81,4476.63,4461.45,4470.09,4487.198269186925,0,0,0,0,0,,3,2,1,0
2025-12-24T23:30:00+08:00,4469.54,4472.83,4449.61,4453.06,4485.859513532536,0,1,0,0,0,,3,2,1,0
2025-12-24T23:45:00+08:00,4453.07,4460.82,4448.1,4458.47,4484.785414962633,0,0,0,0,0,,3,2,1,0
2025-12-25T00:00:00+08:00,4458.49,4471.08,4456.08,4466.15,4484.054614375863,0,0,0,0,0,,3,2,1,0
2025-12-25T00:15:00+08:00,4465.81,4469.16,4464.05,4468.52,4483.445413812104,0,0,0,0,0,,3,2,1,0
2025-12-25T00:30:00+08:00,4469.42,4476.8,4467.06,4475.4,4483.129907388099,0,0,0,0,0,,3,2,1,0
2025-12-25T00:45:00+08:00,4475.38,4478.26,4472.01,4476.94,4482.887165921899,0,0,0,0,0,,3,2,1,0
2025-12-25T01:00:00+08:00,4476.87,4487.76,4475.5,4483.49,4482.910806473982,0,0,0,0,0,,3,2,1,0
2025-12-25T01:15:00+08:00,4483.48,4484.89,4476.33,4478.02,4482.719010141669,0,0,0,0,0,,3,2,1,0
2025-12-25T01:30:00+08:00,4478.22,4483.24,4477.41,4479.43,4482.5900293518,0,0,0,0,0,,3,2,1,0
2025-12-25T01:45:00+08:00,4479.57,4483.72,4479.33,4480.57,4482.510812514474,0,0,0,0,0,,3,2,1,0
2025-12-25T02:00:00+08:00,4480.62,4481.62,4477.3,4478.04,4482.335486533514,0,0,0,0,0,,3,2,1,0
2025-12-25T02:15:00+08:00,4478.21,4482.49,4477.89,4480.64,4482.268996865533,0,0,0,0,0,,3,2,1,0
2025-12-25T02:30:00+08:00,4480.62,4482.15,4478.74,4479.02,4482.141585223748,0,0,0,0,0,,3,2,1,0
2025-12-25T02:45:00+08:00,4479.37,4479.37,4479.37,4479.37,4482.03289560713,0,0,0,0,0,,3,2,1,0
2025-12-26T07:00:00+08:00,4498.82,4504.9,4479.87,4488.94,4482.303762446066,0,0,0,0,0,,3,2,1,0
2025-12-26T07:15:00+08:00,4488.86,4499.94,4487.78,4497.51,4482.900085487397,0,0,0,0,0,,3,2,1,0
2025-12-26T07:30:00+08:00,4497.52,4499,4488.93,4495.9,4483.409886056518,0,0,0,0,0,,3,2,1,0
2025-12-26T07:45:00+08:00,4495.89,4499.83,4491.82,4494.92,4483.86126307391,0,0,0,0,0,,3,2,1,0
2025-12-26T08:00:00+08:00,4494.88,4505.58,4492.37,4503.3,4484.623566482776,0,0,0,0,0,,3,2,1,0
2025-12-26T08:15:00+08:00,4503.41,4507.21,4501.45,4507.01,4485.501465836393,0,0,0,0,0,,3,2,1,0
2025-12-26T08:30:00+08:00,4507.01,4508.15,4504.1,4507.51,4486.3645456075155,0,0,0,0,0,,3,2,1,0
2025-12-26T08:45:00+08:00,4507.51,4518.02,4506.56,4517.6,4487.589465387613,0,0,0,0,0,,3,2,1,0
2025-12-26T09:00:00+08:00,4517.65,4531.15,4508.4,4510.1,4488.4722314508435,0,0,0,0,0,,3,2,1,0
2025-12-26T09:15:00+08:00,4510.05,4518.2,4506.6,4510.08,4489.31959492336,0,0,0,0,0,,3,2,1,0
2025-12-26T09:30:00+08:00,4510.02,4515.75,4497.43,4507.09,4490.0164735538165,0,0,0,0,0,,3,2,1,0
2025-12-26T09:45:00+08:00,4507.24,4507.51,4499.85,4503.91,4490.561317728177,0,0,0,0,0,,3,2,1,0
2025-12-26T10:00:00+08:00,4503.89,4507.76,4498.44,4506.19,4491.174207229033,0,0,0,0,0,,3,2,1,0
2025-12-26T10:15:00+08:00,4506.39,4509.98,4501.63,4501.95,4491.596787337698,0,0,0,0,0,,3,2,1,0
2025-12-26T10:30:00+08:00,4502.24,4502.34,4492.25,4499.18,4491.894168226416,0,0,0,0,0,,3,2,1,0
2025-12-26T10:45:00+08:00,4499.25,4508.8,4498.36,4508.8,4492.557142021458,0,0,0,0,0,,3,2,1,0
2025-12-26T11:00:00+08:00,4508.81,4512.03,4501.39,4511.83,4493.312940373558,0,0,0,0,0,,3,2,1,0
2025-12-26T11:15:00+08:00,4511.82,4513.39,4502.77,4503.11,4493.697138790281,0,0,0,0,0,,3,2,1,0
2025-12-26T11:30:00+08:00,4503.22,4503.76,4497.45,4503.07,4494.064701974976,0,0,0,0,0,,3,2,1,0
2025-12-26T11:45:00+08:00,4502.95,4505.89,4500.38,4501.77,4494.366870524977,0,0,0,0,0,,3,2,1,0
2025-12-26T12:00:00+08:00,4501.68,4509.7,4500.54,4507.88,4494.896797171056,0,0,0,0,0,,3,2,1,0
2025-12-26T12:15:00+08:00,4507.89,4510.19,4504.76,4509.57,4495.472216889839,0,0,0,0,0,,3,2,1,0
2025-12-26T12:30:00+08:00,4509.54,4511.63,4505.9,4508.1,4495.967424070629,0,0,0,0,0,,3,2,1,0
2025-12-26T12:45:00+08:00,4508.1,4511.36,4506.58,4508.94,4496.476152538447,0,0,0,0,0,,3,2,1,0
2025-12-26T13:00:00+08:00,4508.95,4511.59,4507.45,4509.15,4496.973166164391,0,0,0,0,0,,3,2,1,0
2025-12-26T13:15:00+08:00,4509.27,4510.24,4505.91,4507.3,4497.378140040297,0,0,0,0,0,,3,2,1,0
2025-12-26T13:30:00+08:00,4507.24,4514.82,4507.24,4512.17,4497.958212979893,0,0,0,0,0,,3,2,1,0
2025-12-26T13:45:00+08:00,4512.14,4513.53,4509.81,4510.1,4498.434361490486,0,0,0,0,0,,3,2,1,0
2025-12-26T14:00:00+08:00,4509.99,4513.77,4508.69,4512.42,4498.9828179026235,0,0,0,0,0,,3,2,1,0
2025-12-26T14:15:00+08:00,4512.59,4518.87,4512.33,4518.33,4499.7415309260505,0,0,0,0,0,,3,2,1,0
2025-12-26T14:30:00+08:00,4518.4,4519.54,4514.88,4518.48,4500.4763728505195,0,0,0,0,0,,3,2,1,0
2025-12-26T14:45:00+08:00,4518.44,4518.66,4507.84,4511.82,4500.921220974029,0,0,0,0,0,,3,2,1,0
2025-12-26T15:00:00+08:00,4511.8,4515.12,4510.62,4514.41,4501.450192700538,0,0,0,0,0,,3,2,1,0
2025-12-26T15:15:00+08:00,4514.42,4515.76,4508.37,4509.45,4501.76391063385,0,0,0,0,0,,3,2,1,0
2025-12-26T15:30:00+08:00,4509.35,4513.02,4508.06,4508.29,4502.019835707032,0,0,0,0,0,,3,2,1,0
2025-12-26T15:45:00+08:00,4508.24,4511.44,4507.21,4511.12,4502.376704894991,0,0,0,0,0,,3,2,1,0
2025-12-26T16:00:00+08:00,4511.16,4514.62,4509.54,4514.27,4502.843108624599,0,0,0,0,0,,3,2,1,0
2025-12-26T16:15:00+08:00,4514.67,4517.19,4514.29,4515.05,4503.321810247164,0,0,0,0,0,,3,2,1,0
2025-12-26T16:30:00+08:00,4515.06,4517.18,4513.18,4514.46,4503.758602002177,1,0,0,0,0,,3,2,1,0
2025-12-26T16:45:00+08:00,4514.47,4519.43,4513.99,4518.63,4504.341794080523,0,0,0,0,0,,3,2,1,0
2025-12-26T17:00:00+08:00,4518.75,4520.51,4515.08,4515.96,4504.797409998934,0,0,0,0,0,,3,2,1,0
2025-12-26T17:15:00+08:00,4515.95,4518.72,4515.13,4517.2,4505.283786077407,0,0,0,0,0,,3,2,1,0
2025-12-26T17:30:00+08:00,4517.21,4518.38,4512.84,4513.79,4505.617363093979,0,0,0,0,0,,3,2,1,0
2025-12-26T17:45:00+08:00,4513.8,4515.27,4511.95,4512.67,4505.893937090294,0,0,0,0,0,,3,2,1,0
2025-12-26T18:00:00+08:00,4512.65,4519.39,4512.13,4518.73,4506.39731210636,0,0,0,0,0,,3,2,1,0
2025-12-26T18:15:00+08:00,4518.74,4523.71,4516.88,4520.72,4506.958986141405,0,0,0,0,0,,3,2,1,0
2025-12-26T18:30:00+08:00,4520.87,4522.26,4513.89,4515.4,4507.290006292723,0,0,0,0,0,,3,2,1,0
2025-12-26T18:45:00+08:00,4515.35,4515.6,4511.19,4514.59,4507.576280555753,0,0,0,0,0,,3,2,1,0
2025-12-26T19:00:00+08:00,4514.59,4515.26,4503.59,4510.1,4507.675249945723,0,0,0,0,0,,3,2,1,0
2025-12-26T19:15:00+08:00,4510.17,4512.1,4504.02,4505.43,4507.587200928244,0,0,0,0,0,,3,2,1,0
2025-12-26T19:30:00+08:00,4505.54,4509.27,4503.45,4507.83,4507.596722460469,0,0,0,0,0,,3,2,1,0
2025-12-26T19:45:00+08:00,4507.82,4509.75,4502.88,4509.74,4507.680772560058,0,0,0,0,0,,3,2,1,0
2025-12-26T20:00:00+08:00,4509.7,4511.28,4507.1,4510.84,4507.804663832213,0,0,0,0,0,,3,2,1,0
2025-12-26T20:15:00+08:00,4510.89,4512.7,4508.39,4511.93,4507.966441721146,0,0,0,0,0,,3,2,1,0
2025-12-26T20:30:00+08:00,4512.01,4514.82,4511.95,4512.78,4508.155208712474,0,0,0,0,0,,3,2,1,0
2025-12-26T20:45:00+08:00,4512.79,4514.03,4506.64,4508.66,4508.175004449239,0,0,0,0,0,,3,2,1,0
2025-12-26T21:00:00+08:00,4508.72,4515.18,4503.82,4514.45,4508.4210827061315,0,0,0,0,0,,3,2,1,0
2025-12-26T21:15:00+08:00,4514.46,4519.79,4512.8,4517.94,4508.794373580401,0,0,0,0,0,,3,2,1,0
2025-12-26T21:30:00+08:00,4517.93,4528.34,4517.81,4521.73,4509.301653047836,0,0,0,0,0,,3,2,1,0
2025-12-26T21:45:00+08:00,4521.75,4526.03,4515.18,4525.14,4509.922764693019,0,0,0,0,0,,3,2,1,0
2025-12-26T22:00:00+08:00,4525.1,4527.06,4522.23,4525.94,4510.550891567803,0,0,0,0,0,,3,2,1,0
2025-12-26T22:15:00+08:00,4525.76,4530.1,4523.34,4529.08,4511.277523271026,0,0,0,0,0,,3,2,1,0
2025-12-26T22:30:00+08:00,4528.89,4533.46,4519.03,4520.81,4511.651345887849,0,0,0,0,0,,3,2,1,0
2025-12-26T22:45:00+08:00,4521.41,4526.68,4513.11,4521.16,4512.024234284404,0,0,0,1,0,,3,2,1,0
2025-12-26T23:00:00+08:00,4521.21,4530.35,4519.45,4527,4512.611519214427,0,0,0,0,0,,3,2,1,0
2025-12-26T23:15:00+08:00,4527.18,4533.93,4525.76,4533.47,4513.429498853077,0,0,0,0,0,,3,2,1,0
2025-12-26T23:30:00+08:00,4533.35,4545.87,4531.93,4537.84,4514.3867734078585,0,1,0,0,0,,3,2,1,0
2025-12-26T23:45:00+08:00,4538.12,4547.26,4537.34,4546.44,4515.6437626859815,0,0,0,0,0,,3,2,1,0
2025-12-27T00:00:00+08:00,4546.63,4549.86,4534.63,4538.85,4516.5538112081,0,0,0,0,0,,3,2,1,0
2025-12-27T00:15:00+08:00,4538.88,4547.15,4537.19,4545.81,4517.701112729352,0,0,0,0,0,,3,2,1,0
2025-12-27T00:30:00+08:00,4545.75,4546.22,4539.06,4539.7,4518.563814190946,0,0,0,0,0,,3,2,1,0
2025-12-27T00:45:00+08:00,4539.76,4543.44,4531.3,4536.18,4519.254645006987,0,0,0,0,0,,3,2,1,0
2025-12-27T01:00:00+08:00,4536.26,4537.59,4525.6,4526.28,4519.53014912436,0,0,0,0,0,,3,2,1,0
2025-12-27T01:15:00+08:00,4526.37,4528.28,4516.8,4518.42,4519.486613864581,0,0,0,0,0,,3,2,1,0
2025-12-27T01:30:00+08:00,4518.36,4520.61,4509.79,4516.49,4519.369099595382,0,0,0,0,0,,3,2,1,0
2025-12-27T01:45:00+08:00,4516.29,4524.64,4512.37,4519.12,4519.359330983799,0,0,0,0,0,,3,2,1,0
2025-12-27T02:00:00+08:00,4518.78,4521.51,4514.76,4517.7,4519.294259180512,0,0,0,0,0,,3,2,1,0
2025-12-27T02:15:00+08:00,4517.73,4524.73,4516.06,4519.34,4519.296052938139,0,0,0,0,1,,3,2,1,0
2025-12-27T02:30:00+08:00,4519.3,4530.52,4516.23,4529.69,4519.703658705271,0,0,0,0,0,,3,2,1,0
2025-12-27T02:45:00+08:00,4529.69,4532.7,4527.68,4531.08,4520.149789736437,0,0,0,0,0,,3,2,1,0
2025-12-27T03:00:00+08:00,4531.14,4534.25,4524.97,4533.9,4520.689013668341,0,0,0,0,0,,3,2,1,0
2025-12-27T03:15:00+08:00,4534.14,4535.75,4528.72,4529.83,4521.047483720563,0,0,0,0,0,,3,2,1,0
2025-12-27T03:30:00+08:00,4529.54,4530.29,4522.04,4525.34,4521.215817692306,0,0,1,0,0,,3,2,1,0
2025-12-27T03:45:00+08:00,4525.43,4527.08,4520.14,4523.83,4521.318334645549,0,0,0,0,0,,3,2,1,0
2025-12-27T04:00:00+08:00,4523.84,4534.12,4522.96,4532.95,4521.774478384939,0,0,0,0,0,,3,2,1,0
2025-12-27T04:15:00+08:00,4533.05,4535.63,4521.78,4523.43,4521.8394008012165,0,0,0,0,0,,3,2,1,0
2025-12-27T04:30:00+08:00,4523.52,4531.47,4522.72,4530.68,4522.186090965874,0,0,0,0,0,,3,2,1,0
2025-12-27T04:45:00+08:00,4530.69,4533.5,4525.8,4531.27,4522.542322692703,0,0,0,0,0,,3,2,1,0
2025-12-27T05:00:00+08:00,4531.14,4533.03,4526.9,4528.3,4522.768113959656,0,0,0,0,0,,3,2,1,0
2025-12-27T05:15:00+08:00,4528.31,4532.75,4528.24,4531.19,4523.098384000454,0,0,0,0,0,,3,2,1,0
2025-12-27T05:30:00+08:00,4531.18,4534.62,4529.17,4532.16,4523.453741490632,0,0,0,0,0,,3,2,1,0
2025-12-27T05:45:00+08:00,4532.2,4533.92,4529.45,4531.68,4523.776339863548,0,0,0,0,0,,3,2,1,0
2025-12-29T07:00:00+08:00,4548.84,4549.09,4523.12,4534.04,4524.178836339487,0,0,0,0,0,,3,2,1,0
2025-12-29T07:15:00+08:00,4534.02,4542.12,4532.57,4536.18,4524.6494702085265,0,0,0,0,0,,3,2,1,0
2025-12-29T07:30:00+08:00,4536.13,4540.13,4530.63,4532.26,4524.947922357212,0,0,0,0,0,,3,2,1,0
2025-12-29T07:45:00+08:00,4532.28,4534.92,4525.95,4527.02,4525.029180303987,0,0,0,0,0,,3,2,1,0
2025-12-29T08:00:00+08:00,4527.34,4527.9,4513.57,4524.08,4524.9919575469685,0,0,0,0,0,,3,2,1,0
2025-12-29T08:15:00+08:00,4524.21,4524.21,4482.34,4486.83,4523.495410192186,0,0,0,0,0,,3,2,1,0
2025-12-29T08:30:00+08:00,4487.06,4503.12,4472.25,4489.64,4522.167747047394,0,0,0,0,0,,3,2,1,0
2025-12-29T08:45:00+08:00,4489.59,4507.01,4489.45,4497.27,4521.191364810242,0,0,0,0,0,,3,2,1,0
2025-12-29T09:00:00+08:00,4497.28,4514.55,4492.59,4512.37,4520.84542893533,0,0,0,0,0,,3,2,1,0
2025-12-29T09:15:00+08:00,4512.36,4517.49,4495.97,4499.39,4520.004039565318,0,0,0,0,0,,3,2,1,0
2025-12-29T09:30:00+08:00,4499.34,4507.68,4492.14,4501.86,4519.292508601972,0,0,0,0,0,,3,2,1,0
2025-12-29T09:45:00+08:00,4501.78,4506.57,4495.02,4497.35,4518.432018068562,0,0,0,0,0,,3,2,1,0
2025-12-29T10:00:00+08:00,4497.22,4509.28,4496.35,4507.07,4517.986448732539,0,0,0,0,0,,3,2,1,0
2025-12-29T10:15:00+08:00,4507.08,4514.28,4504.35,4512.56,4517.77364682146,0,0,0,0,0,,3,2,1,0
2025-12-29T10:30:00+08:00,4512.56,4515.6,4508.79,4511.79,4517.538994004932,0,0,0,0,0,,3,2,1,0
2025-12-29T10:45:00+08:00,4511.78,4515.85,4509.29,4512.51,4517.341778553758,0,0,0,0,0,,3,2,1,0
2025-12-29T11:00:00+08:00,4512.39,4518.76,4509.43,4515.3,4517.261708806552,0,0,0,0,0,,3,2,1,0
2025-12-29T11:15:00+08:00,4515.28,4518.09,4512.18,4512.71,4517.083210421981,0,0,0,0,0,,3,2,1,0
2025-12-29T11:30:00+08:00,4512.95,4520.04,4512.95,4516.56,4517.062692366217,0,0,0,0,0,,3,2,1,0
2025-12-29T11:45:00+08:00,4516.56,4517.52,4513.66,4516.6,4517.0445475675415,0,0,0,0,0,,3,2,1,0
2025-12-29T12:00:00+08:00,4516.52,4516.94,4507.94,4514.97,4516.963192760972,0,0,0,0,0,,3,2,1,0
2025-12-29T12:15:00+08:00,4514.95,4516.12,4510.81,4514.12,4516.851695005639,0,0,0,0,0,,3,2,1,0
2025-12-29T12:30:00+08:00,4514.14,4519.64,4513.09,4515.57,4516.801432456398,0,0,0,0,0,,3,2,1,0
2025-12-29T12:45:00+08:00,4515.71,4516.42,4513.3,4515.75,4516.7601998110495,0,0,0,0,0,,3,2,1,0
2025-12-29T13:00:00+08:00,4515.59,4515.59,4509.9,4514.6,4516.67548609297,0,0,0,0,0,,3,2,1,0
2025-12-29T13:15:00+08:00,4514.63,4515.93,4511.17,4514.02,4516.571349383441,0,0,0,0,0,,3,2,1,0
2025-12-29T13:30:00+08:00,4514.02,4519.36,4512.19,4516.26,4516.559139603698,0,0,0,0,0,,3,2,1,0
2025-12-29T13:45:00+08:00,4516.84,4517.47,4505.36,4506.42,4516.161526285906,0,0,0,0,0,,3,2,1,0
2025-12-29T14:00:00+08:00,4506.6,4510.61,4500.39,4505.95,4515.761074274694,0,0,0,0,0,,3,2,1,0
2025-12-29T14:15:00+08:00,4505.93,4507.21,4489.11,4490.85,4514.784169401177,0,0,0,0,0,,3,2,1,0
2025-12-29T14:30:00+08:00,4490.81,4497.8,4484.32,4487.02,4513.695378444268,0,0,0,0,0,,3,2,1,0
2025-12-29T14:45:00+08:00,4487.18,4487.93,4471.05,4475.05,4512.179873407237,0,0,0,0,0,,3,2,1,0
2025-12-29T15:00:00+08:00,4474.92,4476.12,4444.99,4473.28,4510.654388175581,0,0,0,0,0,,3,2,1,0
2025-12-29T15:15:00+08:00,4473.25,4481.72,4471.22,4471.26,4509.109510207911,0,0,0,0,0,,3,2,1,0
2025-12-29T15:30:00+08:00,4471.41,4479.39,4470.35,4473.75,4507.722862748777,0,0,0,0,0,,3,2,1,0
2025-12-29T15:45:00+08:00,4473.61,4478.78,4472.93,4474.51,4506.420397542942,0,0,0,0,0,,3,2,1,0
2025-12-29T16:00:00+08:00,4474.42,4485.72,4466.07,4483.92,4505.538029011846,0,0,0,0,0,,3,2,1,0
2025-12-29T16:15:00+08:00,4483.88,4488.62,4479.9,4480.02,4504.537321991774,0,0,0,0,0,,3,2,1,0
2025-12-29T16:30:00+08:00,4480.09,4480.69,4469.76,4469.96,4503.181348580331,1,0,0,0,0,,3,2,1,0
2025-12-29T16:45:00+08:00,4470.06,4471.93,4452.52,4461.08,4501.530315302672,0,0,0,0,0,,3,2,1,0
2025-12-29T17:00:00+08:00,4460.96,4467.74,4459.14,4467.58,4500.198930388841,0,0,0,0,0,,3,2,1,0
2025-12-29T17:15:00+08:00,4467.6,4468.83,4462.07,4466.04,4498.85936449124,0,0,0,0,0,,3,2,1,0
2025-12-29T17:30:00+08:00,4465.83,4475.74,4460.32,4475.56,4497.945663922956,0,0,0,0,0,,3,2,1,0
2025-12-29T17:45:00+08:00,4475.55,4476.08,4468.98,4472.13,4496.933284945585,0,0,0,0,1,,3,2,1,0
2025-12-29T18:00:00+08:00,4472.08,4474.69,4469.03,4471.24,4495.925705143797,0,0,0,0,0,,3,2,1,0
2025-12-29T18:15:00+08:00,4471.19,4472.36,4462.72,4462.72,4494.6235206283545,0,0,0,0,0,,3,2,1,0
2025-12-29T18:30:00+08:00,4462.9,4463.63,4457.03,4460.08,4493.2688727605755,0,0,0,0,0,,3,2,1,0
2025-12-29T18:45:00+08:00,4460.07,4463.35,4458.61,4460.88,4491.998720887612,0,0,0,0,0,,3,2,1,0
2025-12-29T19:00:00+08:00,4460.88,4460.97,4455.88,4458.38,4490.680339676333,0,0,0,0,0,,3,2,1,0
2025-12-29T19:15:00+08:00,4458.42,4467.74,4457.84,4465.32,4489.685816551771,0,0,0,0,0,,3,2,1,0
2025-12-29T19:30:00+08:00,4465.22,4465.77,4434.43,4452.97,4488.2459806085635,0,0,0,0,0,,3,2,1,0
2025-12-29T19:45:00+08:00,4453.03,4453.46,4441.55,4446.83,4486.621824506267,0,0,0,0,0,,3,2,1,0
2025-12-29T20:00:00+08:00,4446.83,4456.31,4445.68,4452.7,4485.29155687857,0,0,0,0,0,,3,2,1,0
2025-12-29T20:15:00+08:00,4452.71,4457.23,4451.72,4456.58,4484.165613471568,0,0,0,0,0,,3,2,1,0
2025-12-29T20:30:00+08:00,4456.5,4464.29,4454.61,4462.25,4483.306177649153,0,0,0,0,0,,3,2,1,0
2025-12-29T20:45:00+08:00,4462.25,4464.74,4460.52,4464.45,4482.566719702128,0,0,0,0,0,,3,2,1,0
2025-12-29T21:00:00+08:00,4464.43,4467.55,4456.5,4457.52,4481.584495400083,0,0,0,0,0,,3,2,1,0
2025-12-29T21:15:00+08:00,4457.57,4460,4445.24,4451.72,4480.413338717727,0,0,0,0,0,,3,2,1,0
2025-12-29T21:30:00+08:00,4451.63,4454.86,4424.95,4429.58,4478.419874454286,0,0,0,0,0,,3,2,1,0
2025-12-29T21:45:00+08:00,4429.44,4429.55,4406.85,4421.69,4476.1951734952945,0,0,0,0,0,,3,2,1,0
2025-12-29T22:00:00+08:00,4421.62,4421.62,4386.46,4398.41,4473.144774534695,0,0,0,0,0,,3,2,1,0
2025-12-29T22:15:00+08:00,4397.92,4405.63,4386.65,4389.75,4469.874391219609,0,0,0,0,0,,3,2,1,0
2025-12-29T22:30:00+08:00,4389.9,4389.9,4356.63,4373.74,4466.104415093349,0,0,0,0,0,,3,2,1,0
2025-12-29T22:45:00+08:00,4373.11,4384.46,4358.67,4360.33,4461.9563988151785,0,0,0,0,0,,3,2,1,0
2025-12-29T23:00:00+08:00,4360.28,4360.66,4328.24,4342.99,4457.291049842034,0,0,0,0,0,,3,2,1,0
2025-12-29T23:15:00+08:00,4342.96,4342.96,4302.49,4319.84,4451.900812593327,0,0,0,0,0,,3,2,1,0
2025-12-29T23:30:00+08:00,4319.83,4336.29,4316.86,4331.28,4447.17058464849,0,1,0,0,0,,3,2,1,0
2025-12-29T23:45:00+08:00,4331.36,4339.48,4322.53,4325.35,4442.393306819137,0,0,0,0,0,,3,2,1,0
2025-12-30T00:00:00+08:00,4325.3,4342.86,4323.32,4333.94,4438.140235963485,0,0,0,0,0,,3,2,1,0
2025-12-30T00:15:00+08:00,4333.94,4337.73,4324.16,4333.99,4434.055912984525,0,0,0,0,0,,3,2,1,0
2025-12-30T00:30:00+08:00,4334.08,4342.16,4328.83,4335.03,4430.172543847877,0,0,0,0,0,,3,2,1,0
2025-12-30T00:45:00+08:00,4334.99,4347.59,4334.55,4341.8,4426.706953893058,0,0,0,0,0,,3,2,1,0
2025-12-30T01:00:00+08:00,4342.24,4343.2,4325.8,4330.11,4422.9188380541145,0,0,0,0,0,,3,2,1,0
2025-12-30T01:15:00+08:00,4330.05,4333.55,4322.63,4329.38,4419.250648326502,0,0,0,0,0,,3,2,1,0
2025-12-30T01:30:00+08:00,4329.39,4330.06,4314.75,4319.84,4415.352191529385,0,0,0,0,0,,3,2,1,0
2025-12-30T01:45:00+08:00,4319.8,4329.42,4319.69,4328.21,4411.934850685096,0,0,0,0,0,,3,2,1,0
2025-12-30T02:00:00+08:00,4328.25,4333.56,4325.99,4329.59,4408.705640854308,0,0,0,0,0,,3,2,1,0
2025-12-30T02:15:00+08:00,4329.58,4334.44,4322.95,4327.78,4405.532086311001,0,0,0,0,0,,3,2,1,0
2025-12-30T02:30:00+08:00,4327.69,4334.19,4326.33,4330.19,4402.577494690961,0,0,0,0,0,,3,2,1,0
2025-12-30T02:45:00+08:00,4330.29,4332.26,4327.94,4331.35,4399.784259605041,0,0,0,0,0,,3,2,1,0
2025-12-30T03:00:00+08:00,4331.57,4335.36,4327.75,4335.02,4397.244484718569,0,0,0,0,0,,3,2,1,0
2025-12-30T03:15:00+08:00,4335.36,4336.6,4328.68,4330.56,4394.629406886468,0,0,0,0,0,,3,2,1,0
2025-12-30T03:30:00+08:00,4330.53,4335.89,4330.29,4332.48,4392.192175243861,0,0,1,0,0,,3,2,1,0
2025-12-30T03:45:00+08:00,4332.56,4338.08,4331.27,4336.9,4390.023854646062,0,0,0,0,0,,3,2,1,0
2025-12-30T04:00:00+08:00,4336.94,4344.46,4336.54,4342.36,4388.1546838756285,0,0,0,0,0,,3,2,1,0
2025-12-30T04:15:00+08:00,4342.38,4342.76,4337.08,4340.6,4386.289794311879,0,0,0,0,0,,3,2,1,0
2025-12-30T04:30:00+08:00,4340.94,4341.45,4325.94,4333.37,4384.214508260433,0,0,0,0,0,,3,2,1,0
2025-12-30T04:45:00+08:00,4333.44,4335.64,4328.86,4334.68,4382.27197852473,0,0,0,0,0,,3,2,1,0
2025-12-30T05:00:00+08:00,4334.57,4339.32,4328.51,4335.8,4380.449547994348,0,0,0,0,0,,3,2,1,0
2025-12-30T05:15:00+08:00,4335.69,4337.8,4330.75,4331.58,4378.533095131825,0,0,0,0,0,,3,2,1,0
2025-12-30T05:30:00+08:00,4331.43,4332.44,4327.46,4329.58,4376.613365910969,0,0,0,0,0,,3,2,1,0
2025-12-30T05:45:00+08:00,4329.37,4332.75,4329.34,4331.77,4374.854802541911,0,0,0,0,0,,3,2,1,0
2025-12-30T07:00:00+08:00,4336.51,4347.29,4334.55,4340.86,4373.521673030464,0,0,0,0,0,,3,2,1,0
2025-12-30T07:15:00+08:00,4340.9,4341.08,4323.23,4333.89,4371.967489774367,0,0,0,0,0,,3,2,1,0
2025-12-30T07:30:00+08:00,4334.04,4337.4,4330.82,4337.14,4370.601705861647,0,0,0,0,0,,3,2,1,0
2025-12-30T07:45:00+08:00,4337.21,4346.99,4336.42,4345.64,4369.6228154357,0,0,0,0,0,,3,2,1,0
2025-12-30T08:00:00+08:00,4346.01,4347.65,4337.95,4346.91,4368.732116791163,0,0,0,0,0,,3,2,1,0
2025-12-30T08:15:00+08:00,4346.9,4350.97,4343.8,4349.05,4367.960269073863,0,0,0,0,0,,3,2,1,0
2025-12-30T08:30:00+08:00,4349.15,4349.2,4339.87,4340.62,4366.888101659201,0,0,0,0,0,,3,2,1,0
2025-12-30T08:45:00+08:00,4340.63,4343.02,4334.53,4339.75,4365.823862378448,0,0,0,0,0,,3,2,1,0
2025-12-30T09:00:00+08:00,4339.75,4339.75,4324.45,4334.76,4364.605671696941,0,0,0,0,0,,3,2,1,0
2025-12-30T09:15:00+08:00,4334.79,4343.41,4334.79,4336.51,4363.5038806500015,0,0,0,0,0,,3,2,1,0
2025-12-30T09:30:00+08:00,4336.65,4349.65,4331.88,4347.07,4362.859414742158,0,0,0,0,0,,3,2,1,0
2025-12-30T09:45:00+08:00,4347.03,4360.22,4346.65,4360.22,4362.7559082816815,0,0,0,0,0,,3,2,1,0
2025-12-30T10:00:00+08:00,4360.21,4361.83,4351.65,4355.64,4362.476853054949,0,0,0,0,0,,3,2,1,0
2025-12-30T10:15:00+08:00,4355.47,4357.99,4352.63,4355.69,4362.210701954755,0,0,0,0,0,,3,2,1,0
2025-12-30T10:30:00+08:00,4355.05,4357.08,4348.82,4354.53,4361.909497956529,0,0,0,0,0,,3,2,1,0
2025-12-30T10:45:00+08:00,4354.55,4364.9,4354.46,4362.5,4361.93265489941,0,0,0,0,0,,3,2,1,0
2025-12-30T11:00:00+08:00,4362.64,4365.33,4357.24,4360.91,4361.892550785708,0,0,0,0,0,,3,2,1,0
2025-12-30T11:15:00+08:00,4360.8,4369.22,4358.83,4368.07,4362.134803696073,0,0,0,0,0,,3,2,1,0
2025-12-30T11:30:00+08:00,4368.19,4368.77,4361.2,4363.44,4362.185987864854,0,0,0,0,0,,3,2,1,0
2025-12-30T11:45:00+08:00,4363.36,4364.89,4356.15,4359.21,4362.069282458389,0,0,0,0,0,,3,2,1,0
2025-12-30T12:00:00+08:00,4359.18,4362.31,4357.45,4361.33,4362.040290989433,0,0,0,0,0,,3,2,1,0
2025-12-30T12:15:00+08:00,4361.37,4365.83,4360.63,4363.1,4362.081848205534,0,0,0,0,0,,3,2,1,0
2025-12-30T12:30:00+08:00,4363.07,4369.67,4362.27,4366.89,4362.270403177866,0,0,0,0,0,,3,2,1,0
2025-12-30T12:45:00+08:00,4366.91,4367.32,4362.27,4363.43,4362.315877563047,0,0,0,0,0,,3,2,1,0
2025-12-30T13:00:00+08:00,4363.65,4364.91,4358.72,4363.92,4362.37878432528,0,0,0,0,0,,3,2,1,0
2025-12-30T13:15:00+08:00,4363.91,4376.26,4362.62,4372.28,4362.767067292916,0,0,0,0,0,,3,2,1,0
2025-12-30T13:30:00+08:00,4372.36,4380.15,4372.19,4374.82,4363.239731320645,0,0,0,0,0,,3,2,1,0
2025-12-30T13:45:00+08:00,4374.85,4379.68,4372.76,4377.83,4363.811898719835,0,0,0,0,0,,3,2,1,0
2025-12-30T14:00:00+08:00,4377.62,4378.61,4372.51,4373.29,4364.183588966116,0,0,0,0,0,,3,2,1,0
2025-12-30T14:15:00+08:00,4373.39,4374.01,4364.37,4366.73,4364.283448222347,0,0,0,0,0,,3,2,1,0
2025-12-30T14:30:00+08:00,4366.74,4369.86,4360.17,4362.02,4364.1946855469605,0,0,0,0,0,,3,2,1,0
2025-12-30T14:45:00+08:00,4362.04,4366.87,4359.77,4364.73,4364.215678270609,0,0,0,0,0,,3,2,1,0
2025-12-30T15:00:00+08:00,4364.66,4368.92,4359.23,4368.67,4364.390357554114,0,0,0,0,0,,3,2,1,0
2025-12-30T15:15:00+08:00,4368.67,4372.48,4365.83,4368.33,4364.544853336306,0,0,0,0,0,,3,2,1,0
2025-12-30T15:30:00+08:00,4368.34,4377.23,4368.07,4376.91,4365.029761048608,0,0,0,0,0,,3,2,1,0
2025-12-30T15:45:00+08:00,4376.92,4383.12,4370.23,4372.3,4365.314868458467,0,0,0,0,0,,3,2,1,0
2025-12-30T16:00:00+08:00,4372.3,4373.87,4363.42,4370.46,4365.516638322841,0,0,0,0,0,,3,2,1,0
2025-12-30T16:15:00+08:00,4370.73,4371.31,4351.56,4353.34,4365.039123094494,0,0,0,0,0,,3,2,1,0
2025-12-30T16:30:00+08:00,4353.43,4360.46,4349.89,4359.13,4364.807392777063,1,0,0,0,0,,3,2,1,0
2025-12-30T16:45:00+08:00,4359.12,4366.35,4354.47,4365.08,4364.818083256394,0,0,0,0,0,,3,2,1,0
2025-12-30T17:00:00+08:00,4365.09,4373.6,4364.12,4373.05,4365.140903520849,0,0,0,0,0,,3,2,1,0
2025-12-30T17:15:00+08:00,4373.07,4376.38,4367.69,4368.41,4365.269103382777,0,0,0,0,0,,3,2,1,0
2025-12-30T17:30:00+08:00,4368.38,4371.72,4367.07,4368.18,4365.383256191295,0,0,0,0,0,,3,2,1,0
2025-12-30T17:45:00+08:00,4368.17,4373.89,4367.61,4371.98,4365.64195202693,0,0,0,0,0,,3,2,1,0
2025-12-30T18:00:00+08:00,4372.01,4376.11,4367.65,4375.92,4366.045012731756,0,0,0,0,0,,3,2,1,0
2025-12-30T18:15:00+08:00,4375.99,4382.86,4374.66,4382.23,4366.679718114825,0,0,0,0,0,,3,2,1,0
2025-12-30T18:30:00+08:00,4381.69,4391.56,4381.69,4382.86,4367.314238973067,0,0,0,0,0,,3,2,1,0
2025-12-30T18:45:00+08:00,4382.85,4385.7,4378.65,4384.83,4368.001131562359,0,0,0,0,0,,3,2,1,0
2025-12-30T19:00:00+08:00,4384.97,4390.29,4384.97,4386.71,4368.7348126775605,0,0,0,0,0,,3,2,1,0
2025-12-30T19:15:00+08:00,4386.69,4389.59,4385.67,4388.78,4369.520898454911,0,0,0,0,0,,3,2,1,0
2025-12-30T19:30:00+08:00,4388.79,4389.42,4383.64,4384.86,4370.122431848836,0,0,0,0,0,,3,2,1,0
2025-12-30T19:45:00+08:00,4384.88,4385.49,4381.26,4384.17,4370.673316874371,0,0,0,0,0,,3,2,1,0
2025-12-30T20:00:00+08:00,4384.26,4397.41,4383.53,4396.43,4371.683382879298,0,0,0,0,0,,3,2,1,0
2025-12-30T20:15:00+08:00,4396.45,4399.24,4391.69,4393.92,4372.55540708011,0,0,0,0,0,,3,2,1,0
2025-12-30T20:30:00+08:00,4393.95,4402.9,4393.11,4399.84,4373.625391116184,0,0,0,0,0,,3,2,1,0
2025-12-30T20:45:00+08:00,4399.87,4402.13,4396.49,4401.14,4374.704395386138,0,0,0,0,0,,3,2,1,0
2025-12-30T21:00:00+08:00,4401.22,4404.26,4397.11,4399.36,4375.671281841584,0,0,0,0,0,,3,2,1,0
2025-12-30T21:15:00+08:00,4399.39,4399.45,4389.59,4393.55,4376.372408043874,0,0,0,0,0,,3,2,1,0
2025-12-30T21:30:00+08:00,4393.55,4393.64,4376.2,4379.38,4376.490352826468,0,0,0,0,0,,3,2,1,0
2025-12-30T21:45:00+08:00,4379.22,4389.65,4376.22,4388.41,4376.957789970527,0,0,0,0,0,,3,2,1,0
2025-12-30T22:00:00+08:00,4388.41,4390.58,4382.89,4386.14,4377.31787663835,0,0,0,0,0,,3,2,1,0
2025-12-30T22:15:00+08:00,4386.17,4391.31,4380.9,4390.72,4377.843450103513,0,0,0,0,0,,3,2,1,0
2025-12-30T22:30:00+08:00,4390.65,4392.14,4363.98,4371.53,4377.595863824943,0,0,0,0,0,,3,2,1,0
2025-12-30T22:45:00+08:00,4371.39,4372.11,4355.7,4366.49,4377.160339753376,0,0,0,0,0,,3,2,1,0
2025-12-30T23:00:00+08:00,4365.88,4373.31,4361,4369.4,4376.856012704225,0,0,0,0,0,,3,2,1,0
2025-12-30T23:15:00+08:00,4369.33,4377.37,4364.99,4366.27,4376.440874951118,0,0,0,0,0,,3,2,1,0
2025-12-30T23:30:00+08:00,4366.11,4374.57,4359.18,4362.36,4375.888683776564,0,1,0,0,0,,3,2,1,0
2025-12-30T23:45:00+08:00,4362.39,4371,4361.09,4365.17,4375.468343236306,0,0,0,0,0,,3,2,1,0
2025-12-31T00:00:00+08:00,4365.18,4365.33,4354.55,4358.44,4374.800565070176,0,0,0,0,0,,3,2,1,0
2025-12-31T00:15:00+08:00,4358.32,4371.39,4357.49,4368.81,4374.565640949777,0,0,0,0,0,,3,2,1,0
2025-12-31T00:30:00+08:00,4369.11,4369.12,4362.52,4367.18,4374.276007971354,0,0,0,0,0,,3,2,1,0
2025-12-31T00:45:00+08:00,4367.19,4379.86,4366.36,4377.72,4374.411066482282,0,0,0,0,0,,3,2,1,0
2025-12-31T01:00:00+08:00,4377.77,4381.85,4373.25,4373.32,4374.368279561409,0,0,0,0,0,,3,2,1,0
2025-12-31T01:15:00+08:00,4373.4,4376.84,4368.37,4374.89,4374.388739186452,0,0,0,0,0,,3,2,1,0
2025-12-31T01:30:00+08:00,4375.01,4376.33,4364.74,4368.74,4374.16722000267,0,0,0,0,0,,3,2,1,0
2025-12-31T01:45:00+08:00,4368.65,4370.57,4364.25,4370.17,4374.010466277075,0,0,0,0,0,,3,2,1,0
2025-12-31T02:00:00+08:00,4369.79,4378.74,4368.84,4371.02,4373.893193089738,0,0,0,0,0,,3,2,1,0
2025-12-31T02:15:00+08:00,4371.06,4372.3,4365.99,4370.73,4373.769146301905,0,0,0,0,0,,3,2,1,0
2025-12-31T02:30:00+08:00,4370.75,4371.1,4362.5,4366.12,4373.469179780262,0,0,0,0,0,,3,2,1,0
2025-12-31T02:45:00+08:00,4366.13,4367.63,4363.3,4364.84,4373.130780573192,0,0,0,0,0,,3,2,1,0
2025-12-31T03:00:00+08:00,4364.72,4368.12,4363.57,4366.82,4372.883298982087,0,0,0,0,0,,3,2,1,0
2025-12-31T03:15:00+08:00,4366.7,4367.79,4363.96,4365.88,4372.608659806318,0,0,0,0,0,,3,2,1,0
2025-12-31T03:30:00+08:00,4365.87,4366.57,4359.85,4362.83,4372.225182951169,0,0,1,0,0,,3,2,1,0
2025-12-31T03:45:00+08:00,4362.84,4363.25,4337.7,4348.56,4371.297136560926,0,0,0,0,0,,3,2,1,0
2025-12-31T04:00:00+08:00,4348.66,4350.4,4338.34,4348.33,4370.39646453893,0,0,0,0,0,,3,2,1,0
2025-12-31T04:15:00+08:00,4348.39,4352.99,4346.08,4350.37,4369.611112988383,0,0,0,0,0,,3,2,1,0
2025-12-31T04:30:00+08:00,4350.47,4355.55,4346.17,4348.7,4368.79106934178,0,0,0,0,0,,3,2,1,0
2025-12-31T04:45:00+08:00,4348.96,4351.73,4337.71,4341.42,4367.717694073474,0,0,0,0,0,,3,2,1,0
2025-12-31T05:00:00+08:00,4341.72,4350.56,4340.72,4348.48,4366.963274698044,0,0,0,0,0,,3,2,1,0
2025-12-31T05:15:00+08:00,4348.46,4349.1,4346.34,4346.5,4366.160793337336,0,0,0,0,0,,3,2,1,0
2025-12-31T05:30:00+08:00,4346.51,4349.32,4346.09,4348.57,4365.4709583045,0,0,0,0,0,,3,2,1,0
2025-12-31T05:45:00+08:00,4348.54,4349.53,4334.74,4338.48,4364.412489351382,0,0,0,0,0,,3,2,1,0
2025-12-31T07:00:00+08:00,4342.55,4346.4,4340.01,4345.62,4363.675528984661,0,0,0,0,0,,3,2,1,0
2025-12-31T07:15:00+08:00,4345.61,4345.84,4332.04,4334.22,4362.520410200948,0,0,0,0,0,,3,2,1,0
2025-12-31T07:30:00+08:00,4334.27,4342.75,4328.94,4339.41,4361.614119604833,0,0,0,0,0,,3,2,1,0
2025-12-31T07:45:00+08:00,4339.56,4339.72,4333.21,4339.03,4360.728467855623,0,0,0,0,0,,3,2,1,0
2025-12-31T08:00:00+08:00,4339.03,4344.21,4338.93,4341.72,4359.983037743638,0,0,0,0,0,,3,2,1,0
2025-12-31T08:15:00+08:00,4341.7,4343.26,4332.82,4336.45,4359.060173518397,0,0,0,0,0,,3,2,1,0
2025-12-31T08:30:00+08:00,4336.69,4346.81,4333.05,4342.93,4358.427617694147,0,0,0,0,0,,3,2,1,0
2025-12-31T08:45:00+08:00,4342.92,4343.9,4336.65,4342.43,4357.800260137514,0,0,0,0,0,,3,2,1,0
2025-12-31T09:00:00+08:00,4342.47,4355.97,4336.7,4353.77,4357.642210720356,0,0,0,0,0,,3,2,1,0
2025-12-31T09:15:00+08:00,4353.5,4360.98,4349.1,4354.8,4357.530751476421,0,0,0,0,0,,3,2,1,0
2025-12-31T09:30:00+08:00,4354.75,4369.7,4354.43,4368.79,4357.972290634209,0,0,0,0,0,,3,2,1,0
2025-12-31T09:45:00+08:00,4368.67,4373.42,4365.38,4366.04,4358.288671393651,0,0,0,0,0,,3,2,1,0
2025-12-31T10:00:00+08:00,4366.14,4371.36,4361.54,4362.28,4358.445194084096,0,0,0,0,0,,3,2,1,0
2025-12-31T10:15:00+08:00,4362.21,4364.05,4357.64,4361.02,4358.546166865112,0,0,0,0,0,,3,2,1,0
2025-12-31T10:30:00+08:00,4360.96,4371.2,4357.81,4370.09,4358.998866203736,0,0,0,0,0,,3,2,1,0
2025-12-31T10:45:00+08:00,4369.94,4370.74,4346.81,4348.84,4358.600479293786,0,0,0,0,0,,3,2,1,0
2025-12-31T11:00:00+08:00,4348.96,4359.85,4343.52,4359.56,4358.638107556774,0,0,0,0,0,,3,2,1,0
2025-12-31T11:15:00+08:00,4359.58,4359.72,4341.01,4348.58,4358.243671966313,0,0,0,0,0,,3,2,1,0
2025-12-31T11:30:00+08:00,4348.81,4353.95,4346.55,4352.11,4358.003135810771,0,0,0,0,0,,3,2,1,0
2025-12-31T11:45:00+08:00,4352.11,4352.57,4345.55,4348.57,4357.633208916231,0,0,0,0,0,,3,2,1,0
2025-12-31T12:00:00+08:00,4348.54,4351.35,4344.9,4348.31,4357.2675928803,0,0,0,0,0,,3,2,1,0
2025-12-31T12:15:00+08:00,4348.27,4348.65,4342.22,4346.47,4356.8441578653865,0,0,0,0,0,,3,2,1,0
2025-12-31T12:30:00+08:00,4346.46,4348.39,4342.7,4343.2,4356.309092851057,0,0,0,0,0,,3,2,1,0
2025-12-31T12:45:00+08:00,4343.36,4346.14,4330.76,4333.08,4355.398148033369,0,0,0,0,0,,3,2,1,0
2025-12-31T13:00:00+08:00,4333.18,4334.68,4329.4,4334.59,4354.582142228139,0,0,0,0,0,,3,2,1,0
2025-12-31T13:15:00+08:00,4334.7,4343.06,4332.93,4342.38,4354.103626846643,0,0,0,0,0,,3,2,1,0
2025-12-31T13:30:00+08:00,4342.28,4343.02,4319.16,4324.94,4352.959955205599,0,0,0,0,0,,3,2,1,0
2025-12-31T13:45:00+08:00,4324.7,4327.87,4276.22,4285.83,4350.327407942634,0,0,0,0,0,,3,2,1,0
2025-12-31T14:00:00+08:00,4285.89,4301.54,4273.96,4298.94,4348.312215474295,0,0,0,0,0,,3,2,1,0
2025-12-31T14:15:00+08:00,4298.82,4309,4292.55,4307.27,4346.702716828244,0,0,0,0,0,,3,2,1,0
2025-12-31T14:30:00+08:00,4307.41,4317.46,4304.81,4314.21,4345.428492638901,0,0,0,0,0,,3,2,1,0
2025-12-31T14:45:00+08:00,4314.3,4329.09,4311.8,4327.84,4344.738747829532,0,0,0,0,0,,3,2,1,0
2025-12-31T15:00:00+08:00,4328.09,4332.58,4323.69,4330.64,4344.185855757786,0,0,0,0,0,,3,2,1,0
2025-12-31T15:15:00+08:00,4330.7,4334.94,4328.92,4332.87,4343.742096708461,0,0,0,0,0,,3,2,1,0
2025-12-31T15:30:00+08:00,4333.16,4334.68,4330.49,4332.12,4343.28632821009,0,0,0,0,0,,3,2,1,0
2025-12-31T15:45:00+08:00,4332.11,4332.58,4326.72,4331.22,4342.813138868518,0,0,0,0,0,,3,2,1,0
2025-12-31T16:00:00+08:00,4331.14,4332.9,4320.07,4322.96,4342.034584403086,0,0,0,0,0,,3,2,1,0
2025-12-31T16:15:00+08:00,4323,4327.5,4321.89,4326.3,4341.417541877475,0,0,0,0,0,,3,2,1,0
2025-12-31T16:30:00+08:00,4326.27,4326.51,4317.04,4317.36,4340.4741088626715,1,0,0,0,0,,3,2,1,0
2025-12-31T16:45:00+08:00,4317.36,4317.87,4303.52,4307.43,4339.178261456293,0,0,0,0,0,,3,2,1,0
2025-12-31T17:00:00+08:00,4307.49,4318.23,4307.16,4317.01,4338.308917869771,0,0,0,0,0,,3,2,1,0
2025-12-31T17:15:00+08:00,4317.02,4327.57,4310.92,4323.78,4337.739156384682,0,0,0,0,0,,3,2,1,0
2025-12-31T17:30:00+08:00,4323.78,4336.99,4323.22,4336.03,4337.672130644107,0,0,0,0,0,,3,2,1,0
2025-12-31T17:45:00+08:00,4336.05,4337.16,4325.21,4325.81,4337.20694905022,0,0,0,0,0,,3,2,1,0
2025-12-31T18:00:00+08:00,4325.84,4331.51,4324.47,4327,4336.8066765384465,0,0,0,0,0,,3,2,1,0
2025-12-31T18:15:00+08:00,4326.91,4330.27,4319.58,4319.58,4336.131120595763,0,0,0,0,0,,3,2,1,0
2025-12-31T18:30:00+08:00,4319.52,4319.52,4305.15,4307.37,4335.003233513576,0,0,0,0,0,,3,2,1,0
2025-12-31T18:45:00+08:00,4307.36,4311,4303.33,4306.43,4333.882714552259,0,0,0,0,0,,3,2,1,0
2025-12-31T19:00:00+08:00,4306.31,4315.41,4303.98,4314,4333.103000256092,0,0,0,0,0,,3,2,1,0
2025-12-31T19:15:00+08:00,4314.31,4316.16,4309.76,4311.33,4332.249157108794,0,0,0,0,1,,3,2,1,0
2025-12-31T19:30:00+08:00,4311.38,4313.68,4307.58,4312.77,4331.4852685947235,0,0,0,0,0,,3,2,1,0
2025-12-31T19:45:00+08:00,4312.76,4316.08,4309.16,4310.91,4330.678395316499,0,0,0,0,0,,3,2,1,0
2025-12-31T20:00:00+08:00,4310.8,4312.43,4305.47,4309.09,4329.8317915785965,0,0,0,0,0,,3,2,1,0
2025-12-31T20:15:00+08:00,4308.96,4310.92,4302.97,4306.84,4328.930152693161,0,0,0,0,0,,3,2,1,0
2025-12-31T20:30:00+08:00,4307.03,4318.17,4306.98,4317.16,4328.468578077744,0,0,0,0,0,,3,2,1,0
2025-12-31T20:45:00+08:00,4317.03,4317.66,4310.85,4313.76,4327.891771094302,0,0,0,0,0,,3,2,1,0
2025-12-31T21:00:00+08:00,4313.86,4317.07,4307.88,4311.73,4327.257976149428,0,0,0,0,0,,3,2,1,0
2025-12-31T21:15:00+08:00,4311.68,4329.32,4311.56,4328.42,4327.303545712196,0,0,0,0,0,,3,2,1,0
2025-12-31T21:30:00+08:00,4328.33,4334.9,4325.85,4333.14,4327.532426272502,0,0,0,0,0,,3,2,1,0
2025-12-31T21:45:00+08:00,4333.15,4348.44,4332.06,4345.96,4328.255076222599,0,0,0,0,0,,3,2,1,0
2025-12-31T22:00:00+08:00,4346.01,4348.35,4334.68,4340.17,4328.722328135438,0,0,0,0,0,,3,2,1,0
2025-12-31T22:15:00+08:00,4340.21,4344.87,4332.99,4336.95,4329.044981934048,0,0,0,0,0,,3,2,1,0
2025-12-31T22:30:00+08:00,4336.92,4348.18,4332.74,4344.07,4329.634198328791,0,0,0,0,0,,3,2,1,0
2025-12-31T22:45:00+08:00,4344.38,4353.4,4342.25,4346.15,4330.281876825701,0,0,0,0,0,,3,2,1,0
2025-12-31T23:00:00+08:00,4346.1,4346.46,4328.89,4331.87,4330.34415616587,0,0,0,0,0,,3,2,1,0
2025-12-31T23:15:00+08:00,4331.8,4338.76,4327.06,4337.36,4330.61928729662,0,0,0,0,0,,3,2,1,0
2025-12-31T23:30:00+08:00,4337.28,4341.68,4329.06,4331.08,4330.637354461459,0,1,0,0,0,,3,2,1,0
2025-12-31T23:45:00+08:00,4330.82,4337.86,4327.51,4337.44,4330.904124874735,0,0,0,0,0,,3,2,1,0
2026-01-01T00:00:00+08:00,4337.5,4339.87,4321.62,4324.06,4330.635727820824,0,0,0,0,0,,3,2,1,0
2026-01-01T00:15:00+08:00,4324.2,4329.94,4322.09,4325.6,4330.438248298439,0,0,0,0,0,,3,2,1,0
2026-01-01T00:30:00+08:00,4325.77,4329.75,4319.1,4319.91,4330.025375816147,0,0,0,0,0,,3,2,1,0
2026-01-01T00:45:00+08:00,4319.86,4324.73,4317.21,4323.09,4329.753400293946,0,0,0,0,0,,3,2,1,0
2026-01-01T01:00:00+08:00,4323.17,4328.52,4320.62,4323.34,4329.501894400066,0,0,0,0,0,,3,2,1,0
2026-01-01T01:15:00+08:00,4323.38,4324.77,4318.24,4320.95,4329.16652599222,0,0,0,0,0,,3,2,1,0
2026-01-01T01:30:00+08:00,4320.84,4329.68,4319,4325.69,4329.030191639584,0,0,0,0,0,,3,2,1,0
2026-01-01T01:45:00+08:00,4325.65,4327.13,4320.4,4321.97,4328.753321379208,0,0,0,0,0,,3,2,1,0
2026-01-01T02:00:00+08:00,4322.04,4327.95,4321.72,4327.52,4328.704955834925,0,0,0,0,0,,3,2,1,0
2026-01-01T02:15:00+08:00,4327.53,4331.55,4323.96,4328.42,4328.693781096301,0,0,0,0,0,,3,2,1,0
2026-01-01T02:30:00+08:00,4328.6,4329.1,4318.63,4322.2,4328.439123014093,0,0,0,0,0,,3,2,1,0
2026-01-01T02:45:00+08:00,4322.2,4322.22,4315.78,4319.78,4328.099549562559,0,0,0,0,0,,3,2,1,0
2026-01-01T03:00:00+08:00,4319.87,4322.95,4315.66,4317.81,4327.696037815008,0,0,0,0,0,,3,2,1,0
2026-01-01T03:15:00+08:00,4317.83,4320.03,4316.6,4317.75,4327.30599711638,0,0,0,0,0,,3,2,1,0
2026-01-01T03:30:00+08:00,4317.76,4318.22,4307.75,4311.07,4326.669291347111,0,0,1,0,0,,3,2,1,0
2026-01-01T03:45:00+08:00,4310.84,4314.15,4308.62,4311.63,4326.079515215852,0,0,0,0,0,,3,2,1,0
2026-01-02T07:00:00+08:00,4328.78,4335.6,4324.4,4330.81,4326.265024423074,0,0,0,0,0,,3,2,1,0
2026-01-02T07:15:00+08:00,4330.92,4342.87,4328.3,4340.94,4326.840513661385,0,0,0,0,0,,3,2,1,0
2026-01-02T07:30:00+08:00,4340.96,4345.46,4339.14,4345.44,4327.569905282507,0,0,0,0,0,,3,2,1,0
2026-01-02T07:45:00+08:00,4345.53,4351.52,4342.03,4348.35,4328.384810957702,0,0,0,0,0,,3,2,1,0
2026-01-02T08:00:00+08:00,4348.88,4352.97,4344.51,4348.12,4329.158739939753,0,0,0,0,0,,3,2,1,0
2026-01-02T08:15:00+08:00,4347.96,4349.43,4341.53,4347.13,4329.863495236234,0,0,0,0,0,,3,2,1,0
2026-01-02T08:30:00+08:00,4347.13,4350.74,4346.58,4349.56,4330.635907187754,0,0,0,0,0,,3,2,1,0
2026-01-02T08:45:00+08:00,4349.51,4356.05,4349.51,4354.02,4331.552930435293,0,0,0,0,0,,3,2,1,0
2026-01-02T09:00:00+08:00,4354.01,4356.16,4345.23,4346.59,4332.142619437831,0,0,0,0,0,,3,2,1,0
2026-01-02T09:15:00+08:00,4346.6,4349.95,4344.52,4349.25,4332.813497106936,0,0,0,0,0,,3,2,1,0
2026-01-02T09:30:00+08:00,4349.23,4351.51,4345.83,4346.71,4333.358458004703,0,0,0,0,0,,3,2,1,0
2026-01-02T09:45:00+08:00,4346.72,4354.5,4346.09,4348.1,4333.936557690793,0,0,0,0,0,,3,2,1,0
2026-01-02T10:00:00+08:00,4348.14,4351.99,4345.61,4347.04,4334.450418173507,0,0,0,0,0,,3,2,1,0
2026-01-02T10:15:00+08:00,4347.17,4348.52,4344.97,4347.68,4334.969225303958,0,0,0,0,0,,3,2,1,0
2026-01-02T10:30:00+08:00,4347.69,4353.41,4345.71,4351.54,4335.619059605764,0,0,0,0,0,,3,2,1,0
2026-01-02T10:45:00+08:00,4351.53,4363.08,4351.1,4362.99,4336.692429817303,0,0,0,0,0,,3,2,1,0
2026-01-02T11:00:00+08:00,4363.04,4371.76,4362.04,4369.02,4337.9601776676045,0,0,0,0,0,,3,2,1,0
2026-01-02T11:15:00+08:00,4368.97,4370.69,4365.45,4369.01,4339.177817759071,0,0,0,0,0,,3,2,1,0
2026-01-02T11:30:00+08:00,4369.04,4374.65,4368.11,4373.88,4340.538687650873,0,0,0,0,0,,3,2,1,0
2026-01-02T11:45:00+08:00,4373.91,4375.54,4372.01,4375.2,4341.897954801819,0,0,0,0,0,,3,2,1,0
2026-01-02T12:00:00+08:00,4375.19,4378.43,4373.77,4374.73,4343.185485986061,0,0,0,0,0,,3,2,1,0
2026-01-02T12:15:00+08:00,4374.7,4376.08,4371.29,4373.7,4344.382133594451,0,0,0,0,0,,3,2,1,0
2026-01-02T12:30:00+08:00,4373.71,4375.59,4371.76,4375.45,4345.600481296629,0,0,0,0,0,,3,2,1,0
2026-01-02T12:45:00+08:00,4375.48,4376,4371.14,4373.12,4346.679678108526,0,0,0,0,0,,3,2,1,0
2026-01-02T13:00:00+08:00,4373.26,4380.09,4371.02,4377.7,4347.896161319956,0,0,0,0,0,,3,2,1,0
2026-01-02T13:15:00+08:00,4377.6,4380.12,4375.17,4378.47,4349.09513538584,0,0,0,0,0,,3,2,1,0
2026-01-02T13:30:00+08:00,4378.46,4379.89,4377.87,4378.75,4350.258071253062,0,0,0,0,0,,3,2,1,0
2026-01-02T13:45:00+08:00,4378.89,4381.74,4378.36,4380.64,4351.449519439216,0,0,0,0,0,,3,2,1,0
2026-01-02T14:00:00+08:00,4380.64,4381.08,4373.85,4375.23,4352.382087304344,0,0,0,0,0,,3,2,1,0
2026-01-02T14:15:00+08:00,4375.24,4380.06,4373.65,4379.71,4353.453770155154,0,0,0,0,0,,3,2,1,0
2026-01-02T14:30:00+08:00,4379.67,4379.81,4374.18,4374.49,4354.278720345148,0,0,0,0,0,,3,2,1,0
2026-01-02T14:45:00+08:00,4374.51,4376.34,4373.25,4374.58,4355.074848959064,0,0,0,0,0,,3,2,1,0
2026-01-02T15:00:00+08:00,4374.7,4377.91,4372.12,4377.74,4355.96367841165,0,0,0,0,0,,3,2,1,0
2026-01-02T15:15:00+08:00,4377.15,4377.54,4371.95,4373.72,4356.660004748448,0,0,0,0,0,,3,2,1,0
2026-01-02T15:30:00+08:00,4373.71,4380.79,4372.25,4375.85,4357.412553581842,0,0,0,0,0,,3,2,1,0
2026-01-02T15:45:00+08:00,4375.72,4383.43,4375.39,4382.91,4358.412453441378,0,0,0,0,0,,3,2,1,0
2026-01-02T16:00:00+08:00,4382.68,4386.66,4380.92,4385,4359.455102326029,0,0,0,0,0,,3,2,1,0
2026-01-02T16:15:00+08:00,4385,4385.74,4381.55,4385.29,4360.468235568145,0,0,0,0,0,,3,2,1,0
2026-01-02T16:30:00+08:00,4385.29,4390.67,4384.1,4390.54,4361.647520447826,1,0,0,0,0,,3,2,1,0
2026-01-02T16:45:00+08:00,4390.54,4397.27,4386.69,4387.04,4362.643303959676,0,0,0,0,0,,3,2,1,0
2026-01-02T17:00:00+08:00,4386.97,4391.24,4386.07,4390.04,4363.717684196551,0,0,0,0,0,,3,2,1,0
2026-01-02T17:15:00+08:00,4390.06,4391.64,4383.19,4388.75,4364.699343639823,0,0,0,1,0,,3,2,1,0
2026-01-02T17:30:00+08:00,4388.76,4389.72,4386.63,4388.63,4365.637800751987,0,0,0,0,0,,3,2,1,0
2026-01-02T17:45:00+08:00,4388.62,4389.56,4385.03,4385.39,4366.412396800929,0,0,0,0,0,,3,2,1,0
2026-01-02T18:00:00+08:00,4385.39,4388.56,4384.62,4388.24,4367.268381240108,0,0,0,0,0,,3,2,1,0
2026-01-02T18:15:00+08:00,4388.22,4389.99,4385.57,4386.45,4368.020601583634,0,0,0,0,0,,3,2,1,0
2026-01-02T18:30:00+08:00,4386.62,4396.64,4384.58,4393.65,4369.025676031334,0,0,0,0,0,,3,2,1,0
2026-01-02T18:45:00+08:00,4393.65,4398.61,4393.5,4396,4370.083492657556,0,0,0,0,0,,3,2,1,0
2026-01-02T19:00:00+08:00,4396.01,4397.97,4393.9,4395.29,4371.071983141574,0,0,0,0,0,,3,2,1,0
2026-01-02T19:15:00+08:00,4395.3,4399.38,4394.13,4394.52,4371.991513214453,0,0,0,0,0,,3,2,1,0
2026-01-02T19:30:00+08:00,4394.53,4395.78,4391.72,4395,4372.893806813887,0,0,0,0,0,,3,2,1,0
2026-01-02T19:45:00+08:00,4395.01,4395.68,4390.61,4393.08,4373.68542223295,0,0,0,0,0,,3,2,1,0
2026-01-02T20:00:00+08:00,4393.08,4397.41,4391.14,4395.44,4374.5385429296975,0,0,0,0,0,,3,2,1,0
2026-01-02T20:15:00+08:00,4395.4,4398.26,4392.98,4393.38,4375.277423599121,0,0,0,0,0,,3,2,1,0
2026-01-02T20:30:00+08:00,4393.4,4394.6,4385.14,4388.26,4375.786544242293,0,0,0,0,0,,3,2,1,0
2026-01-02T20:45:00+08:00,4388.38,4394.68,4385.59,4394.47,4376.519228781811,0,0,0,0,0,,3,2,1,0
2026-01-02T21:00:00+08:00,4394.59,4401.2,4392.36,4399.77,4377.431023731544,0,0,0,0,0,,3,2,1,0
2026-01-02T21:15:00+08:00,4399.74,4402.33,4372.82,4374.49,4377.315689467562,0,0,0,0,0,,3,2,1,0
2026-01-02T21:30:00+08:00,4374.33,4377.25,4365.91,4372.47,4377.125662429618,0,0,0,0,0,,3,2,1,0
2026-01-02T21:45:00+08:00,4372.33,4377.63,4361.74,4366,4376.689361942183,0,0,0,0,0,,3,2,1,0
2026-01-02T22:00:00+08:00,4365.32,4372.66,4364.83,4370.48,4376.445857552293,0,0,0,0,0,,3,2,1,0
2026-01-02T22:15:00+08:00,4370.38,4373.71,4366.99,4368.1,4376.11856902083,0,0,0,0,0,,3,2,1,0
2026-01-02T22:30:00+08:00,4368.13,4369.83,4348.15,4356.42,4375.346076118053,0,0,0,0,0,,3,2,1,0
2026-01-02T22:45:00+08:00,4356.54,4363.2,4352.18,4353.5,4374.489367250679,0,0,0,0,0,,3,2,1,0
2026-01-02T23:00:00+08:00,4352.93,4356.9,4333.62,4340.41,4373.152921476142,0,0,0,0,0,,3,2,1,0
2026-01-02T23:15:00+08:00,4340.72,4342.79,4330.41,4336.78,4371.726532398647,0,0,0,0,0,,3,2,1,0
2026-01-02T23:30:00+08:00,4336.7,4346.64,4331.78,4346.09,4370.721178186935,0,1,0,0,0,,3,2,1,0
2026-01-02T23:45:00+08:00,4346.03,4346.91,4333.56,4335.32,4369.332896689408,0,0,0,0,1,,3,2,1,0
2026-01-03T00:00:00+08:00,4335.29,4337.4,4320.47,4322.53,4367.497488976098,0,0,0,0,0,,3,2,1,0
2026-01-03T00:15:00+08:00,4322.41,4324.95,4314.87,4321.77,4365.70425411429,0,0,0,0,0,,3,2,1,0
2026-01-03T00:30:00+08:00,4321.58,4328.3,4315.25,4325.79,4364.138989247063,0,0,0,0,0,,3,2,1,0
2026-01-03T00:45:00+08:00,4325.81,4328.38,4321.52,4326.6,4362.6668720216885,0,0,0,0,0,,3,2,1,0
2026-01-03T01:00:00+08:00,4325.68,4333.77,4325.03,4330.31,4361.397975079662,0,0,0,0,0,,3,2,1,0
2026-01-03T01:15:00+08:00,4330.19,4333.06,4323.96,4328.89,4360.123152527518,0,0,0,0,0,,3,2,1,0
2026-01-03T01:30:00+08:00,4328.86,4331.29,4323.63,4326.4,4358.800675957811,0,0,0,0,0,,3,2,1,0
2026-01-03T01:45:00+08:00,4326.38,4328.17,4322.59,4323.12,4357.401433763387,0,0,0,0,0,,3,2,1,0
2026-01-03T02:00:00+08:00,4322.47,4323.72,4312.5,4314.56,4355.721377537372,0,0,0,0,0,,3,2,1,0
2026-01-03T02:15:00+08:00,4314.68,4321.75,4310.56,4318.84,4354.275049006495,0,0,0,0,0,,3,2,1,0
2026-01-03T02:30:00+08:00,4318.88,4319.62,4309.72,4312.31,4352.629360810161,0,0,0,0,0,,3,2,1,0
2026-01-03T02:45:00+08:00,4312.53,4315.78,4312.13,4315.12,4351.158405484272,0,0,0,0,0,,3,2,1,0
2026-01-03T03:00:00+08:00,4315.68,4322.13,4315.68,4321.56,4349.997683700575,0,0,0,0,0,,3,2,1,0
2026-01-03T03:15:00+08:00,4321.85,4323.28,4316.51,4318.63,4348.767578457416,0,0,0,0,1,,3,2,1,0
2026-01-03T03:30:00+08:00,4318.73,4326.23,4318.13,4322.67,4347.744144008106,0,0,1,0,0,,3,2,1,0
2026-01-03T03:45:00+08:00,4322.77,4323.02,4317.45,4318.21,4346.585942282298,0,0,0,0,0,,3,2,1,0
2026-01-03T04:00:00+08:00,4318.23,4321.39,4316.99,4320.02,4345.544140624169,0,0,0,0,0,,3,2,1,0
2026-01-03T04:15:00+08:00,4319.86,4329.33,4318.74,4328.45,4344.873782168319,0,0,0,0,0,,3,2,1,0
2026-01-03T04:30:00+08:00,4328.42,4329.47,4325.32,4326.83,4344.166182867601,0,0,0,0,0,,3,2,1,0
2026-01-03T04:45:00+08:00,4326.87,4331.58,4326.42,4331.4,4343.665548245342,0,0,0,0,0,,3,2,1,0
2026-01-03T05:00:00+08:00,4331.36,4331.87,4327.03,4329.1,4343.094350274936,0,0,0,0,0,,3,2,1,0
2026-01-03T05:15:00+08:00,4329.11,4329.66,4327.72,4328.84,4342.535356146507,0,0,0,0,0,,3,2,1,0
2026-01-03T05:30:00+08:00,4328.57,4330.35,4327.02,4328.55,4341.986910807428,0,0,0,0,0,,3,2,1,0
2026-01-03T05:45:00+08:00,4328.5,4333.35,4328.42,4332.7,4341.622718226745,0,0,0,0,0,,3,2,1,0
2026-01-05T07:00:00+08:00,4353.22,4370.52,4345.29,4370.03,4342.736729276677,0,0,0,0,0,,3,2,1,0
2026-01-05T07:15:00+08:00,4370.23,4372.73,4360.78,4366.78,4343.679602638375,0,0,0,0,0,,3,2,1,0
2026-01-05T07:30:00+08:00,4366.73,4366.73,4354.04,4362.23,4344.407069201577,0,0,0,0,0,,3,2,1,0
2026-01-05T07:45:00+08:00,4362.07,4375.93,4361.35,4372.47,4345.507576291711,0,0,0,0,0,,3,2,1,0
2026-01-05T08:00:00+08:00,4372.46,4379.87,4370.17,4378,4346.781788986154,0,0,0,0,0,,3,2,1,0
2026-01-05T08:15:00+08:00,4377.92,4389.37,4377.51,4387.06,4348.361326672972,0,0,0,0,0,,3,2,1,0
2026-01-05T08:30:00+08:00,4387.08,4396.5,4385.45,4387.85,4349.909902097561,0,0,0,0,0,,3,2,1,0
2026-01-05T08:45:00+08:00,4387.93,4396.02,4385.13,4395.01,4351.678533387852,0,0,0,0,0,,3,2,1,0
2026-01-05T09:00:00+08:00,4395.07,4420.67,4394.66,4403.09,4353.694669333427,0,0,0,0,0,,3,2,1,0
2026-01-05T09:15:00+08:00,4403.07,4405.43,4394.02,4396.01,4355.354094065449,0,0,0,0,0,,3,2,1,0
2026-01-05T09:30:00+08:00,4396.29,4405.13,4393.3,4404.13,4357.266874690334,0,0,0,0,0,,3,2,1,0
2026-01-05T09:45:00+08:00,4404.08,4406.8,4391.45,4401.97,4359.019938427968,0,0,0,0,0,,3,2,1,0
2026-01-05T10:00:00+08:00,4402.1,4405.04,4388.47,4394.29,4360.403078097459,0,0,0,0,0,,3,2,1,0
2026-01-05T10:15:00+08:00,4394.33,4403.04,4392.58,4402.41,4362.050408368147,0,0,0,0,0,,3,2,1,0
2026-01-05T10:30:00+08:00,4401.97,4406.98,4399.6,4399.91,4363.535098236063,0,0,0,0,0,,3,2,1,0
2026-01-05T10:45:00+08:00,4399.91,4409.74,4398.68,4405.55,4365.182741442492,0,0,0,0,0,,3,2,1,0
2026-01-05T11:00:00+08:00,4405.49,4414.1,4405.49,4410.66,4366.9661633467085,0,0,0,0,0,,3,2,1,0
2026-01-05T11:15:00+08:00,4410.58,4412.62,4405.92,4407.31,4368.5482745880145,0,0,0,0,0,,3,2,1,0
2026-01-05T11:30:00+08:00,4407.36,4410.7,4403.51,4409.82,4370.166773623779,0,0,0,0,0,,3,2,1,0
2026-01-05T11:45:00+08:00,4409.81,4410.29,4399.73,4399.95,4371.334743285592,0,0,0,0,0,,3,2,1,0
2026-01-05T12:00:00+08:00,4399.99,4404.47,4397.25,4399.96,4372.4573023724315,0,0,0,0,0,,3,2,1,0
2026-01-05T12:15:00+08:00,4400.1,4406.3,4399.89,4404.74,4373.723290514689,0,0,0,0,0,,3,2,1,0
2026-01-05T12:30:00+08:00,4404.8,4407.7,4404.01,4405.77,4374.980024219995,0,0,0,0,0,,3,2,1,0
2026-01-05T12:45:00+08:00,4405.67,4408.34,4403.45,4404.39,4376.133356603525,0,0,0,0,0,,3,2,1,0
2026-01-05T13:00:00+08:00,4404.1,4408.98,4403.66,4408.05,4377.384989677897,0,0,0,0,0,,3,2,1,0
2026-01-05T13:15:00+08:00,4408.21,4412.76,4406.94,4412.4,4378.758127337587,0,0,0,0,0,,3,2,1,0
2026-01-05T13:30:00+08:00,4412.41,4414.56,4401.65,4401.65,4379.655847834152,0,0,0,0,0,,3,2,1,0
2026-01-05T13:45:00+08:00,4401.65,4412.57,4400.86,4412.45,4380.941893017127,0,0,0,0,0,,3,2,1,0
2026-01-05T14:00:00+08:00,4412.22,4420.23,4411.18,4418.24,4382.4045638792,0,0,0,0,0,,3,2,1,0
2026-01-05T14:15:00+08:00,4418.29,4426.17,4415.51,4424.12,4384.040463334918,0,0,0,0,0,,3,2,1,0
2026-01-05T14:30:00+08:00,4424.42,4426.39,4415.89,4420.12,4385.455347125706,0,0,0,0,0,,3,2,1,0
2026-01-05T14:45:00+08:00,4420.08,4422.28,4418.11,4420.14,4386.815529591365,0,0,0,0,0,,3,2,1,0
2026-01-05T15:00:00+08:00,4420.17,4424,4416.55,4419.89,4388.112567646605,0,0,0,0,0,,3,2,1,0
2026-01-05T15:15:00+08:00,4419.92,4423.1,4418.71,4420.32,4389.375604209484,0,0,0,0,0,,3,2,1,0
2026-01-05T15:30:00+08:00,4420.31,4425.1,4418.4,4424.65,4390.758913848327,0,0,0,0,0,,3,2,1,0
2026-01-05T15:45:00+08:00,4424.64,4424.8,4419.94,4421.79,4391.975819187608,0,0,0,0,0,,3,2,1,0
2026-01-05T16:00:00+08:00,4421.55,4425.17,4419.43,4424.17,4393.238336082211,0,0,0,0,0,,3,2,1,0
2026-01-05T16:15:00+08:00,4424.24,4430.18,4424.2,4426.55,4394.544675843693,0,0,0,0,0,,3,2,1,0
2026-01-05T16:30:00+08:00,4426.53,4431,4423.65,4430.06,4395.937433653744,1,0,0,0,0,,3,2,1,0
2026-01-05T16:45:00+08:00,4430.04,4433.75,4429.97,4430.19,4397.280671549675,0,0,0,0,0,,3,2,1,0
2026-01-05T17:00:00+08:00,4430.11,4432.15,4426.23,4430.38,4398.57868443008,0,0,0,0,0,,3,2,1,0
2026-01-05T17:15:00+08:00,4430.36,4434.57,4429.73,4432.53,4399.910108570077,0,0,0,0,0,,3,2,1,0
2026-01-05T17:30:00+08:00,4432.49,4438.08,4430.91,4437.62,4401.388927841838,0,0,0,0,0,,3,2,1,0
2026-01-05T17:45:00+08:00,4437.61,4437.89,4434.01,4434.95,4402.7050483186285,0,0,0,0,0,,3,2,1,0
2026-01-05T18:00:00+08:00,4434.97,4435.3,4430.74,4433.28,4403.904066031623,0,0,0,0,0,,3,2,1,0
2026-01-05T18:15:00+08:00,4433.32,4436.54,4431.41,4433.27,4405.055671285285,0,0,0,0,0,,3,2,1,0
2026-01-05T18:30:00+08:00,4433.24,4438.88,4432.55,4434.95,4406.227997901548,0,0,0,0,0,,3,2,1,0
2026-01-05T18:45:00+08:00,4435.1,4439.8,4434.19,4436.17,4407.402194062272,0,0,0,0,0,,3,2,1,0
2026-01-05T19:00:00+08:00,4436.13,4437.17,4429.89,4433.21,4408.4142648833595,0,0,0,0,0,,3,2,1,0
2026-01-05T19:15:00+08:00,4433.43,4433.61,4410.88,4417.36,4408.765078025189,0,0,0,0,0,,3,2,1,0
2026-01-05T19:30:00+08:00,4417.4,4424.6,4415.18,4424.26,4409.372722024201,0,0,0,0,0,,3,2,1,0
2026-01-05T19:45:00+08:00,4424.18,4426.11,4418.16,4419.36,4409.764379984036,0,0,0,0,0,,3,2,1,0
2026-01-05T20:00:00+08:00,4419.29,4421.47,4416.62,4417.83,4410.080678808192,0,0,0,0,0,,3,2,1,0
2026-01-05T20:15:00+08:00,4417.8,4418.53,4413.65,4415.8,4410.304965913753,0,0,0,0,0,,3,2,1,0
2026-01-05T20:30:00+08:00,4415.82,4417.29,4406.37,4410.01,4410.293398623018,0,0,0,0,0,,3,2,1,0
2026-01-05T20:45:00+08:00,4409.94,4412.48,4405.42,4409.9,4410.277971226037,0,0,0,0,0,,3,2,1,0
2026-01-05T21:00:00+08:00,4409.76,4418.85,4407.21,4409.13,4410.2329527465845,0,0,0,0,0,,3,2,1,0
2026-01-05T21:15:00+08:00,4408.98,4413.25,4396.89,4399.71,4409.820287932993,0,0,0,0,0,,3,2,1,0
2026-01-05T21:30:00+08:00,4399.8,4414.3,4396.27,4412.2,4409.913609974837,0,0,0,0,0,,3,2,1,0
2026-01-05T21:45:00+08:00,4412.46,4417.32,4411.3,4416.8,4410.183664485628,0,0,0,0,0,,3,2,1,0
2026-01-05T22:00:00+08:00,4416.89,4428.46,4416.89,4426.22,4410.812540388152,0,0,0,0,0,,3,2,1,0
2026-01-05T22:15:00+08:00,4426.28,4429.59,4420.09,4421.2,4411.21989174548,0,0,0,0,0,,3,2,1,0
2026-01-05T22:30:00+08:00,4421.19,4430.03,4417.8,4429.76,4411.946954814284,0,0,0,0,0,,3,2,1,0
2026-01-05T22:45:00+08:00,4429.93,4442.98,4427.98,4436.61,4412.914133056861,0,0,0,0,0,,3,2,1,0
2026-01-05T23:00:00+08:00,4437.48,4455.78,4437.48,4449.26,4414.339461172278,0,0,0,0,0,,3,2,1,0
2026-01-05T23:15:00+08:00,4449.41,4452.5,4442.13,4444.58,4415.525364655718,0,0,0,0,0,,3,2,1,0
2026-01-05T23:30:00+08:00,4444.61,4447.74,4435.61,4447.44,4416.776918982944,0,1,0,0,0,,3,2,1,0
2026-01-05T23:45:00+08:00,4447.41,4449.95,4440.6,4448.76,4418.031157454201,0,0,0,0,0,,3,2,1,0
2026-01-06T00:00:00+08:00,4448.71,4451.32,4438.37,4446.46,4419.1460140246245,0,0,0,0,0,,3,2,1,0
2026-01-06T00:15:00+08:00,4446.47,4448.67,4440.29,4440.87,4419.997935043267,0,0,0,0,0,,3,2,1,0
2026-01-06T00:30:00+08:00,4440.84,4446,4440.2,4445.06,4420.980761120001,0,0,0,0,0,,3,2,1,0
2026-01-06T00:45:00+08:00,4445.04,4454.48,4440.69,4441.8,4421.797201860393,0,0,0,0,0,,3,2,1,0
2026-01-06T01:00:00+08:00,4441.82,4442.45,4432.42,4442.36,4422.603586101162,0,0,0,1,0,,3,2,1,0
2026-01-06T01:15:00+08:00,4442.22,4449.17,4442.22,4445.77,4423.512072920725,0,0,0,0,0,,3,2,1,0
2026-01-06T01:30:00+08:00,4445.89,4447.56,4437.84,4439.63,4424.144148492461,0,0,0,0,0,,3,2,1,0
2026-01-06T01:45:00+08:00,4439.64,4445.76,4439.32,4443.46,4424.901632865305,0,0,0,0,0,,3,2,1,0
2026-01-06T02:00:00+08:00,4444.11,4448.33,4441.76,4447.33,4425.781176674509,0,0,0,0,0,,3,2,1,0
2026-01-06T02:15:00+08:00,4447.36,4448.67,4439.69,4441.24,4426.387405040215,0,0,0,0,0,,3,2,1,0
2026-01-06T02:30:00+08:00,4441.23,4445.9,4440.96,4443.68,4427.06554601903,0,0,0,0,0,,3,2,1,0
2026-01-06T02:45:00+08:00,4443.7,4447.88,4442.69,4447.68,4427.873955979068,0,0,0,0,0,,3,2,1,0
2026-01-06T03:00:00+08:00,4448.44,4449.46,4435.18,4440.11,4428.353800842634,0,0,0,0,0,,3,2,1,0
2026-01-06T03:15:00+08:00,4440.01,4442.87,4437.75,4441.8,4428.881102770374,0,0,0,0,0,,3,2,1,0
2026-01-06T03:30:00+08:00,4441.42,4445.89,4441.06,4442.79,4429.426549720555,0,0,1,0,0,,3,2,1,0
2026-01-06T03:45:00+08:00,4442.68,4444.33,4438.72,4439.85,4429.835312476612,0,0,0,0,0,,3,2,1,0
2026-01-06T04:00:00+08:00,4439.84,4445.33,4439.09,4444.03,4430.391966889294,0,0,0,0,0,,3,2,1,0
2026-01-06T04:15:00+08:00,4444.1,4447.05,4442.78,4445.59,4430.987968187753,0,0,0,0,0,,3,2,1,0
2026-01-06T04:30:00+08:00,4445.7,4445.7,4438.06,4438.16,4431.269224337253,0,0,0,0,0,,3,2,1,0
2026-01-06T04:45:00+08:00,4438.23,4446.07,4438.16,4444.99,4431.807293971086,0,0,0,0,0,,3,2,1,0
2026-01-06T05:00:00+08:00,4444.95,4448.22,4444.95,4447.18,4432.410145187907,0,0,0,0,0,,3,2,1,0
2026-01-06T05:15:00+08:00,4447.22,4447.22,4443.43,4445.42,4432.920335572695,0,0,0,0,0,,3,2,1,0
2026-01-06T05:30:00+08:00,4445.59,4448.24,4445.33,4445.89,4433.428949863962,0,0,0,0,0,,3,2,1,0
2026-01-06T05:45:00+08:00,4445.83,4449.31,4445.23,4448.98,4434.038794967336,0,0,0,0,0,,3,2,1,0
2026-01-06T07:00:00+08:00,4451.02,4460.08,4450.32,4451.54,4434.7251167333225,0,0,0,0,0,,3,2,1,0
2026-01-06T07:15:00+08:00,4451.65,4453.56,4448.48,4449.03,4435.286092547702,0,0,0,0,0,,3,2,1,0
2026-01-06T07:30:00+08:00,4449.26,4450.45,4438.67,4443.11,4435.592912447792,0,0,0,0,0,,3,2,1,0
2026-01-06T07:45:00+08:00,4443.1,4444.19,4436.57,4440.72,4435.793974704741,0,0,0,0,0,,3,2,1,0
2026-01-06T08:00:00+08:00,4440.68,4441.74,4436.64,4440.49,4435.978132559458,0,0,0,0,0,,3,2,1,0
2026-01-06T08:15:00+08:00,4440.38,4442.71,4439.29,4440.87,4436.169970498302,0,0,0,0,0,,3,2,1,0
2026-01-06T08:30:00+08:00,4440.78,4444.84,4430.32,4436.4,4436.178991263075,0,0,0,0,0,,3,2,1,0
2026-01-06T08:45:00+08:00,4436.43,4438.47,4434.51,4436.29,4436.183344546876,0,0,0,0,0,,3,2,1,0
2026-01-06T09:00:00+08:00,4436.72,4442.27,4427.65,4441.84,4436.405174172488,0,0,0,0,0,,3,2,1,0
2026-01-06T09:15:00+08:00,4441.86,4444.17,4433.85,4435.04,4436.351637930429,0,0,0,0,0,,3,2,1,0
2026-01-06T09:30:00+08:00,4435.23,4443.39,4432.71,4439.3,4436.4672599723735,0,0,0,0,0,,3,2,1,0
2026-01-06T09:45:00+08:00,4439.4,4452.26,4438.28,4450.52,4437.0183478165945,0,0,0,0,0,,3,2,1,0
2026-01-06T10:00:00+08:00,4450.45,4460.31,4448.43,4459.32,4437.892922412022,0,0,0,0,0,,3,2,1,0
2026-01-06T10:15:00+08:00,4459.38,4460.77,4456.26,4460.32,4438.772415650767,0,0,0,0,0,,3,2,1,0
2026-01-06T10:30:00+08:00,4460.25,4460.99,4448.6,4453.65,4439.355850331129,0,0,0,0,0,,3,2,1,0
2026-01-06T10:45:00+08:00,4453.67,4457.6,4451.76,4454.93,4439.966601298535,0,0,0,0,0,,3,2,1,0
2026-01-06T11:00:00+08:00,4454.9,4465.33,4454.09,4462.66,4440.856538502514,0,0,0,0,0,,3,2,1,0
2026-01-06T11:15:00+08:00,4462.54,4468.1,4461.95,4463.59,4441.748046796533,0,0,0,0,0,,3,2,1,0
2026-01-06T11:30:00+08:00,4463.72,4467.6,4463.07,4466.26,4442.709299863336,0,0,0,0,0,,3,2,1,0
2026-01-06T11:45:00+08:00,4466.27,4468.18,4464.61,4467.77,4443.692072417715,0,0,0,0,0,,3,2,1,0
2026-01-06T12:00:00+08:00,4467.73,4468.68,4464.71,4465.68,4444.554344087609,0,0,0,0,0,,3,2,1,0
2026-01-06T12:15:00+08:00,4465.79,4467.52,4463.17,4464.8,4445.348291378291,0,0,0,0,0,,3,2,1,0
2026-01-06T12:30:00+08:00,4464.8,4466.41,4461.62,4462.6,4446.024828971299,0,0,0,0,0,,3,2,1,0
2026-01-06T12:45:00+08:00,4462.62,4468.43,4462.62,4467.48,4446.866208227327,0,0,0,0,0,,3,2,1,0
2026-01-06T13:00:00+08:00,4467.23,4469.62,4467.06,4467.29,4447.66714123802,0,0,0,0,0,,3,2,1,0
2026-01-06T13:15:00+08:00,4467.31,4470.79,4466.81,4469.73,4448.532351385548,0,0,0,0,0,,3,2,1,0
2026-01-06T13:30:00+08:00,4469.54,4474.01,4461.87,4463.11,4449.1040238802325,0,0,0,0,0,,3,2,1,0
2026-01-06T13:45:00+08:00,4463.31,4464.92,4449.39,4452.02,4449.21837588493,0,0,0,0,0,,3,2,1,0
2026-01-06T14:00:00+08:00,4452.53,4458.36,4451.48,4456.93,4449.520792516893,0,0,0,0,0,,3,2,1,0
2026-01-06T14:15:00+08:00,4456.93,4461.42,4455.29,4461.02,4449.971741829956,0,0,0,0,0,,3,2,1,0
2026-01-06T14:30:00+08:00,4461.03,4465.75,4458.89,4463.63,4450.507359797409,0,0,0,0,0,,3,2,1,0
2026-01-06T14:45:00+08:00,4463.53,4467.14,4461.16,4465.65,4451.101188824961,0,0,0,0,0,,3,2,1,0
2026-01-06T15:00:00+08:00,4465.64,4470.53,4464.23,4468.55,4451.785455929865,0,0,0,0,0,,3,2,1,0
2026-01-06T15:15:00+08:00,4468.53,4469.75,4461.52,4464.67,4452.2907321679095,0,0,0,0,0,,3,2,1,0
2026-01-06T15:30:00+08:00,4464.62,4467.27,4463.49,4464.58,4452.7726642397565,0,0,0,0,0,,3,2,1,0
2026-01-06T15:45:00+08:00,4464.18,4466.48,4457.32,4459.31,4453.0290303480015,0,0,0,0,0,,3,2,1,0
2026-01-06T16:00:00+08:00,4458.76,4463.5,4457.31,4462.05,4453.382793863766,0,0,0,0,0,,3,2,1,0
2026-01-06T16:15:00+08:00,4462.07,4475.84,4461.68,4471.17,4454.080331359304,0,0,0,0,0,,3,2,1,0
2026-01-06T16:30:00+08:00,4471.07,4472.63,4464.39,4465.71,4454.536396796194,1,0,0,0,0,,3,2,1,0
2026-01-06T16:45:00+08:00,4465.86,4469.5,4465.05,4468.31,4455.076538098304,0,0,0,0,0,,3,2,1,0
2026-01-06T17:00:00+08:00,4468.5,4468.65,4453.6,4458.16,4455.19745817288,0,0,0,0,0,,3,2,1,0
2026-01-06T17:15:00+08:00,4458.14,4458.15,4452.02,4456.76,4455.258734322963,0,0,0,0,0,,3,2,1,0
2026-01-06T17:30:00+08:00,4456.75,4457.07,4454.12,4455.87,4455.282705525984,0,0,0,0,0,,3,2,1,0
2026-01-06T17:45:00+08:00,4455.79,4456.26,4444.66,4446.2,4454.926520995553,0,0,0,0,0,,3,2,1,0
2026-01-06T18:00:00+08:00,4446.21,4452.41,4442.38,4450.3,4454.745088799649,0,0,0,0,0,,3,2,1,0
2026-01-06T18:15:00+08:00,4450.01,4452.65,4448.52,4450.07,4454.561751983977,0,0,0,0,0,,3,2,1,0
2026-01-06T18:30:00+08:00,4450.07,4455.94,4448.43,4451.03,4454.423251906174,0,0,0,0,1,,3,2,1,0
2026-01-06T18:45:00+08:00,4451.1,4453.28,4449.28,4451.68,4454.3156734000495,0,0,0,0,0,,3,2,1,0
2026-01-06T19:00:00+08:00,4451.66,4453.11,4449.66,4450.79,4454.177411698087,0,0,0,0,0,,3,2,1,0
2026-01-06T19:15:00+08:00,4450.92,4455.81,4448.7,4455.43,4454.226532807966,0,0,0,0,0,,3,2,1,0
2026-01-06T19:30:00+08:00,4455.44,4462.48,4454.9,4462.07,4454.534119756673,0,0,0,0,0,,3,2,1,0
2026-01-06T19:45:00+08:00,4462.05,4464.66,4459.79,4463.18,4454.873173883862,0,0,0,0,0,,3,2,1,0
2026-01-06T20:00:00+08:00,4463.23,4464.66,4461.6,4462.11,4455.156970986456,0,0,0,0,0,,3,2,1,0
2026-01-06T20:15:00+08:00,4462.13,4465.74,4461.38,4464.47,4455.522187810517,0,0,0,0,0,,3,2,1,0
2026-01-06T20:30:00+08:00,4464.64,4465.99,4458.8,4462.1,4455.780141229712,0,0,0,0,0,,3,2,1,0
2026-01-06T20:45:00+08:00,4462.1,4464.84,4459.61,4463.72,4456.091508240312,0,0,0,0,0,,3,2,1,0
2026-01-06T21:00:00+08:00,4463.55,4468.15,4459.79,4465.59,4456.46399811324,0,0,0,0,0,,3,2,1,0
2026-01-06T21:15:00+08:00,4465.68,4470.33,4457.23,4459.05,4456.565409951937,0,0,0,0,0,,3,2,1,0
2026-01-06T21:30:00+08:00,4459.04,4462.32,4455.79,4461.29,4456.750687993038,0,0,0,1,0,,3,2,1,0
2026-01-06T21:45:00+08:00,4461.06,4468.19,4453.97,4467.91,4457.1883080717425,0,0,0,0,0,,3,2,1,0
2026-01-06T22:00:00+08:00,4468.13,4472.79,4466.42,4471.71,4457.757786186577,0,0,0,0,0,,3,2,1,0
2026-01-06T22:15:00+08:00,4471.74,4473.4,4464.46,4466.72,4458.109245551809,0,0,0,0,0,,3,2,1,0
2026-01-06T22:30:00+08:00,4465.68,4483.18,4465.42,4479.42,4458.944961412522,0,0,0,0,0,,3,2,1,0
2026-01-06T22:45:00+08:00,4479.44,4489.81,4479.44,4486.97,4460.0439825336,0,0,0,0,0,,3,2,1,0
2026-01-06T23:00:00+08:00,4486.98,4490.87,4479.27,4480.23,4460.835591061694,0,0,0,0,0,,3,2,1,0
2026-01-06T23:15:00+08:00,4480.1,4483.46,4473.75,4481.1,4461.630273765157,0,0,0,1,0,,3,2,1,0
2026-01-06T23:30:00+08:00,4481.27,4482.02,4462.8,4475.44,4462.171831656719,0,1,0,0,0,,3,2,1,0
2026-01-06T23:45:00+08:00,4475.57,4479.89,4471.42,4478.49,4462.811759827044,0,0,0,0,0,,3,2,1,0
2026-01-07T00:00:00+08:00,4478.33,4483.21,4471.69,4478.95,4463.444631990689,0,0,0,0,0,,3,2,1,0
2026-01-07T00:15:00+08:00,4478.94,4485.23,4477.64,4483.45,4464.229156226348,0,0,0,0,0,,3,2,1,0
2026-01-07T00:30:00+08:00,4483.45,4488.98,4482.48,4487.96,4465.159777550805,0,0,0,0,0,,3,2,1,0
2026-01-07T00:45:00+08:00,4488.07,4488.93,4484.29,4488.28,4466.06645294097,0,0,0,0,0,,3,2,1,0
2026-01-07T01:00:00+08:00,4488.6,4490.26,4484.42,4488.34,4466.939925374657,0,0,0,0,0,,3,2,1,0
2026-01-07T01:15:00+08:00,4488.38,4490.13,4485.88,4487.21,4467.734830261926,0,0,0,0,0,,3,2,1,0
2026-01-07T01:30:00+08:00,4487.21,4489.95,4481.71,4483.95,4468.370719271262,0,0,0,0,0,,3,2,1,0
2026-01-07T01:45:00+08:00,4483.98,4491.33,4483.32,4489.31,4469.1918675351335,0,0,0,0,0,,3,2,1,0
2026-01-07T02:00:00+08:00,4489.21,4491.54,4486.17,4491.21,4470.055323710227,0,0,0,0,0,,3,2,1,0
2026-01-07T02:15:00+08:00,4491.01,4494.19,4484.27,4486.06,4470.682958074532,0,0,0,0,0,,3,2,1,0
2026-01-07T02:30:00+08:00,4486.97,4488.01,4482.18,4486.29,4471.294998934354,0,0,0,0,0,,3,2,1,0
2026-01-07T02:45:00+08:00,4486.18,4490.24,4486.13,4488.49,4471.969312701634,0,0,0,0,0,,3,2,1,0
2026-01-07T03:00:00+08:00,4488.49,4489.35,4481.82,4482.11,4472.366986713335,0,0,0,0,0,,3,2,1,0
2026-01-07T03:15:00+08:00,4482.09,4484.57,4477.15,4480.91,4472.702006842223,0,0,0,0,0,,3,2,1,0
2026-01-07T03:30:00+08:00,4480.87,4483.72,4477.84,4481.66,4473.053300691548,0,0,1,0,0,,3,2,1,0
2026-01-07T03:45:00+08:00,4481.65,4483.8,4479.29,4481.42,4473.381406546782,0,0,0,0,0,,3,2,1,0
2026-01-07T04:00:00+08:00,4481.38,4486.85,4480.31,4485.4,4473.852723937104,0,0,0,0,0,,3,2,1,0
2026-01-07T04:15:00+08:00,4485.39,4487.75,4484.51,4485.71,4474.317715155257,0,0,0,0,0,,3,2,1,0
2026-01-07T04:30:00+08:00,4485.6,4490.29,4483.89,4489.8,4474.924863580542,0,0,0,0,0,,3,2,1,0
2026-01-07T04:45:00+08:00,4490.1,4497.12,4488.82,4493.7,4475.661143440128,0,0,0,0,0,,3,2,1,0
2026-01-07T05:00:00+08:00,4493.68,4494.52,4491.81,4492.07,4476.304628011104,0,0,0,0,0,,3,2,1,0
2026-01-07T05:15:00+08:00,4492.04,4494.61,4491.94,4493.94,4476.996211226355,0,0,0,0,0,,3,2,1,0
2026-01-07T05:30:00+08:00,4493.91,4497.03,4493.83,4496.3,4477.753222550811,0,0,0,0,0,,3,2,1,0
2026-01-07T05:45:00+08:00,4495.95,4497.26,4493.85,4494.79,4478.4213314703875,0,0,0,0,0,,3,2,1,0
2026-01-07T07:00:00+08:00,4496.24,4499.39,4494.6,4497.51,4479.169906706843,0,0,0,0,0,,3,2,1,0
2026-01-07T07:15:00+08:00,4497.52,4500.68,4496.86,4498.46,4479.926380953633,0,0,0,0,0,,3,2,1,0
2026-01-07T07:30:00+08:00,4498.38,4499.48,4494.77,4495.2,4480.525346406432,0,0,0,0,0,,3,2,1,0
2026-01-07T07:45:00+08:00,4495.2,4496.36,4491.94,4493.37,4481.029058312062,0,0,0,0,0,,3,2,1,0
2026-01-07T08:00:00+08:00,4493.8,4494.38,4490.21,4493.32,4481.511056025315,0,0,0,0,0,,3,2,1,0
2026-01-07T08:15:00+08:00,4493.18,4493.59,4489.47,4491.24,4481.892583240009,0,0,0,0,0,,3,2,1,0
2026-01-07T08:30:00+08:00,4491.12,4494.89,4487.96,4489.88,4482.205815269813,0,0,0,0,0,,3,2,1,0
2026-01-07T08:45:00+08:00,4489.92,4492.2,4482.41,4492.2,4482.597744082761,0,0,0,0,0,,3,2,1,0
2026-01-07T09:00:00+08:00,4492.1,4495.56,4469.17,4471.01,4482.143322746182,0,0,0,0,0,,3,2,1,0
2026-01-07T09:15:00+08:00,4471.16,4478.66,4471.06,4477.22,4481.95025126594,0,0,0,0,0,,3,2,1,0
2026-01-07T09:30:00+08:00,4477.28,4477.77,4465.03,4468.64,4481.42828062806,0,0,0,0,0,,3,2,1,0
2026-01-07T09:45:00+08:00,4468.65,4470.64,4461.01,4465.59,4480.807171583822,0,0,0,0,0,,3,2,1,0
2026-01-07T10:00:00+08:00,4465.57,4475.78,4459.5,4472.27,4480.47238054132,0,0,0,0,0,,3,2,1,0
2026-01-07T10:15:00+08:00,4472.42,4475.03,4468.5,4473.82,4480.211502873032,0,0,0,0,0,,3,2,1,0
2026-01-07T10:30:00+08:00,4473.71,4478.57,4473.52,4475.84,4480.040071387815,0,0,0,0,0,,3,2,1,0
2026-01-07T10:45:00+08:00,4475.69,4478.69,4473.6,4474.84,4479.836147019666,0,0,0,0,0,,3,2,1,0
2026-01-07T11:00:00+08:00,4474.71,4477.15,4471.78,4474.77,4479.637474587522,0,0,0,0,0,,3,2,1,0
2026-01-07T11:15:00+08:00,4474.85,4480.37,4472.87,4476.42,4479.511299113501,0,0,0,0,0,,3,2,1,0
2026-01-07T11:30:00+08:00,4476.46,4478.87,4475.66,4478.44,4479.46928738356,0,0,0,0,0,,3,2,1,0
2026-01-07T11:45:00+08:00,4478.28,4478.54,4473.7,4474.73,4479.283432976362,0,0,0,0,0,,3,2,1,0
2026-01-07T12:00:00+08:00,4474.59,4476.22,4469.22,4470.46,4478.937415996897,0,0,0,0,0,,3,2,1,0
2026-01-07T12:15:00+08:00,4470.26,4472.02,4465.85,4466.04,4478.431634977411,0,0,0,0,0,,3,2,1,0
2026-01-07T12:30:00+08:00,4466.06,4468.72,4463.56,4465.4,4477.920590468492,0,0,0,0,0,,3,2,1,0
2026-01-07T12:45:00+08:00,4465.31,4467.23,4463.87,4464.78,4477.405273195218,0,0,0,0,0,,3,2,1,0
2026-01-07T13:00:00+08:00,4464.77,4467.1,4461.86,4465.81,4476.950556599327,0,0,0,0,0,,3,2,1,0
2026-01-07T13:15:00+08:00,4465.82,4470.45,4465.2,4468.81,4476.631319085628,0,0,0,0,0,,3,2,1,0
2026-01-07T13:30:00+08:00,4468.79,4469.39,4448.32,4452.47,4475.683816376388,0,0,0,0,0,,3,2,1,0
2026-01-07T13:45:00+08:00,4452.52,4454.71,4443.23,4454.26,4474.843666714569,0,0,0,0,0,,3,2,1,0
2026-01-07T14:00:00+08:00,4454.27,4459.13,4452.94,4456.24,4474.114111157135,0,0,0,0,0,,3,2,1,0
2026-01-07T14:15:00+08:00,4456.24,4460.39,4452.28,4454.87,4473.359440131365,0,0,0,0,1,,3,2,1,0
2026-01-07T14:30:00+08:00,4454.83,4455.5,4443.77,4446.78,4472.317109145821,0,0,0,0,0,,3,2,1,0
2026-01-07T14:45:00+08:00,4446.78,4450.67,4441.15,4444.29,4471.218006826377,0,0,0,0,0,,3,2,1,0
2026-01-07T15:00:00+08:00,4444.3,4451.07,4441.58,4450.16,4470.392202637107,0,0,0,0,0,,3,2,1,0
2026-01-07T15:15:00+08:00,4450.18,4455.06,4448.52,4454.78,4469.779959396436,0,0,0,0,0,,3,2,1,0
2026-01-07T15:30:00+08:00,4454.77,4460.06,4453.56,4458.96,4469.355647263243,0,0,0,0,0,,3,2,1,0
2026-01-07T15:45:00+08:00,4458.98,4464.88,4458.47,4461.09,4469.031504233311,0,0,0,0,0,,3,2,1,0
2026-01-07T16:00:00+08:00,4460.97,4466.27,4459.17,4465.73,4468.902033479064,0,0,0,0,0,,3,2,1,0
2026-01-07T16:15:00+08:00,4465.89,4468.48,4463.57,4465.04,4468.750581185767,0,0,0,0,0,,3,2,1,0
2026-01-07T16:30:00+08:00,4464.86,4474.69,4464.09,4466.73,4468.671342707894,1,0,0,0,0,,3,2,1,0
2026-01-07T16:45:00+08:00,4466.88,4470.66,4465.45,4468.34,4468.658348876212,0,0,0,0,0,,3,2,1,0
2026-01-07T17:00:00+08:00,4467.69,4468.71,4459.39,4465.93,4468.551354802635,0,0,0,0,0,,3,2,1,0
2026-01-07T17:15:00+08:00,4465.99,4467.22,4461.87,4462.22,4468.303066379002,0,0,0,0,0,,3,2,1,0
2026-01-07T17:30:00+08:00,4462.22,4464.52,4460.9,4461.61,4468.0405931876685,0,0,0,0,0,,3,2,1,0
2026-01-07T17:45:00+08:00,4461.64,4465.57,4460.08,4463.52,4467.863315023446,0,0,0,0,0,,3,2,1,0
2026-01-07T18:00:00+08:00,4463.12,4465.69,4461.53,4464.87,4467.745930120566,0,0,0,0,0,,3,2,1,0
2026-01-07T18:15:00+08:00,4464.87,4466.67,4458.61,4459.98,4467.441383841328,0,0,0,0,0,,3,2,1,0
2026-01-07T18:30:00+08:00,4459.73,4467.24,4458.67,4466.1,4467.388780553433,0,0,0,0,0,,3,2,1,0
2026-01-07T18:45:00+08:00,4466.11,4467.83,4463.68,4464.39,4467.271181316044,0,0,0,0,0,,3,2,1,0
2026-01-07T19:00:00+08:00,4464.48,4464.97,4460.97,4461.72,4467.053487931101,0,0,0,0,0,,3,2,1,0
2026-01-07T19:15:00+08:00,4461.77,4464.37,4455.09,4458.89,4466.733351149489,0,0,0,0,0,,3,2,1,0
2026-01-07T19:30:00+08:00,4458.91,4460.18,4450.6,4450.61,4466.1010628691165,0,0,0,0,0,,3,2,1,0
2026-01-07T19:45:00+08:00,4450.76,4454.75,4446.54,4447.54,4465.37317805072,0,0,0,0,0,,3,2,1,0
2026-01-07T20:00:00+08:00,4447.51,4450.26,4443.61,4445.55,4464.595798519319,0,0,0,0,0,,3,2,1,0
2026-01-07T20:15:00+08:00,4445.54,4450.56,4439.1,4450.07,4464.026159361699,0,0,0,0,0,,3,2,1,0
2026-01-07T20:30:00+08:00,4449.88,4455.21,4449.42,4450.06,4463.478466837711,0,0,0,0,0,,3,2,1,0
2026-01-07T20:45:00+08:00,4450.11,4453.9,4445.03,4445.03,4462.754997549957,0,0,0,0,0,,3,2,1,0
2026-01-07T21:00:00+08:00,4445.03,4449.98,4427.57,4433.56,4461.610095685252,0,0,0,0,0,,3,2,1,0
2026-01-07T21:15:00+08:00,4433.45,4447.23,4430.04,4442,4460.841072325046,0,0,0,0,0,,3,2,1,0
2026-01-07T21:30:00+08:00,4441.76,4450.76,4438.04,4445.54,4460.241030273084,0,0,0,0,0,,3,2,1,0
2026-01-07T21:45:00+08:00,4446.23,4452.99,4444.95,4452.8,4459.949225164336,0,0,0,0,0,,3,2,1,0
2026-01-07T22:00:00+08:00,4452.52,4454.3,4447.15,4447.21,4459.4496477069115,0,0,0,0,0,,3,2,1,0
2026-01-07T22:15:00+08:00,4447.21,4453.62,4442.76,4444.79,4458.874759561542,0,0,0,0,0,,3,2,1,0
2026-01-07T22:30:00+08:00,4444.77,4452.34,4435.58,4444.08,4458.29457291207,0,0,0,0,0,,3,2,1,0
2026-01-07T22:45:00+08:00,4444.32,4453.04,4440.95,4445.48,4457.7920406410085,0,0,0,0,0,,3,2,1,0
2026-01-07T23:00:00+08:00,4442.54,4444.67,4426.15,4426.37,4456.559803753125,0,0,0,0,0,,3,2,1,0
2026-01-07T23:15:00+08:00,4426.47,4442.44,4423.17,4441.96,4455.987262429473,0,0,0,0,0,,3,2,1,0
2026-01-07T23:30:00+08:00,4442.16,4452.14,4441.92,4442.06,4455.441095275376,0,1,0,0,0,,3,2,1,0
2026-01-07T23:45:00+08:00,4442.11,4448.02,4440.62,4446.23,4455.079875852813,0,0,0,0,0,,3,2,1,0
2026-01-08T00:00:00+08:00,4446.04,4450.38,4443.8,4447.18,4454.770076799761,0,0,0,0,0,,3,2,1,0
2026-01-08T00:15:00+08:00,4447.35,4461.08,4444.77,4457.94,4454.894387513496,0,0,0,0,0,,3,2,1,0
2026-01-08T00:30:00+08:00,4457.97,4467.81,4456.99,4467.74,4455.398137022771,0,0,0,0,0,,3,2,1,0
2026-01-08T00:45:00+08:00,4467.7,4468.4,4461.91,4464.28,4455.746445374819,0,0,0,0,0,,3,2,1,0
2026-01-08T01:00:00+08:00,4464.28,4465.47,4457.79,4460.27,4455.923839673846,0,0,0,0,0,,3,2,1,0
2026-01-08T01:15:00+08:00,4460.3,4463.05,4457.2,4458.51,4456.025257725852,0,0,0,0,0,,3,2,1,0
2026-01-08T01:30:00+08:00,4458.89,4461.5,4455.98,4456.98,4456.062698599348,0,0,0,0,0,,3,2,1,0
2026-01-08T01:45:00+08:00,4456.95,4459.38,4449.75,4451.94,4455.901024144471,0,0,0,0,0,,3,2,1,0
2026-01-08T02:00:00+08:00,4451.79,4452.92,4447.98,4449.93,4455.666866334884,0,0,0,0,0,,3,2,1,0
2026-01-08T02:15:00+08:00,4449.76,4455.82,4447.17,4452.25,4455.532871576653,0,0,0,0,0,,3,2,1,0
2026-01-08T02:30:00+08:00,4452.19,4458.87,4451.62,4456.15,4455.557072691294,0,0,0,0,0,,3,2,1,0
2026-01-08T02:45:00+08:00,4456.15,4456.48,4450.3,4452.17,4455.424246311243,0,0,0,0,0,,3,2,1,0
2026-01-08T03:00:00+08:00,4452.18,4455.43,4447.74,4449.45,4455.189962142174,0,0,0,0,0,,3,2,1,0
2026-01-08T03:15:00+08:00,4449.54,4450.93,4445.27,4450.66,4455.0123165679715,0,0,0,0,0,,3,2,1,0
2026-01-08T03:30:00+08:00,4450.62,4457.38,4450.46,4453.17,4454.940068859423,0,0,1,0,0,,3,2,1,0
2026-01-08T03:45:00+08:00,4453.14,4458,4451.97,4456.85,4455.014968119838,0,0,0,0,0,,3,2,1,0
2026-01-08T04:00:00+08:00,4456.84,4459.52,4455.47,4458.2,4455.1398713308245,0,0,0,0,0,,3,2,1,0
2026-01-08T04:15:00+08:00,4458.2,4461.55,4455.88,4458.12,4455.256739121773,0,0,0,0,0,,3,2,1,0
2026-01-08T04:30:00+08:00,4458.11,4460.52,4456.47,4456.81,4455.317651313076,0,0,0,0,0,,3,2,1,0
2026-01-08T04:45:00+08:00,4456.69,4459.8,4450.58,4451.99,4455.187155183151,0,0,0,0,0,,3,2,1,0
2026-01-08T05:00:00+08:00,4452.14,4454.57,4449.72,4453.78,4455.1319726269485,0,0,0,0,0,,3,2,1,0
2026-01-08T05:15:00+08:00,4454.02,4455.15,4451.9,4452.38,4455.024052131774,0,0,0,0,0,,3,2,1,0
2026-01-08T05:30:00+08:00,4452.54,4454.46,4452.2,4453.14,4454.95016773445,0,0,0,0,0,,3,2,1,0
2026-01-08T05:45:00+08:00,4453.13,4456.6,4452.67,4456.51,4455.011337627217,0,0,0,0,0,,3,2,1,0
2026-01-08T07:00:00+08:00,4459.46,4462.85,4458.42,4459.89,4455.202657720267,0,0,0,0,0,,3,2,1,0
2026-01-08T07:15:00+08:00,4459.74,4464.01,4459.32,4462.03,4455.470396633197,0,0,0,0,0,,3,2,1,0
2026-01-08T07:30:00+08:00,4462.05,4462.94,4459.48,4461.81,4455.719008529934,0,0,0,0,0,,3,2,1,0
2026-01-08T07:45:00+08:00,4461.47,4463.95,4459.82,4463.55,4456.026106234643,0,0,0,0,0,,3,2,1,0
2026-01-08T08:00:00+08:00,4463.54,4465.96,4462.38,4465.65,4456.403513833284,0,0,0,0,0,,3,2,1,0
2026-01-08T08:15:00+08:00,4465.66,4466.47,4454.02,4457.04,4456.428474075115,0,0,0,0,0,,3,2,1,0
2026-01-08T08:30:00+08:00,4457.04,4458.99,4450.24,4451.6,4456.239122150601,0,0,0,0,0,,3,2,1,0
2026-01-08T08:45:00+08:00,4451.32,4452.46,4446.87,4450.19,4456.001901674107,0,0,0,0,0,,3,2,1,0
2026-01-08T09:00:00+08:00,4449.98,4460.44,4444.18,4457.23,4456.050062392769,0,0,0,0,0,,3,2,1,0
2026-01-08T09:15:00+08:00,4457.29,4460.25,4454.22,4455.03,4456.010059945994,0,0,0,0,0,,3,2,1,0
2026-01-08T09:30:00+08:00,4455.1,4457.53,4445.87,4447.74,4455.685743869681,0,0,0,0,0,,3,2,1,0
2026-01-08T09:45:00+08:00,4447.78,4448.53,4441.66,4448.32,4455.396891168909,0,0,0,0,0,,3,2,1,0
2026-01-08T10:00:00+08:00,4448.34,4449.7,4440.05,4446.55,4455.049954260325,0,0,0,0,0,,3,2,1,0
2026-01-08T10:15:00+08:00,4446.57,4446.65,4440.74,4441.33,4454.511916838351,0,0,0,0,0,,3,2,1,0
2026-01-08T10:30:00+08:00,4441.18,4442.65,4433.31,4441.98,4454.020469119199,0,0,0,0,0,,3,2,1,0
2026-01-08T10:45:00+08:00,4441.97,4444.03,4437.35,4441.23,4453.518882094917,0,0,0,0,0,,3,2,1,0
2026-01-08T11:00:00+08:00,4441.19,4445.75,4438.79,4442.8,4453.098533777469,0,0,0,0,0,,3,2,1,0
2026-01-08T11:15:00+08:00,4442.6,4445.9,4437.23,4444.3,4452.753493237176,0,0,0,0,0,,3,2,1,0
2026-01-08T11:30:00+08:00,4444.27,4446.55,4439.98,4442.07,4452.334532718071,0,0,0,0,0,,3,2,1,0
2026-01-08T11:45:00+08:00,4442.09,4442.89,4438.12,4440.36,4451.8649431997155,0,0,0,0,0,,3,2,1,0
2026-01-08T12:00:00+08:00,4440.39,4440.45,4436.61,4440.18,4451.40671013306,0,0,0,0,0,,3,2,1,0
2026-01-08T12:15:00+08:00,4440.05,4440.52,4436.5,4436.52,4450.822917578823,0,0,0,0,0,,3,2,1,0
2026-01-08T12:30:00+08:00,4436.51,4438.86,4431.98,4431.98,4450.083979634555,0,0,0,0,0,,3,2,1,0
2026-01-08T12:45:00+08:00,4432.02,4433.35,4430.19,4431.51,4449.355588276338,0,0,0,0,0,,3,2,1,0
2026-01-08T13:00:00+08:00,4431.4,4432.38,4425.8,4427.2,4448.486741677266,0,0,0,0,0,,3,2,1,0
2026-01-08T13:15:00+08:00,4427.18,4429.75,4422.72,4426.25,4447.614712591883,0,0,0,0,0,,3,2,1,0
2026-01-08T13:30:00+08:00,4426.06,4426.84,4415.56,4418.37,4446.467861117691,0,0,0,0,0,,3,2,1,0
2026-01-08T13:45:00+08:00,4418.62,4427.94,4415.64,4425.67,4445.652258720919,0,0,0,0,0,,3,2,1,0
2026-01-08T14:00:00+08:00,4425.52,4429.42,4415.85,4421.07,4444.688248575001,0,0,0,0,0,,3,2,1,0
2026-01-08T14:15:00+08:00,4421.04,4428.38,4418.59,4426.15,4443.961258434805,0,0,0,0,0,,3,2,1,0
2026-01-08T14:30:00+08:00,4426.16,4437.86,4426.16,4435.63,4443.634542417754,0,0,0,0,0,,3,2,1,0
2026-01-08T14:45:00+08:00,4435.6,4436.08,4429.8,4433.4,4443.233187813136,0,0,0,0,0,,3,2,1,0
2026-01-08T15:00:00+08:00,4433.39,4439.75,4432.14,4436.01,4442.949925545954,0,0,0,0,0,,3,2,1,0
2026-01-08T15:15:00+08:00,4436.01,4437.08,4430.79,4436.46,4442.695418661799,0,0,0,0,0,,3,2,1,0
2026-01-08T15:30:00+08:00,4436.45,4436.87,4431.01,4431.48,4442.25559832212,0,0,0,0,0,,3,2,1,0
2026-01-08T15:45:00+08:00,4431.49,4433.99,4428.34,4430.98,4441.813417995762,0,0,0,0,0,,3,2,1,0
2026-01-08T16:00:00+08:00,4430.92,4433.13,4425.51,4425.93,4441.190538858674,0,0,0,0,0,,3,2,1,0
2026-01-08T16:15:00+08:00,4425.92,4430.73,4425.41,4426.96,4440.632478511275,0,0,0,0,0,,3,2,1,0
2026-01-08T16:30:00+08:00,4426.95,4428.61,4419.78,4421.01,4439.862969550049,1,0,0,0,0,,3,2,1,0
2026-01-08T16:45:00+08:00,4421.36,4432.85,4421.15,4431.61,4439.539323685341,0,0,0,0,0,,3,2,1,0
2026-01-08T17:00:00+08:00,4431.61,4435.5,4430.49,4430.97,4439.203271776111,0,0,0,0,0,,3,2,1,0
2026-01-08T17:15:00+08:00,4431.06,4431.32,4426,4430.2,4438.850202294695,0,0,0,0,0,,3,2,1,0
2026-01-08T17:30:00+08:00,4430.41,4434.75,4429.78,4433.42,4438.637253185099,0,0,0,0,0,,3,2,1,0
2026-01-08T17:45:00+08:00,4433.28,4433.45,4429.06,4432.59,4438.40010600137,0,0,0,0,0,,3,2,1,0
2026-01-08T18:00:00+08:00,4432.52,4432.85,4427.72,4429.24,4438.040886158179,0,0,0,0,0,,3,2,1,0
2026-01-08T18:15:00+08:00,4429.22,4430.59,4422.95,4424.54,4437.511439642172,0,0,0,0,0,,3,2,1,0
2026-01-08T18:30:00+08:00,4424.51,4434.68,4423.73,4432.59,4437.318442009146,0,0,0,0,0,,3,2,1,0
2026-01-08T18:45:00+08:00,4432.63,4433.93,4429.88,4433.29,4437.16046389114,0,0,0,0,0,,3,2,1,0
2026-01-08T19:00:00+08:00,4433.3,4433.3,4427.65,4428.47,4436.819661385605,0,0,0,0,0,,3,2,1,0
2026-01-08T19:15:00+08:00,4428.33,4429.62,4424.82,4426.36,4436.40947858617,0,0,0,0,0,,3,2,1,0
2026-01-08T19:30:00+08:00,4426.51,4427.99,4424.79,4426.38,4436.016165700437,0,0,0,0,0,,3,2,1,0
2026-01-08T19:45:00+08:00,4426.5,4427.39,4422.28,4422.92,4435.50259057493,0,0,0,0,0,,3,2,1,0
2026-01-08T20:00:00+08:00,4422.94,4422.97,4411.84,4412.27,4434.591508591599,0,0,0,0,0,,3,2,1,0
2026-01-08T20:15:00+08:00,4412.39,4422.41,4407.47,4420.54,4434.040469038988,0,0,0,0,0,,3,2,1,0
2026-01-08T20:30:00+08:00,4420.53,4431.28,4420.09,4428.91,4433.839274174714,0,0,0,0,0,,3,2,1,0
2026-01-08T20:45:00+08:00,4428.95,4430.4,4426.51,4427.64,4433.596165383548,0,0,0,0,0,,3,2,1,0
2026-01-08T21:00:00+08:00,4427.8,4429.56,4417.21,4420.71,4433.090825564585,0,0,0,0,0,,3,2,1,0
2026-01-08T21:15:00+08:00,4420.52,4436.14,4420.52,4434.49,4433.145695150288,0,0,0,0,0,,3,2,1,0
2026-01-08T21:30:00+08:00,4434.52,4435.59,4425.83,4433.38,4433.154883575767,0,0,0,0,0,,3,2,1,0
2026-01-08T21:45:00+08:00,4433.49,4434.02,4421.67,4423.69,4432.783711670834,0,0,0,0,0,,3,2,1,0
2026-01-08T22:00:00+08:00,4423.83,4428.09,4418.98,4423.36,4432.414154350409,0,0,0,0,0,,3,2,1,0
2026-01-08T22:15:00+08:00,4423.58,4430.29,4419.42,4427.68,4432.228501238628,0,0,0,0,0,,3,2,1,0
2026-01-08T22:30:00+08:00,4427.82,4435.48,4421.69,4426.18,4431.991305111624,0,0,0,0,0,,3,2,1,0
2026-01-08T22:45:00+08:00,4426.07,4439.14,4425.95,4433.19,4432.0383127543055,0,0,0,0,0,,3,2,1,0
2026-01-08T23:00:00+08:00,4432.54,4449.07,4427.88,4448.1,4432.668182842372,0,0,0,0,0,,3,2,1,0
2026-01-08T23:15:00+08:00,4447.93,4453.97,4443.29,4447.65,4433.255705083847,0,0,0,0,0,,3,2,1,0
2026-01-08T23:30:00+08:00,4447.68,4455.55,4446.69,4454.16,4434.075481355068,0,1,0,0,0,,3,2,1,0
2026-01-08T23:45:00+08:00,4453.07,4456.33,4447.66,4454.08,4434.859972282321,0,0,0,0,0,,3,2,1,0
2026-01-09T00:00:00+08:00,4454.21,4457.96,4447.3,4447.34,4435.3493851339945,0,0,0,0,0,,3,2,1,0
2026-01-09T00:15:00+08:00,4447.34,4455.09,4446.84,4453.7,4436.069017089524,0,0,0,0,0,,3,2,1,0
2026-01-09T00:30:00+08:00,4453.55,4464.54,4451.98,4460.81,4437.039251713464,0,0,0,0,0,,3,2,1,0
2026-01-09T00:45:00+08:00,4460.87,4464.23,4457.76,4463.2,4438.065163410975,0,0,0,0,0,,3,2,1,0
2026-01-09T01:00:00+08:00,4463.19,4465.27,4458.24,4460.02,4438.926137394858,0,0,0,0,0,,3,2,1,0
2026-01-09T01:15:00+08:00,4460.06,4462.41,4457.49,4461.72,4439.820014359766,0,0,0,0,0,,3,2,1,0
2026-01-09T01:30:00+08:00,4462.03,4463.58,4459.01,4461.44,4440.667856933893,0,0,0,0,0,,3,2,1,0
2026-01-09T01:45:00+08:00,4461.44,4464.15,4459.24,4463.38,4441.558529210995,0,0,0,0,0,,3,2,1,0
2026-01-09T02:00:00+08:00,4463.16,4463.16,4452.36,4453.91,4442.042900614486,0,0,0,0,0,,3,2,1,0
2026-01-09T02:15:00+08:00,4453.99,4456.67,4449.43,4452.2,4442.441218237447,0,0,0,0,0,,3,2,1,0
2026-01-09T02:30:00+08:00,4452.1,4453.64,4447.93,4452.33,4442.829013600684,0,0,0,0,0,,3,2,1,0
2026-01-09T02:45:00+08:00,4452.34,4455.03,4449.26,4449.65,4443.096503263403,0,0,0,0,0,,3,2,1,0
2026-01-09T03:00:00+08:00,4449.65,4451.27,4446.91,4447.4,4443.265267841309,0,0,0,0,0,,3,2,1,0
2026-01-09T03:15:00+08:00,4447.41,4449.88,4444.71,4447.71,4443.439571063218,0,0,0,0,0,,3,2,1,0
2026-01-09T03:30:00+08:00,4447.63,4452.91,4447.58,4451.66,4443.761940825445,0,0,1,0,0,,3,2,1,0
2026-01-09T03:45:00+08:00,4451.68,4452.94,4449.59,4452.21,4444.093237263663,0,0,0,0,0,,3,2,1,0
2026-01-09T04:00:00+08:00,4452.22,4459.03,4451.38,4458.13,4444.64369854744,0,0,0,0,0,,3,2,1,0
2026-01-09T04:15:00+08:00,4458.15,4473.73,4457.37,4469.94,4445.635710369109,0,0,0,0,0,,3,2,1,0
2026-01-09T04:30:00+08:00,4470.16,4478.16,4470.16,4473.54,4446.729996236987,0,0,0,0,0,,3,2,1,0
2026-01-09T04:45:00+08:00,4473.75,4477.99,4472.1,4476.03,4447.879015992399,0,0,0,0,0,,3,2,1,0
2026-01-09T05:00:00+08:00,4475.99,4479.45,4475.99,4477.72,4449.049250659364,0,0,0,0,0,,3,2,1,0
2026-01-09T05:15:00+08:00,4477.69,4478.51,4472.66,4475.06,4450.069280045271,0,0,0,0,0,,3,2,1,0
2026-01-09T05:30:00+08:00,4475.07,4475.76,4472.68,4474.08,4451.010876906241,0,0,0,0,0,,3,2,1,0
2026-01-09T05:45:00+08:00,4474.04,4478.58,4473.48,4477.36,4452.044175851094,0,0,0,0,0,,3,2,1,0
2026-01-09T07:00:00+08:00,4482.65,4483.99,4475.37,4476.87,4453.017737582424,0,0,0,0,0,,3,2,1,0
2026-01-09T07:15:00+08:00,4477,4478.68,4475.06,4477.03,4453.959394932133,0,0,0,0,0,,3,2,1,0
2026-01-09T07:30:00+08:00,4477.14,4477.41,4475.18,4475.69,4454.81157552303,0,0,0,0,0,,3,2,1,0
2026-01-09T07:45:00+08:00,4475.82,4476.3,4472.78,4475.59,4455.626415698597,0,0,0,0,0,,3,2,1,0
2026-01-09T08:00:00+08:00,4475.58,4476.7,4471.33,4471.59,4456.252438612378,0,0,0,0,0,,3,2,1,0
2026-01-09T08:15:00+08:00,4471.58,4472.86,4463.37,4465.62,4456.619793960912,0,0,0,0,0,,3,2,1,0
2026-01-09T08:30:00+08:00,4465.84,4468.79,4463.86,4467.88,4457.061370668327,0,0,0,0,0,,3,2,1,0
2026-01-09T08:45:00+08:00,4467.8,4467.89,4459.87,4462.35,4457.268767897021,0,0,0,0,0,,3,2,1,0
2026-01-09T09:00:00+08:00,4463.52,4465.69,4452.67,4459.06,4457.339012293216,0,0,0,0,0,,3,2,1,0
2026-01-09T09:15:00+08:00,4459.01,4461.6,4452.95,4457.31,4457.337874556227,0,0,0,0,0,,3,2,1,0
2026-01-09T09:30:00+08:00,4457.28,4463.42,4456.06,4462.44,4457.537957906963,0,0,0,0,0,,3,2,1,0
2026-01-09T09:45:00+08:00,4462.67,4470,4462.48,4468.93,4457.98470465571,0,0,0,0,0,,3,2,1,0
2026-01-09T10:00:00+08:00,4468.85,4476.42,4468.85,4471.95,4458.532363296662,0,0,0,0,0,,3,2,1,0
2026-01-09T10:15:00+08:00,4471.97,4474.53,4469.89,4472.46,4459.078545128165,0,0,0,0,0,,3,2,1,0
2026-01-09T10:30:00+08:00,4472.45,4475.41,4468.12,4473.32,4459.637033554512,0,0,0,0,0,,3,2,1,0
2026-01-09T10:45:00+08:00,4473.28,4473.75,4465.75,4469.42,4460.020679297472,0,0,0,1,0,,3,2,1,0
2026-01-09T11:00:00+08:00,4469.43,4470.05,4462.13,4464.24,4460.186142854434,0,0,0,0,0,,3,2,1,0
2026-01-09T11:15:00+08:00,4464.23,4466.43,4460.85,4463.37,4460.310999997398,0,0,0,0,0,,3,2,1,0
2026-01-09T11:30:00+08:00,4463.55,4465.57,4460.42,4463.96,4460.454098036716,0,0,0,0,0,,3,2,1,0
2026-01-09T11:45:00+08:00,4464.01,4465.91,4463.65,4464.12,4460.597858898021,0,0,0,0,0,,3,2,1,0
2026-01-09T12:00:00+08:00,4464.11,4465.65,4462.29,4462.61,4460.6767663922155,0,0,0,0,0,,3,2,1,0
2026-01-09T12:15:00+08:00,4462.65,4463.98,4460.73,4462.88,4460.763167710168,0,0,0,0,0,,3,2,1,0
2026-01-09T12:30:00+08:00,4462.85,4464.81,4461.46,4463.3,4460.8626513293775,0,0,0,0,0,,3,2,1,0
2026-01-09T12:45:00+08:00,4463.27,4467,4461.83,4464.81,4461.01744931646,0,0,0,0,0,,3,2,1,0
2026-01-09T13:00:00+08:00,4464.7,4466.85,4461.58,4463.03,4461.096372872677,0,0,0,0,0,,3,2,1,0
2026-01-09T13:15:00+08:00,4463.03,4465.08,4458.22,4464.67,4461.236515112964,0,0,0,0,0,,3,2,1,0
2026-01-09T13:30:00+08:00,4465.13,4471.76,4464.72,4467.4,4461.478220402652,0,0,0,0,0,,3,2,1,0
2026-01-09T13:45:00+08:00,4467.65,4469.27,4465.46,4468.17,4461.7406431319605,0,0,0,0,0,,3,2,1,0
2026-01-09T14:00:00+08:00,4468.18,4471.01,4466.05,4467.39,4461.962186538551,0,0,0,0,0,,3,2,1,0
2026-01-09T14:15:00+08:00,4467.38,4473.38,4466.09,4473.38,4462.409943929196,0,0,0,0,0,,3,2,1,0
2026-01-09T14:30:00+08:00,4473.43,4475.77,4472.96,4475.09,4462.9072010300115,0,0,0,0,0,,3,2,1,0
2026-01-09T14:45:00+08:00,4475.13,4477.39,4472.88,4474.07,4463.344957852364,0,0,0,0,0,,3,2,1,0
2026-01-09T15:00:00+08:00,4474.09,4475.48,4470.7,4471.4,4463.660841858154,0,0,0,0,0,,3,2,1,0
2026-01-09T15:15:00+08:00,4471.41,4473.11,4468.64,4470.28,4463.920416687246,0,0,0,0,0,,3,2,1,0
2026-01-09T15:30:00+08:00,4470.61,4472.94,4468.73,4471.6,4464.221576817158,0,0,0,0,0,,3,2,1,0
2026-01-09T15:45:00+08:00,4471.6,4473.42,4469.53,4470.17,4464.4548483145245,0,0,0,0,0,,3,2,1,0
2026-01-09T16:00:00+08:00,4470.39,4476.81,4466.33,4474.45,4464.846815047288,0,0,0,0,0,,3,2,1,0
2026-01-09T16:15:00+08:00,4474.46,4475.28,4472.52,4473.23,4465.175567398375,0,0,0,0,0,,3,2,1,0
2026-01-09T16:30:00+08:00,4473.21,4473.83,4465.41,4466.88,4465.242407892557,1,0,0,0,0,,3,2,1,0
2026-01-09T16:45:00+08:00,4466.81,4468.53,4463.84,4468.44,4465.3678036614765,0,0,0,0,0,,3,2,1,0
2026-01-09T17:00:00+08:00,4468.38,4474.83,4468.29,4474.83,4465.738870184556,0,0,0,0,0,,3,2,1,0
2026-01-09T17:15:00+08:00,4474.64,4477.65,4473.18,4473.83,4466.056169393005,0,0,0,0,0,,3,2,1,0
2026-01-09T17:30:00+08:00,4473.98,4475.18,4471.53,4471.83,4466.282594122691,0,0,0,0,0,,3,2,1,0
2026-01-09T17:45:00+08:00,4471.76,4474.38,4470.64,4471.11,4466.471904157095,0,0,0,0,0,,3,2,1,0
2026-01-09T18:00:00+08:00,4471.04,4474.13,4469.8,4471.94,4466.68633928819,0,0,0,1,0,,3,2,1,0
2026-01-09T18:15:00+08:00,4471.93,4473.84,4468.96,4469.19,4466.784522061202,0,0,0,0,0,,3,2,1,0
2026-01-09T18:30:00+08:00,4469.17,4472.43,4468.15,4469.16,4466.877678058801,0,0,0,0,0,,3,2,1,0
2026-01-09T18:45:00+08:00,4469.13,4472.74,4467.22,4472.68,4467.105220095711,0,0,0,0,0,,3,2,1,0
2026-01-09T19:00:00+08:00,4472.77,4474.67,4469.91,4472.04,4467.298740876271,0,0,0,0,0,,3,2,1,0
2026-01-09T19:15:00+08:00,4472.15,4473.08,4470.47,4470.76,4467.434476528182,0,0,0,0,0,,3,2,1,0
2026-01-09T19:30:00+08:00,4470.77,4471.98,4469.15,4470.62,4467.559399017273,0,0,0,0,0,,3,2,1,0
2026-01-09T19:45:00+08:00,4470.62,4476.28,4468.84,4475.41,4467.867265722478,0,0,0,0,0,,3,2,1,0
2026-01-09T20:00:00+08:00,4475.42,4480.29,4472.16,4474.12,4468.112470988263,0,0,0,0,0,,3,2,1,0
2026-01-09T20:15:00+08:00,4474.05,4474.85,4467.01,4467.63,4468.093550557351,0,0,0,0,0,,3,2,1,0
2026-01-09T20:30:00+08:00,4467.94,4468.84,4460.94,4465.98,4468.010666221769,0,0,0,0,0,,3,2,1,0
2026-01-09T20:45:00+08:00,4465.98,4468.33,4463.68,4465.93,4467.929071467974,0,0,0,0,0,,3,2,1,0
2026-01-09T21:00:00+08:00,4466.01,4473.76,4463.67,4467.63,4467.917343175112,0,0,0,0,0,,3,2,1,0
2026-01-09T21:15:00+08:00,4467.57,4474.55,4462.08,4472.89,4468.112349325108,0,0,0,0,0,,3,2,1,0
2026-01-09T21:30:00+08:00,4472.65,4491.91,4458.12,4486.89,4468.848727782947,0,0,0,0,0,,3,2,1,0
2026-01-09T21:45:00+08:00,4487.2,4488.79,4479,4482.81,4469.396228654205,0,0,0,0,0,,3,2,1,0
2026-01-09T22:00:00+08:00,4482.91,4496.49,4480.71,4489.3,4470.1767687069805,0,0,0,0,0,,3,2,1,0
2026-01-09T22:15:00+08:00,4489.8,4495.87,4483.68,4494.56,4471.132973855726,0,0,0,0,0,,3,2,1,0
2026-01-09T22:30:00+08:00,4494.63,4498.06,4482.48,4488.02,4471.79521017511,0,0,0,0,0,,3,2,1,0
2026-01-09T22:45:00+08:00,4488.02,4495.29,4479.39,4494.56,4472.687947030988,0,0,0,0,0,,3,2,1,0
2026-01-09T23:00:00+08:00,4494.69,4500.13,4490.29,4496.69,4473.629204010164,0,0,0,0,0,,3,2,1,0
2026-01-09T23:15:00+08:00,4496.69,4510.88,4493.39,4505.5,4474.879039147021,0,0,0,0,0,,3,2,1,0
2026-01-09T23:30:00+08:00,4505.47,4517.2,4505.47,4514.38,4476.428096435373,0,1,0,0,0,,3,2,1,0
2026-01-09T23:45:00+08:00,4514.39,4514.75,4508.59,4512.23,4477.8320926535935,0,0,0,0,0,,3,2,1,0
2026-01-10T00:00:00+08:00,4512.97,4514.18,4499.77,4503.25,4478.828873333845,0,0,0,0,0,,3,2,1,0
2026-01-10T00:15:00+08:00,4503.27,4507.14,4500.33,4503.8,4479.808133203106,0,0,0,0,0,,3,2,1,0
2026-01-10T00:30:00+08:00,4503.81,4507,4500.9,4504.65,4480.782324057886,0,0,0,0,0,,3,2,1,0
2026-01-10T00:45:00+08:00,4504.69,4508.18,4501.94,4506.52,4481.791644683068,0,0,0,0,0,,3,2,1,0
2026-01-10T01:00:00+08:00,4506.36,4511.59,4504.7,4508.87,4482.853540970006,0,0,0,0,0,,3,2,1,0
2026-01-10T01:15:00+08:00,4508.76,4508.8,4502.17,4503.82,4483.675755049614,0,0,0,0,0,,3,2,1,0
2026-01-10T01:30:00+08:00,4503.84,4510.09,4501.35,4502.02,4484.395137204531,0,0,0,0,0,,3,2,1,0
2026-01-10T01:45:00+08:00,4501.88,4503.31,4481.98,4484.75,4484.409053392589,0,0,0,0,0,,3,2,1,0
2026-01-10T02:00:00+08:00,4483.76,4493.3,4483.21,4492.94,4484.74360031837,0,0,0,0,0,,3,2,1,0
2026-01-10T02:15:00+08:00,4492.79,4494.59,4489.72,4491.53,4485.009733639218,0,0,0,0,0,,3,2,1,0
2026-01-10T02:30:00+08:00,4491.33,4504.47,4491.17,4502.28,4485.6869989867,0,0,0,0,0,,3,2,1,0
2026-01-10T02:45:00+08:00,4502.42,4502.86,4495.31,4496.2,4486.0992735362415,0,0,0,0,0,,3,2,1,0
2026-01-10T03:00:00+08:00,4496.22,4498.03,4492.75,4496.97,4486.52557653482,0,0,0,0,0,,3,2,1,0
2026-01-10T03:15:00+08:00,4496.98,4501.68,4496.73,4498.84,4487.008495102082,0,0,0,0,0,,3,2,1,0
2026-01-10T03:30:00+08:00,4498.8,4500.35,4495.85,4496.89,4487.396005098079,0,0,1,0,0,,3,2,1,0
2026-01-10T03:45:00+08:00,4496.9,4501.97,4496.9,4499.33,4487.864004898154,0,0,0,0,0,,3,2,1,0
2026-01-10T04:00:00+08:00,4499.23,4507.22,4497.82,4506.79,4488.606200784501,0,0,0,0,0,,3,2,1,0
2026-01-10T04:15:00+08:00,4506.83,4509.41,4503.61,4505.45,4489.266741930207,0,0,0,0,0,,3,2,1,0
2026-01-10T04:30:00+08:00,4505.56,4506.06,4502.44,4504.04,4489.846085383924,0,0,0,0,0,,3,2,1,0
2026-01-10T04:45:00+08:00,4504.06,4510.04,4503.78,4507.47,4490.537219290437,0,0,0,0,0,,3,2,1,0
2026-01-10T05:00:00+08:00,4507.45,4508.56,4504.98,4508.12,4491.2267401025765,0,0,0,0,0,,3,2,1,0
2026-01-10T05:15:00+08:00,4508.16,4510.51,4507.39,4509.6,4491.947260098554,0,0,0,0,0,,3,2,1,0
2026-01-10T05:30:00+08:00,4509.61,4511.11,4506.06,4510.11,4492.659524408415,0,0,0,0,0,,3,2,1,0
2026-01-10T05:45:00+08:00,4510.28,4510.68,4508.13,4510.04,4493.341111686516,0,0,0,0,0,,3,2,1,0
2026-01-12T07:00:00+08:00,4521.41,4530.67,4512.67,4529.95,4494.776754365476,0,0,0,0,0,,3,2,1,0
2026-01-12T07:15:00+08:00,4529.93,4538.23,4529.3,4537.7,4496.460018900164,0,0,0,0,0,,3,2,1,0
2026-01-12T07:30:00+08:00,4537.9,4544.88,4533.23,4542.42,4498.262371100158,0,0,0,0,0,,3,2,1,0
2026-01-12T07:45:00+08:00,4542.4,4544.07,4538.35,4540.03,4499.900317331524,0,0,0,0,0,,3,2,1,0
2026-01-12T08:00:00+08:00,4540.16,4554.44,4536.11,4553.5,4502.002265671465,0,0,0,0,0,,3,2,1,0
2026-01-12T08:15:00+08:00,4553.33,4566.01,4551.23,4564.64,4504.458647409839,0,0,0,0,0,,3,2,1,0
2026-01-12T08:30:00+08:00,4564.78,4594.11,4562.11,4591.41,4507.868504374159,0,0,0,0,0,,3,2,1,0
2026-01-12T08:45:00+08:00,4591.29,4600.77,4588.09,4588.91,4511.046602241839,0,0,0,0,0,,3,2,1,0
2026-01-12T09:00:00+08:00,4589.1,4594.79,4578.04,4581.82,4513.822029604904,0,0,0,0,0,,3,2,1,0
2026-01-12T09:15:00+08:00,4581.84,4584.26,4573.8,4582.77,4516.525871581182,0,0,0,1,0,,3,2,1,0
2026-01-12T09:30:00+08:00,4583.3,4584.12,4571.74,4573.74,4518.7695628917245,0,0,0,0,0,,3,2,1,0
2026-01-12T09:45:00+08:00,4573.51,4579.02,4570.55,4570.63,4520.803305523422,0,0,0,0,0,,3,2,1,0
2026-01-12T10:00:00+08:00,4570.25,4574.94,4561.88,4567.19,4522.622391581327,0,0,0,0,0,,3,2,1,0
2026-01-12T10:15:00+08:00,4567.09,4570.09,4564.58,4566.34,4524.336807597746,0,0,0,0,0,,3,2,1,0
2026-01-12T10:30:00+08:00,4566.27,4579.1,4562.51,4579.1,4526.484383770384,0,0,0,0,0,,3,2,1,0
2026-01-12T10:45:00+08:00,4579.02,4582.19,4573.57,4577.45,4528.483035387231,0,0,0,0,0,,3,2,1,0
2026-01-12T11:00:00+08:00,4577.37,4580.49,4574.99,4578.53,4530.445661450477,0,0,0,0,0,,3,2,1,0
2026-01-12T11:15:00+08:00,4578.57,4581.27,4576.29,4581.05,4532.430145315164,0,0,0,0,0,,3,2,1,0
2026-01-12T11:30:00+08:00,4581.25,4581.46,4572.6,4572.96,4534.019551381236,0,0,0,0,0,,3,2,1,0
2026-01-12T11:45:00+08:00,4572.96,4574.67,4567.85,4570.67,4535.456823876089,0,0,0,0,0,,3,2,1,0
2026-01-12T12:00:00+08:00,4570.71,4571.28,4565.48,4568.76,4536.762830782909,0,0,0,0,0,,3,2,1,0
2026-01-12T12:15:00+08:00,4568.83,4572.21,4567.18,4568.6,4538.011347222795,0,0,0,0,0,,3,2,1,0
2026-01-12T12:30:00+08:00,4568.66,4570.09,4563.26,4568,4539.187372821901,0,0,0,0,0,,3,2,1,0
2026-01-12T12:45:00+08:00,4567.96,4570.19,4566.27,4568.53,4540.338064083787,0,0,0,0,0,,3,2,1,0
2026-01-12T13:00:00+08:00,4568.55,4572.12,4566.13,4570.03,4541.502453727559,0,0,0,0,0,,3,2,1,0
2026-01-12T13:15:00+08:00,4570.22,4573.82,4569.58,4572.54,4542.71961240491,0,0,0,0,0,,3,2,1,0
2026-01-12T13:30:00+08:00,4572.04,4583.07,4570.09,4581.7,4544.248255055698,0,0,0,0,0,,3,2,1,0
2026-01-12T13:45:00+08:00,4581.72,4585.06,4578.72,4580.97,4545.6883234848865,0,0,0,0,0,,3,2,1,0
2026-01-12T14:00:00+08:00,4580.96,4581.07,4571.61,4572.64,4546.745251975675,0,0,0,0,0,,3,2,1,0
2026-01-12T14:15:00+08:00,4572.65,4576.02,4569.87,4573.81,4547.806614643296,0,0,0,0,0,,3,2,1,0
2026-01-12T14:30:00+08:00,4573.8,4576.48,4571.97,4574.54,4548.8549826965,0,0,0,0,0,,3,2,1,0
2026-01-12T14:45:00+08:00,4574.54,4579.93,4573.86,4578.62,4550.02223827703,0,0,0,0,0,,3,2,1,0
2026-01-12T15:00:00+08:00,4578.88,4583.76,4574.49,4583.39,4551.33077795244,0,0,0,0,0,,3,2,1,0
2026-01-12T15:15:00+08:00,4583.42,4587.64,4578.86,4581.58,4552.517021954305,0,0,0,0,0,,3,2,1,0
2026-01-12T15:30:00+08:00,4581.53,4585.36,4578.61,4583.73,4553.741060309038,0,0,0,0,0,,3,2,1,0
2026-01-12T15:45:00+08:00,4583.76,4589.57,4583.29,4587.66,4555.071214806723,0,0,0,0,0,,3,2,1,0
2026-01-12T16:00:00+08:00,4587.76,4589.5,4581.91,4583.47,4556.18489265744,0,0,0,0,0,,3,2,1,0
2026-01-12T16:15:00+08:00,4583.5,4584.48,4579.58,4583.66,4557.262347847344,0,0,0,0,0,,3,2,1,0
2026-01-12T16:30:00+08:00,4583.67,4589.64,4581.82,4585.56,4558.372059696468,1,0,0,0,0,,3,2,1,0
2026-01-12T16:45:00+08:00,4585.5,4598.28,4585.19,4596.93,4559.884135786802,0,0,0,0,0,,3,2,1,0
2026-01-12T17:00:00+08:00,4596.94,4597.79,4593.37,4597.14,4561.345150069673,0,0,0,0,0,,3,2,1,0
2026-01-12T17:15:00+08:00,4597.19,4599.35,4594.21,4596.5,4562.7237716355685,0,0,0,0,0,,3,2,1,0
2026-01-12T17:30:00+08:00,4596.49,4596.95,4593.58,4595.52,4564.009898238095,0,0,0,0,0,,3,2,1,0
2026-01-12T17:45:00+08:00,4595.53,4595.68,4587.71,4589.23,4564.998921836601,0,0,0,0,0,,3,2,1,0
2026-01-12T18:00:00+08:00,4589.22,4593.49,4586,4592.25,4566.067591568499,0,0,0,0,0,,3,2,1,0
2026-01-12T18:15:00+08:00,4592.25,4594.12,4588.86,4592.36,4567.09866640895,0,0,0,0,0,,3,2,1,0
2026-01-12T18:30:00+08:00,4592.76,4594.56,4586.58,4589.89,4567.992444196834,0,0,0,0,0,,3,2,1,0
2026-01-12T18:45:00+08:00,4589.95,4595.45,4589.7,4594.17,4569.019015012645,0,0,0,0,0,,3,2,1,0
2026-01-12T19:00:00+08:00,4594.14,4594.92,4590.44,4591.08,4569.884151678815,0,0,0,0,0,,3,2,1,0
2026-01-12T19:15:00+08:00,4591.12,4593.84,4583.68,4585.21,4570.485165338469,0,0,0,0,0,,3,2,1,0
2026-01-12T19:30:00+08:00,4585.14,4592.11,4584.32,4591.98,4571.328100031078,0,0,0,0,0,,3,2,1,0
2026-01-12T19:45:00+08:00,4592.09,4592.17,4581.62,4585.15,4571.870135323977,0,0,0,0,0,,3,2,1,0
2026-01-12T20:00:00+08:00,4584.96,4586.77,4579.58,4582.26,4572.2775809975465,0,0,0,0,0,,3,2,1,0
2026-01-12T20:15:00+08:00,4582.11,4582.95,4578.33,4582.79,4572.689832723133,0,0,0,0,0,,3,2,1,0
2026-01-12T20:30:00+08:00,4582.96,4586.97,4582.19,4586.33,4573.224741243795,0,0,0,0,0,,3,2,1,0
2026-01-12T20:45:00+08:00,4586.13,4590.7,4585.3,4590.54,4573.90377099894,0,0,0,0,0,,3,2,1,0
2026-01-12T21:00:00+08:00,4590.56,4609.39,4588.6,4606.69,4575.18950546957,0,0,0,0,0,,3,2,1,0
2026-01-12T21:15:00+08:00,4606.94,4611.19,4604.31,4605.12,4576.363250353116,0,0,0,0,0,,3,2,1,0
2026-01-12T21:30:00+08:00,4605,4613.18,4605,4609.02,4577.643907202014,0,0,0,0,0,,3,2,1,0
2026-01-12T21:45:00+08:00,4609.05,4620.08,4607.95,4615.87,4579.14296966468,0,0,0,0,0,,3,2,1,0
2026-01-12T22:00:00+08:00,4615.86,4617.21,4592.46,4596.48,4579.822853207242,0,0,0,0,0,,3,2,1,0
2026-01-12T22:15:00+08:00,4596.5,4599.73,4584.89,4586.98,4580.103525630487,0,0,0,0,0,,3,2,1,0
2026-01-12T22:30:00+08:00,4586.39,4611.29,4585.54,4604.3,4581.0524069783105,0,0,0,0,0,,3,2,1,0
2026-01-12T22:45:00+08:00,4603.53,4608.25,4597.56,4602.25,4581.883685136024,0,0,0,0,0,,3,2,1,0
2026-01-12T23:00:00+08:00,4602.06,4619.3,4602.06,4617.51,4583.280795522846,0,0,0,0,0,,3,2,1,0
2026-01-12T23:15:00+08:00,4617.52,4622.16,4610.53,4619.66,4584.707430992538,0,0,0,0,0,,3,2,1,0
2026-01-12T23:30:00+08:00,4619.88,4627.58,4618.46,4623.79,4586.240080757537,0,1,0,0,0,,3,2,1,0
2026-01-12T23:45:00+08:00,4623.62,4624.92,4618.01,4621.28,4587.614195237634,0,0,0,0,0,,3,2,1,0
2026-01-13T00:00:00+08:00,4620.82,4629.75,4617.51,4629.11,4589.241481698903,0,0,0,0,0,,3,2,1,0
2026-01-13T00:15:00+08:00,4629.05,4630.01,4619.82,4620.13,4590.452796142084,0,0,0,0,0,,3,2,1,0
2026-01-13T00:30:00+08:00,4620.04,4623.23,4607.73,4612.19,4591.30523550906,0,0,0,0,0,,3,2,1,0
2026-01-13T00:45:00+08:00,4612.43,4618.24,4612.14,4616.86,4592.307383136156,0,0,0,0,0,,3,2,1,0
2026-01-13T01:00:00+08:00,4616.88,4618.41,4613.74,4615.54,4593.218466150424,0,0,0,0,0,,3,2,1,0
2026-01-13T01:15:00+08:00,4615.53,4618.52,4612.02,4616.39,4594.127153752368,0,0,0,0,0,,3,2,1,0
2026-01-13T01:30:00+08:00,4616.38,4616.8,4610.59,4613.31,4594.879422232667,0,0,0,0,0,,3,2,1,0
2026-01-13T01:45:00+08:00,4613.3,4620.5,4613.3,4616.31,4595.719837047072,0,0,0,0,0,,3,2,1,0
2026-01-13T02:00:00+08:00,4616.35,4618.54,4608.4,4608.4,4596.217098339344,0,0,0,0,0,,3,2,1,0
2026-01-13T02:15:00+08:00,4607.53,4608.59,4600.52,4605.76,4596.591329777018,0,0,0,0,0,,3,2,1,0
2026-01-13T02:30:00+08:00,4605.66,4611,4603.07,4605.97,4596.959120766154,0,0,0,0,0,,3,2,1,0
2026-01-13T02:45:00+08:00,4606.07,4611.21,4603.68,4610.77,4597.500723873364,0,0,0,0,0,,3,2,1,0
2026-01-13T03:00:00+08:00,4610.9,4614.69,4608.69,4613.81,4598.140303329311,0,0,0,0,0,,3,2,1,0
2026-01-13T03:15:00+08:00,4613.9,4617.34,4612.6,4616.79,4598.871663983064,0,0,0,0,0,,3,2,1,0
2026-01-13T03:30:00+08:00,4616.79,4618.83,4614.05,4616.44,4599.560618336669,0,0,1,0,0,,3,2,1,0
2026-01-13T03:45:00+08:00,4616.43,4616.91,4609.13,4611.21,4600.01745683327,0,0,0,0,0,,3,2,1,0
2026-01-13T04:00:00+08:00,4611.25,4611.67,4600.14,4602.78,4600.1257918594165,0,0,0,0,0,,3,2,1,0
2026-01-13T04:15:00+08:00,4602.93,4604.44,4599.61,4602.43,4600.216152962968,0,0,0,0,0,,3,2,1,0
2026-01-13T04:30:00+08:00,4602.5,4604.83,4592.42,4592.75,4599.923362650695,0,0,0,0,0,,3,2,1,0
2026-01-13T04:45:00+08:00,4592.7,4599.33,4591.44,4593.6,4599.675387644786,0,0,0,0,0,,3,2,1,0
2026-01-13T05:00:00+08:00,4593.53,4596.9,4591.04,4592.75,4599.403803815579,0,0,0,0,0,,3,2,1,0
2026-01-13T05:15:00+08:00,4592.56,4594.27,4591.09,4593.65,4599.178164450262,0,0,0,0,0,,3,2,1,0
2026-01-13T05:30:00+08:00,4593.67,4595.17,4589.73,4590.19,4598.825687412997,0,0,0,0,0,,3,2,1,0
2026-01-13T05:45:00+08:00,4590.18,4597.83,4589.07,4597.54,4598.775268298761,0,0,0,0,0,,3,2,1,0
2026-01-13T07:00:00+08:00,4607.78,4607.78,4578.02,4579.1,4598.00368914979,0,0,0,0,1,,3,2,1,0
2026-01-13T07:15:00+08:00,4579.07,4588.65,4578.29,4584.46,4597.472564085093,0,0,0,0,0,,3,2,1,0
2026-01-13T07:30:00+08:00,4584.66,4590.19,4584,4585.96,4597.021090983717,0,0,0,0,0,,3,2,1,0
2026-01-13T07:45:00+08:00,4586.26,4599.7,4585.95,4599.12,4597.1034011412185,0,0,0,0,0,,3,2,1,0
2026-01-13T08:00:00+08:00,4599.24,4599.39,4592.24,4592.9,4596.938561880778,0,0,0,0,0,,3,2,1,0
2026-01-13T08:15:00+08:00,4593.09,4596.04,4588.1,4588.23,4596.5970496501595,0,0,0,0,0,,3,2,1,0
2026-01-13T08:30:00+08:00,4588.25,4590.93,4584.35,4586.04,4596.183047703094,0,0,0,0,0,,3,2,1,0
2026-01-13T08:45:00+08:00,4586.19,4592.25,4586.04,4587.38,4595.837830146111,0,0,0,0,0,,3,2,1,0
2026-01-13T09:00:00+08:00,4587.51,4595.71,4581.52,4592.62,4595.711640728616,0,0,0,0,0,,3,2,1,0
2026-01-13T09:15:00+08:00,4592.65,4595.64,4581.67,4581.7,4595.162164621611,0,0,0,0,0,,3,2,1,0
2026-01-13T09:30:00+08:00,4581.93,4587.17,4575.48,4583.11,4594.689530714881,0,0,0,0,0,,3,2,1,0
2026-01-13T09:45:00+08:00,4583.09,4586.05,4577.37,4577.69,4594.022882451552,0,0,0,0,0,,3,2,1,0
2026-01-13T10:00:00+08:00,4577.78,4590.66,4576.48,4586.36,4593.722377257373,0,0,0,0,0,,3,2,1,0
2026-01-13T10:15:00+08:00,4586.35,4587.47,4583.49,4583.72,4593.330127168849,0,0,0,0,0,,3,2,1,0
2026-01-13T10:30:00+08:00,4583.02,4590.19,4582.27,4589.13,4593.165416299482,0,0,0,0,0,,3,2,1,0
2026-01-13T10:45:00+08:00,4589.07,4595.12,4588.99,4594.16,4593.204419581855,0,0,0,0,0,,3,2,1,0
2026-01-13T11:00:00+08:00,4594.01,4599.68,4592.87,4597.84,4593.386207049233,0,0,0,0,0,,3,2,1,0
2026-01-13T11:15:00+08:00,4597.83,4598.79,4594.67,4595.63,4593.474198929655,0,0,0,0,0,,3,2,1,0
2026-01-13T11:30:00+08:00,4595.78,4598.25,4593.46,4593.67,4593.481877403002,0,0,0,0,0,,3,2,1,0
2026-01-13T11:45:00+08:00,4593.73,4595.24,4592.48,4594.11,4593.506509661707,0,0,0,0,0,,3,2,1,0
2026-01-13T12:00:00+08:00,4594.25,4598.16,4594.02,4597.76,4593.6733132043855,0,0,0,0,0,,3,2,1,0
2026-01-13T12:15:00+08:00,4597.76,4599.78,4596.46,4597.27,4593.81435974539,0,0,0,0,0,,3,2,1,0
2026-01-13T12:30:00+08:00,4597.43,4599.93,4594.76,4598.72,4594.006737794591,0,0,0,0,0,,3,2,1,0
2026-01-13T12:45:00+08:00,4598.71,4599.39,4596.02,4596.56,4594.106865724215,0,0,0,0,0,,3,2,1,0
2026-01-13T13:00:00+08:00,4596.33,4598.44,4591.83,4594.5,4594.122282754638,0,0,0,1,0,,3,2,1,0
2026-01-13T13:15:00+08:00,4594.49,4601.63,4594.25,4601.46,4594.410036372104,0,0,0,0,0,,3,2,1,0
2026-01-13T13:30:00+08:00,4601.24,4602.03,4585.88,4594.31,4594.406113377119,0,0,0,1,0,,3,2,1,0
2026-01-13T13:45:00+08:00,4594.3,4595.99,4591.15,4592.11,4594.316069715272,0,0,0,0,0,,3,2,1,0
2026-01-13T14:00:00+08:00,4592.06,4592.43,4588.1,4590.27,4594.1574003146725,0,0,0,0,0,,3,2,1,0
2026-01-13T14:15:00+08:00,4590.32,4590.79,4582.6,4584.7,4593.786521870959,0,0,0,0,0,,3,2,1,0
2026-01-13T14:30:00+08:00,4584.7,4586.08,4573.59,4575.84,4593.082736699549,0,0,0,0,0,,3,2,1,0
2026-01-13T14:45:00+08:00,4575.78,4583.46,4575.26,4581.35,4592.622629377998,0,0,0,0,0,,3,2,1,0
2026-01-13T15:00:00+08:00,4581.64,4585.31,4578.98,4584.65,4592.309977245528,0,0,0,0,0,,3,2,1,0
2026-01-13T15:15:00+08:00,4584.67,4585.07,4578.87,4584.07,4591.986840882958,0,0,0,0,0,,3,2,1,0
2026-01-13T15:30:00+08:00,4584.11,4587.16,4579.53,4580.22,4591.52539614245,0,0,0,0,0,,3,2,1,0
2026-01-13T15:45:00+08:00,4580.36,4582.56,4577.4,4580.64,4591.098517862353,0,0,0,0,0,,3,2,1,0
2026-01-13T16:00:00+08:00,4580.32,4591.74,4579.5,4587.89,4590.972693632457,0,0,0,0,0,,3,2,1,0
2026-01-13T16:15:00+08:00,4587.65,4592.33,4584.93,4589.91,4590.93101937236,0,0,0,0,0,,3,2,1,0
2026-01-13T16:30:00+08:00,4589.93,4596.95,4589.07,4593.52,4591.032548024425,1,0,0,0,0,,3,2,1,0
2026-01-13T16:45:00+08:00,4593.53,4595.51,4591.76,4592.71,4591.098330454839,0,0,0,0,0,,3,2,1,0
2026-01-13T17:00:00+08:00,4592.67,4595.72,4589.42,4593.98,4591.2113371036685,0,0,0,0,0,,3,2,1,0
2026-01-13T17:15:00+08:00,4594.11,4594.97,4588.02,4589.13,4591.129716040779,0,0,0,0,0,,3,2,1,0
2026-01-13T17:30:00+08:00,4589.15,4592.17,4586.53,4590.64,4591.11051149016,0,0,0,0,0,,3,2,1,0
2026-01-13T17:45:00+08:00,4590.71,4591.03,4585.68,4586.2,4590.917942412115,0,0,0,0,0,,3,2,1,0
2026-01-13T18:00:00+08:00,4586.24,4587.05,4580.33,4583.68,4590.634101533208,0,0,0,0,0,,3,2,1,0
2026-01-13T18:15:00+08:00,4583.67,4586.4,4581,4584.82,4590.406097551514,0,0,0,0,0,,3,2,1,0
2026-01-13T18:30:00+08:00,4584.82,4588.36,4581.69,4587.17,4590.27919176518,0,0,0,0,0,,3,2,1,0
2026-01-13T18:45:00+08:00,4587.21,4587.3,4584.67,4586.18,4590.118439146938,0,0,0,0,0,,3,2,1,0
2026-01-13T19:00:00+08:00,4586.22,4588.87,4584.82,4584.96,4589.916147415685,0,0,0,0,0,,3,2,1,0
2026-01-13T19:15:00+08:00,4584.9,4589.16,4582.17,4586.74,4589.79159261507,0,0,0,0,0,,3,2,1,0
2026-01-13T19:30:00+08:00,4586.77,4589.87,4585.06,4589.87,4589.794667414479,0,0,0,0,0,,3,2,1,0
2026-01-13T19:45:00+08:00,4589.9,4592.12,4586.28,4588.5,4589.743896143323,0,0,0,0,0,,3,2,1,0
2026-01-13T20:00:00+08:00,4588.53,4589.19,4583.21,4583.7,4589.50688060829,0,0,0,0,0,,3,2,1,0
2026-01-13T20:15:00+08:00,4583.69,4584.77,4577.83,4580.46,4589.152100976592,0,0,0,0,0,,3,2,1,0
2026-01-13T20:30:00+08:00,4580.45,4586.1,4579.33,4585.85,4589.0226068206475,0,0,0,0,0,,3,2,1,0
2026-01-13T20:45:00+08:00,4585.85,4595.21,4585.35,4593.1,4589.182504592387,0,0,0,0,0,,3,2,1,0
2026-01-13T21:00:00+08:00,4593.11,4606.35,4590.7,4602.7,4589.712602451509,0,0,0,0,0,,3,2,1,0
2026-01-13T21:15:00+08:00,4602.72,4606.23,4599.6,4601.03,4590.156421963215,0,0,0,0,0,,3,2,1,0
2026-01-13T21:30:00+08:00,4601.07,4620.1,4600.96,4617.97,4591.247150513676,0,0,0,0,0,,3,2,1,0
2026-01-13T21:45:00+08:00,4617.9,4620.9,4606.96,4611.44,4592.03902696412,0,0,0,0,0,,3,2,1,0
2026-01-13T22:00:00+08:00,4611.41,4619.01,4608.97,4618.6,4593.080633749841,0,0,0,0,0,,3,2,1,0
2026-01-13T22:15:00+08:00,4618.61,4623.69,4614.38,4617.89,4594.053550073377,0,0,0,0,0,,3,2,1,0
2026-01-13T22:30:00+08:00,4618.4,4625.81,4611.53,4625.65,4595.292626541088,0,0,0,0,0,,3,2,1,0
2026-01-13T22:45:00+08:00,4625.52,4634.65,4622.97,4630.01,4596.6540921669275,0,0,0,0,0,,3,2,1,0
2026-01-13T23:00:00+08:00,4629.77,4630.33,4614.07,4621.42,4597.6253042388125,0,0,0,0,0,,3,2,1,0
2026-01-13T23:15:00+08:00,4621.42,4623.25,4600.93,4608.87,4598.066272700035,0,0,0,0,0,,3,2,1,0
2026-01-13T23:30:00+08:00,4608.87,4616.41,4605.17,4614.7,4598.718575731406,0,1,0,0,0,,3,2,1,0
2026-01-13T23:45:00+08:00,4614.84,4620.73,4613.04,4619.25,4599.523729624292,0,0,0,0,0,,3,2,1,0
2026-01-14T00:00:00+08:00,4619.09,4620.84,4606.71,4612.38,4600.027897090006,0,0,0,0,0,,3,2,1,0
2026-01-14T00:15:00+08:00,4612.35,4612.96,4592.87,4598.76,4599.978175635496,0,0,0,0,0,,3,2,1,0
2026-01-14T00:30:00+08:00,4598.38,4609.33,4596.62,4608.77,4600.322953061555,0,0,0,0,0,,3,2,1,0
2026-01-14T00:45:00+08:00,4608.73,4614,4607.51,4613.56,4600.842052941494,0,0,0,0,0,,3,2,1,0
2026-01-14T01:00:00+08:00,4613.49,4616.01,4606.5,4608.5,4601.142364590847,0,0,0,0,0,,3,2,1,0
2026-01-14T01:15:00+08:00,4608.47,4612.68,4606.27,4609.86,4601.4842326461085,0,0,0,0,0,,3,2,1,0
2026-01-14T01:30:00+08:00,4609.81,4611.98,4603.12,4604.7,4601.61034116979,0,0,0,0,0,,3,2,1,0
2026-01-14T01:45:00+08:00,4604.68,4607.15,4586.8,4590.51,4601.175033672936,0,0,0,0,0,,3,2,1,0
2026-01-14T02:00:00+08:00,4590.43,4594.37,4586.44,4594.3,4600.905424509291,0,0,0,0,0,,3,2,1,0
2026-01-14T02:15:00+08:00,4594.48,4595.12,4581.17,4591.71,4600.544819626574,0,0,0,0,0,,3,2,1,0
2026-01-14T02:30:00+08:00,4591.63,4600.77,4589.94,4600.38,4600.538356111807,0,0,0,0,0,,3,2,1,0
2026-01-14T02:45:00+08:00,4600.25,4602,4594.09,4594.21,4600.290185283893,0,0,0,0,1,,3,2,1,0
2026-01-14T03:00:00+08:00,4594.35,4595.9,4584.15,4595.74,4600.111746645309,0,0,0,0,0,,3,2,1,0
2026-01-14T03:15:00+08:00,4595.75,4597.31,4584.54,4593.28,4599.84383501216,0,0,0,0,0,,3,2,1,0
2026-01-14T03:30:00+08:00,4593.22,4598.84,4592.47,4596,4599.6930963842315,0,0,1,0,0,,3,2,1,0
2026-01-14T03:45:00+08:00,4596.13,4598.86,4590.6,4597.47,4599.60591613387,0,0,0,0,0,,3,2,1,0
2026-01-14T04:00:00+08:00,4597.46,4597.82,4590.27,4593.07,4599.349605697247,0,0,0,0,0,,3,2,1,0
2026-01-14T04:15:00+08:00,4593.18,4595.36,4587.79,4588.86,4598.938248611081,0,0,0,0,0,,3,2,1,0
2026-01-14T04:30:00+08:00,4589.04,4589.33,4569.65,4585.14,4598.397140822411,0,0,0,0,0,,3,2,1,0
2026-01-14T04:45:00+08:00,4585.23,4589.39,4582.27,4585.92,4597.907841182316,0,0,0,0,0,,3,2,1,0
2026-01-14T05:00:00+08:00,4586.34,4589.15,4583.34,4583.48,4597.342043488891,0,0,0,0,0,,3,2,1,0
2026-01-14T05:15:00+08:00,4583.49,4589.51,4582.75,4587.76,4596.966277077562,0,0,0,0,1,,3,2,1,0
2026-01-14T05:30:00+08:00,4587.78,4589.31,4585.62,4588.88,4596.64916817256,0,0,0,0,0,,3,2,1,0
2026-01-14T05:45:00+08:00,4588.89,4589.84,4585.92,4586.62,4596.25586745991,0,0,0,0,1,,3,2,1,0
2026-01-14T07:00:00+08:00,4591.56,4595.94,4589.32,4595.84,4596.23955893207,0,0,0,0,0,,3,2,1,0
2026-01-14T07:15:00+08:00,4595.85,4597.89,4592.86,4597.03,4596.270556621009,0,0,0,0,0,,3,2,1,0
2026-01-14T07:30:00+08:00,4597.03,4597.32,4593.07,4594.43,4596.198377929989,0,0,0,0,0,,3,2,1,0
2026-01-14T07:45:00+08:00,4594.44,4598.91,4593.67,4596.9,4596.22589252097,0,0,0,0,0,,3,2,1,0
2026-01-14T08:00:00+08:00,4597.55,4607.74,4597.26,4605.09,4596.573504578971,0,0,0,0,0,,3,2,1,0
2026-01-14T08:15:00+08:00,4605.14,4610.4,4602.89,4609.61,4597.0847396935205,0,0,0,0,0,,3,2,1,0
2026-01-14T08:30:00+08:00,4609.66,4610.75,4607,4608.57,4597.53514205848,0,0,0,0,0,,3,2,1,0
2026-01-14T08:45:00+08:00,4608.58,4610.59,4604.64,4609.03,4597.985920801285,0,0,0,0,0,,3,2,1,0
2026-01-14T09:00:00+08:00,4609.27,4617.07,4606.34,4615.31,4598.665296456136,0,0,0,0,0,,3,2,1,0
2026-01-14T09:15:00+08:00,4615.43,4618.55,4611.84,4614.63,4599.291363261778,0,0,0,0,0,,3,2,1,0
2026-01-14T09:30:00+08:00,4614.56,4618.82,4613.6,4614.74,4599.897192153473,0,0,0,0,0,,3,2,1,0
2026-01-14T09:45:00+08:00,4614.87,4620.03,4613.52,4619.25,4600.656125794513,0,0,0,0,0,,3,2,1,0
2026-01-14T10:00:00+08:00,4619.26,4620.79,4614.23,4618.21,4601.344513018258,0,0,0,0,0,,3,2,1,0
2026-01-14T10:15:00+08:00,4618.21,4621.28,4616.55,4619.9,4602.0721791744045,0,0,0,0,0,,3,2,1,0
2026-01-14T10:30:00+08:00,4620.18,4622.68,4617.95,4621.33,4602.827387834232,0,0,0,0,0,,3,2,1,0
2026-01-14T10:45:00+08:00,4621.31,4623.76,4618.16,4620.49,4603.520039291712,0,0,0,0,0,,3,2,1,0
2026-01-14T11:00:00+08:00,4620.52,4622.88,4617.54,4617.95,4604.085920103802,0,0,0,0,0,,3,2,1,0
2026-01-14T11:15:00+08:00,4618.03,4621.63,4613.43,4615.16,4604.5201977467905,0,0,0,0,0,,3,2,1,0
2026-01-14T11:30:00+08:00,4615.23,4625.62,4614.86,4624.06,4605.286464501818,0,0,0,0,0,,3,2,1,0
2026-01-14T11:45:00+08:00,4624.09,4629.84,4623.28,4628.24,4606.186603148805,0,0,0,0,0,,3,2,1,0
2026-01-14T12:00:00+08:00,4628.26,4629.99,4626.73,4627.47,4607.021246162578,0,0,0,0,0,,3,2,1,0
2026-01-14T12:15:00+08:00,4627.48,4630.02,4625.19,4626.66,4607.791393371888,0,0,0,0,0,,3,2,1,0
2026-01-14T12:30:00+08:00,4626.66,4629.94,4625.3,4627.99,4608.583495592598,0,0,0,0,0,,3,2,1,0
2026-01-14T12:45:00+08:00,4627.99,4630.48,4626.78,4629.18,4609.391201647791,0,0,0,0,0,,3,2,1,0
2026-01-14T13:00:00+08:00,4629.57,4639.61,4629.57,4634.01,4610.356644720427,0,0,0,0,0,,3,2,1,0
2026-01-14T13:15:00+08:00,4633.91,4635.63,4630.99,4634.33,4611.296776300018,0,0,0,0,0,,3,2,1,0
2026-01-14T13:30:00+08:00,4634.09,4639.6,4631.68,4636.14,4612.271020366684,0,0,0,0,0,,3,2,1,0
2026-01-14T13:45:00+08:00,4636.06,4639.54,4617.96,4619.85,4612.568235254264,0,0,0,0,0,,3,2,1,0
2026-01-14T14:00:00+08:00,4619.88,4635.21,4618.39,4633.52,4613.389873087431,0,0,0,0,0,,3,2,1,0
2026-01-14T14:15:00+08:00,4633.72,4635.37,4630.79,4632.88,4614.154191789885,0,0,0,0,0,,3,2,1,0
2026-01-14T14:30:00+08:00,4632.89,4633.39,4625.95,4630.62,4614.799909758909,0,0,0,0,0,,3,2,1,0
2026-01-14T14:45:00+08:00,4630.66,4637.31,4630.59,4637.31,4615.6826583958145,0,0,0,0,0,,3,2,1,0
2026-01-14T15:00:00+08:00,4637.41,4638.38,4631.47,4632.91,4616.358240419508,0,0,0,0,0,,3,2,1,0
2026-01-14T15:15:00+08:00,4633.01,4639.68,4632.21,4637.07,4617.170466285409,0,0,0,0,0,,3,2,1,0
2026-01-14T15:30:00+08:00,4636.86,4638.48,4633.93,4636.76,4617.938683293824,0,0,0,0,0,,3,2,1,0
2026-01-14T15:45:00+08:00,4636.77,4637.75,4632.55,4632.56,4618.512068262694,0,0,0,0,0,,3,2,1,0
2026-01-14T16:00:00+08:00,4632.55,4634.01,4623.38,4627.49,4618.864144017098,0,0,0,0,0,,3,2,1,0
2026-01-14T16:15:00+08:00,4627.48,4628.67,4621.83,4624.96,4619.103197192898,0,0,0,0,0,,3,2,1,0
2026-01-14T16:30:00+08:00,4624.92,4632.78,4624.57,4632.47,4619.627385538274,1,0,0,0,0,,3,2,1,0
2026-01-14T16:45:00+08:00,4632.5,4637.98,4631.52,4634.93,4620.227488066185,0,0,0,0,0,,3,2,1,0
2026-01-14T17:00:00+08:00,4634.82,4639.07,4633.16,4638.37,4620.9389591224135,0,0,0,0,0,,3,2,1,0
2026-01-14T17:15:00+08:00,4638.36,4639.63,4636.2,4637.46,4621.586843078398,0,0,0,0,0,,3,2,1,0
2026-01-14T17:30:00+08:00,4637.45,4637.67,4627.3,4627.86,4621.832849232186,0,0,0,0,0,,3,2,1,0
2026-01-14T17:45:00+08:00,4627.74,4631.92,4627.04,4630.43,4622.169992399551,0,0,0,0,0,,3,2,1,0
2026-01-14T18:00:00+08:00,4630.47,4632.39,4627.86,4631.62,4622.540580932902,0,0,0,0,0,,3,2,1,0
2026-01-14T18:15:00+08:00,4631.6,4636.86,4631.6,4635.08,4623.032322857102,0,0,0,0,0,,3,2,1,0
2026-01-14T18:30:00+08:00,4635.05,4638.08,4632.44,4635.86,4623.535369019569,0,0,0,0,0,,3,2,1,0
2026-01-14T18:45:00+08:00,4635.85,4636.63,4631.23,4633.1,4623.910452587429,0,0,0,0,0,,3,2,1,0
2026-01-14T19:00:00+08:00,4633.05,4636.61,4630.32,4635.39,4624.360630917334,0,0,0,0,0,,3,2,1,0
2026-01-14T19:15:00+08:00,4635.52,4637.48,4629.16,4630.34,4624.595115979399,0,0,0,0,0,,3,2,1,0
2026-01-14T19:30:00+08:00,4630.39,4632.68,4627.42,4630.87,4624.84118986256,0,0,0,0,0,,3,2,1,0
2026-01-14T19:45:00+08:00,4630.85,4631.66,4625.96,4630.23,4625.0525157503025,0,0,0,0,0,,3,2,1,0
2026-01-14T20:00:00+08:00,4630.22,4638.5,4630.09,4635.47,4625.461044544409,0,0,0,0,0,,3,2,1,0
2026-01-14T20:15:00+08:00,4635.77,4639.02,4633.9,4636.15,4625.880219268157,0,0,0,0,0,,3,2,1,0
2026-01-14T20:30:00+08:00,4636.15,4638.18,4633.93,4634.74,4626.2276616497975,0,0,0,0,0,,3,2,1,0
2026-01-14T20:45:00+08:00,4634.73,4641.7,4633.61,4638.87,4626.723439624315,0,0,0,0,0,,3,2,1,0
2026-01-14T21:00:00+08:00,4638.72,4641.63,4627.48,4628.39,4626.788794933165,0,0,0,0,0,,3,2,1,0
2026-01-14T21:15:00+08:00,4628,4635.36,4627.42,4631.85,4626.987273563237,0,0,0,0,0,,3,2,1,0
2026-01-14T21:30:00+08:00,4631.92,4637.34,4624.11,4636.72,4627.368949109777,0,0,0,0,0,,3,2,1,0
2026-01-14T21:45:00+08:00,4636.73,4636.92,4629.32,4635.76,4627.698009929001,0,0,0,0,0,,3,2,1,0
2026-01-14T22:00:00+08:00,4635.94,4638.93,4629.51,4634.18,4627.95220561806,0,0,0,0,0,,3,2,1,0
2026-01-14T22:15:00+08:00,4634.19,4637.95,4630.96,4635.24,4628.238001476176,0,0,0,0,0,,3,2,1,0
2026-01-14T22:30:00+08:00,4634.7,4634.82,4613.97,4618.86,4627.870236712404,0,0,0,0,0,,3,2,1,0
2026-01-14T22:45:00+08:00,4618.66,4620.76,4606.9,4617.76,4627.473756841329,0,0,0,0,0,,3,2,1,0
2026-01-14T23:00:00+08:00,4617.08,4617.08,4599.21,4615.5,4627.004197749512,0,0,0,0,0,,3,2,1,0
2026-01-14T23:15:00+08:00,4615.44,4626.38,4614.22,4615.65,4626.558935092668,0,0,0,0,0,,3,2,1,0
2026-01-14T23:30:00+08:00,4615.45,4621.93,4610.03,4613.28,4626.038192540015,0,1,0,0,0,,3,2,1,0
2026-01-14T23:45:00+08:00,4613.28,4619.26,4610.53,4617.97,4625.721792832564,0,0,0,0,0,,3,2,1,0
2026-01-15T00:00:00+08:00,4618.93,4621.38,4614.88,4617.94,4625.416624486188,0,0,0,0,0,,3,2,1,0
2026-01-15T00:15:00+08:00,4617.92,4624.88,4616.4,4621.77,4625.273619604377,0,0,0,0,0,,3,2,1,0
2026-01-15T00:30:00+08:00,4621.8,4623.28,4613.86,4615.64,4624.895830600284,0,0,0,0,0,,3,2,1,0
2026-01-15T00:45:00+08:00,4615.71,4617.47,4608.45,4616.97,4624.585013713999,0,0,0,0,0,,3,2,1,0
2026-01-15T01:00:00+08:00,4617,4619,4609.98,4615.74,4624.238150431097,0,0,0,0,0,,3,2,1,0
2026-01-15T01:15:00+08:00,4615.75,4615.87,4605.67,4611.38,4623.733909237721,0,0,0,0,0,,3,2,1,0
2026-01-15T01:30:00+08:00,4611.41,4612.09,4601.34,4604.38,4622.974932404869,0,0,0,0,0,,3,2,1,0
2026-01-15T01:45:00+08:00,4604.27,4616.53,4603.97,4614.26,4622.633170349776,0,0,0,0,0,,3,2,1,0
2026-01-15T02:00:00+08:00,4614.39,4623.69,4612.71,4623.69,4622.674614649785,0,0,0,0,0,,3,2,1,0
2026-01-15T02:15:00+08:00,4623.77,4630.06,4622.44,4628.1,4622.887374859598,0,0,0,0,0,,3,2,1,0
2026-01-15T02:30:00+08:00,4628.24,4633.64,4628.01,4631.58,4623.228262120006,0,0,0,0,0,,3,2,1,0
2026-01-15T02:45:00+08:00,4631.41,4637.29,4630,4634.89,4623.685585174123,0,0,0,0,0,,3,2,1,0
2026-01-15T03:00:00+08:00,4635.11,4642.9,4633.48,4637.09,4624.211248500628,0,0,0,0,0,,3,2,1,0
2026-01-15T03:15:00+08:00,4637.1,4639.9,4634.27,4634.92,4624.631199539819,0,0,0,0,0,,3,2,1,0
2026-01-15T03:30:00+08:00,4634.95,4640.37,4634.62,4640.1,4625.237819165709,0,0,1,0,0,,3,2,1,0
2026-01-15T03:45:00+08:00,4640.1,4641.45,4635.83,4639.31,4625.789669394505,0,0,0,0,0,,3,2,1,0
2026-01-15T04:00:00+08:00,4639.36,4641.7,4626.17,4636.29,4626.2014470653085,0,0,0,0,0,,3,2,1,0
2026-01-15T04:15:00+08:00,4636.25,4638.06,4631.07,4634.23,4626.516292278434,0,0,0,0,0,,3,2,1,0
2026-01-15T04:30:00+08:00,4634.14,4635.62,4625.99,4626.32,4626.508594542025,0,0,0,0,0,,3,2,1,0
2026-01-15T04:45:00+08:00,4626.16,4633.24,4626.16,4632.57,4626.746296716848,0,0,0,0,0,,3,2,1,0
2026-01-15T05:00:00+08:00,4632.57,4633.02,4624.32,4624.35,4626.6523242965795,0,0,0,0,0,,3,2,1,0
2026-01-15T05:15:00+08:00,4624.33,4626.86,4620.99,4622.23,4626.47889981436,0,0,0,0,0,,3,2,1,0
2026-01-15T05:30:00+08:00,4622.18,4623.37,4617.83,4621.17,4626.270707664778,0,0,0,0,0,,3,2,1,0
2026-01-15T05:45:00+08:00,4621.24,4628.48,4619.69,4626.4,4626.275777952434,0,0,0,0,0,,3,2,1,0
2026-01-15T07:00:00+08:00,4631.75,4632.45,4612.2,4616.83,4625.905355287632,0,0,0,0,0,,3,2,1,0
2026-01-15T07:15:00+08:00,4616.45,4618.72,4605.35,4609.25,4625.252204099882,0,0,0,0,0,,3,2,1,0
2026-01-15T07:30:00+08:00,4609.13,4613.12,4602.86,4606.4,4624.512901978318,0,0,0,0,0,,3,2,1,0
2026-01-15T07:45:00+08:00,4606.4,4616.2,4606.4,4615.35,4624.153572488972,0,0,0,0,0,,3,2,1,0
2026-01-15T08:00:00+08:00,4615.35,4617.88,4611.74,4616.71,4623.861667685483,0,0,0,0,0,,3,2,1,0
2026-01-15T08:15:00+08:00,4616.7,4618.1,4614.16,4616.7,4623.580817972326,0,0,0,0,0,,3,2,1,0
2026-01-15T08:30:00+08:00,4616.8,4618.07,4613.25,4613.8,4623.197256483216,0,0,0,0,0,,3,2,1,0
2026-01-15T08:45:00+08:00,4613.61,4617.58,4610.06,4615.2,4622.883638581913,0,0,0,0,0,,3,2,1,0
2026-01-15T09:00:00+08:00,4615.2,4617.42,4606.75,4609.14,4622.344672363015,0,0,0,0,0,,3,2,1,0
2026-01-15T09:15:00+08:00,4609.18,4610.2,4596.91,4600.43,4621.485273446819,0,0,0,0,0,,3,2,1,0
2026-01-15T09:30:00+08:00,4600.39,4603.07,4583.78,4602.82,4620.7533019391,0,0,0,0,0,,3,2,1,0
2026-01-15T09:45:00+08:00,4602.64,4607.11,4597.44,4600.07,4619.942192059136,0,0,0,0,0,,3,2,1,0
2026-01-15T10:00:00+08:00,4600.12,4614.38,4597.72,4613.97,4619.707988448974,0,0,0,0,0,,3,2,1,0
2026-01-15T10:15:00+08:00,4613.95,4614.71,4607.33,4611.05,4619.368459490191,0,0,0,0,0,,3,2,1,0
2026-01-15T10:30:00+08:00,4611.12,4614.8,4604.2,4607.51,4618.903421863124,0,0,0,0,0,,3,2,1,0
2026-01-15T10:45:00+08:00,4607.58,4607.58,4595.43,4602.86,4618.274268064571,0,0,0,0,0,,3,2,1,0
2026-01-15T11:00:00+08:00,4602.9,4604.34,4589.76,4591.57,4617.22704186596,0,0,0,0,0,,3,2,1,0
2026-01-15T11:15:00+08:00,4591.44,4594.89,4581.19,4585.13,4615.968334341805,0,0,0,0,0,,3,2,1,0
2026-01-15T11:30:00+08:00,4584.82,4597.51,4581.25,4596.52,4615.205654563694,0,0,0,0,0,,3,2,1,0
2026-01-15T11:45:00+08:00,4596.62,4596.62,4589.49,4592.31,4614.307785757275,0,0,0,0,0,,3,2,1,0
2026-01-15T12:00:00+08:00,4592.12,4594.71,4586.84,4593.88,4613.506696119735,0,0,0,0,0,,3,2,1,0
2026-01-15T12:15:00+08:00,4593.88,4597.56,4590.66,4594.06,4612.744080585628,0,0,0,0,0,,3,2,1,0
2026-01-15T12:30:00+08:00,4594.04,4595.95,4589.2,4590.89,4611.887057817564,0,0,0,0,0,,3,2,1,0
2026-01-15T12:45:00+08:00,4590.73,4595.65,4589.87,4592.3,4611.118937903149,0,0,0,0,0,,3,2,1,0
2026-01-15T13:00:00+08:00,4592.13,4592.55,4587.39,4587.5,4610.192705044203,0,0,0,0,0,,3,2,1,0
2026-01-15T13:15:00+08:00,4587.51,4593.12,4581.02,4592.97,4609.517304846391,0,0,0,0,0,,3,2,1,0
2026-01-15T13:30:00+08:00,4593.15,4593.59,4581.34,4589.6,4608.736234068101,0,0,0,0,0,,3,2,1,0
2026-01-15T13:45:00+08:00,4589.6,4599.01,4587.43,4595.07,4608.200303320333,0,0,0,0,0,,3,2,1,0
2026-01-15T14:00:00+08:00,4595.06,4608.64,4593.59,4605.41,4608.090879660712,0,0,0,0,0,,3,2,1,0
2026-01-15T14:15:00+08:00,4605.49,4609.93,4603.73,4604.18,4607.93751183088,0,0,0,0,0,,3,2,1,0
2026-01-15T14:30:00+08:00,4604.08,4608.11,4600.52,4605.48,4607.841138817904,0,0,0,0,0,,3,2,1,0
2026-01-15T14:45:00+08:00,4605.47,4611.94,4603.48,4610.02,4607.926584354456,0,0,0,0,0,,3,2,1,0
2026-01-15T15:00:00+08:00,4610.27,4611.15,4605.82,4609.43,4607.9855418307525,0,0,0,0,0,,3,2,1,0
2026-01-15T15:15:00+08:00,4609.55,4613.63,4608.56,4610.28,4608.075520582488,0,0,0,0,0,,3,2,1,0
2026-01-15T15:30:00+08:00,4610.15,4611.16,4601.74,4603.87,4607.910598206704,0,0,0,0,0,,3,2,1,0
2026-01-15T15:45:00+08:00,4603.94,4604.42,4599.11,4601.64,4607.664692394676,0,0,0,0,0,,3,2,1,0
2026-01-15T16:00:00+08:00,4601.37,4604.62,4597.76,4603.8,4607.51313583018,0,0,0,0,0,,3,2,1,0
2026-01-15T16:15:00+08:00,4603.71,4606.39,4600.37,4601.97,4607.295757954486,0,0,0,0,1,,3,2,1,0
2026-01-15T16:30:00+08:00,4602.37,4607.04,4599.17,4606.26,4607.255139995487,1,0,0,0,0,,3,2,1,0
2026-01-15T16:45:00+08:00,4606.25,4606.74,4601.01,4604.3,4607.139252152527,0,0,0,0,0,,3,2,1,0
2026-01-15T17:00:00+08:00,4604.27,4604.79,4600.61,4603.93,4607.013399126938,0,0,0,0,0,,3,2,1,0
2026-01-15T17:15:00+08:00,4604.04,4605.48,4601.93,4604.39,4606.910520729803,0,0,0,0,0,,3,2,1,0
2026-01-15T17:30:00+08:00,4604.41,4611.15,4602.67,4609.4,4607.008147367849,0,0,0,0,0,,3,2,1,0
2026-01-15T17:45:00+08:00,4609.64,4612.98,4607.86,4612.47,4607.222337667149,0,0,0,0,0,,3,2,1,0
2026-01-15T18:00:00+08:00,4612.63,4614.16,4609.23,4612.4,4607.425383248829,0,0,0,0,0,,3,2,1,0
2026-01-15T18:15:00+08:00,4612.54,4615.6,4611.34,4611.98,4607.6039956704435,0,0,0,0,0,,3,2,1,0
2026-01-15T18:30:00+08:00,4612.14,4619.4,4610.53,4617.9,4608.007760546112,0,0,0,0,0,,3,2,1,0
2026-01-15T18:45:00+08:00,4617.91,4620.34,4616.95,4619.76,4608.468632681558,0,0,0,0,0,,3,2,1,0
2026-01-15T19:00:00+08:00,4619.78,4621.54,4618.62,4619.03,4608.882803948948,0,0,0,0,0,,3,2,1,0
2026-01-15T19:15:00+08:00,4619.04,4620.58,4617.15,4619.2,4609.287399872519,0,0,0,0,0,,3,2,1,0
2026-01-15T19:30:00+08:00,4619.1,4623.11,4617.68,4617.72,4609.618090073597,0,0,0,0,0,,3,2,1,0
2026-01-15T19:45:00+08:00,4617.75,4620.24,4615.43,4619.11,4609.990321835417,0,0,0,0,0,,3,2,1,0
2026-01-15T20:00:00+08:00,4619.06,4620.85,4614.45,4614.98,4610.18599548893,0,0,0,0,0,,3,2,1,0
2026-01-15T20:15:00+08:00,4614.97,4618.76,4613.85,4616.54,4610.435172136423,0,0,0,0,0,,3,2,1,0
2026-01-15T20:30:00+08:00,4616.44,4618.64,4615.34,4617.13,4610.697714405583,0,0,0,0,0,,3,2,1,0
2026-01-15T20:45:00+08:00,4617.25,4617.62,4611.48,4613.8,4610.8193726641875,0,0,0,0,0,,3,2,1,0
2026-01-15T21:00:00+08:00,4613.79,4616.18,4609.5,4611.49,4610.845671775396,0,0,0,0,0,,3,2,1,0
2026-01-15T21:15:00+08:00,4611.34,4614.09,4602.49,4605.52,4610.636821901851,0,0,0,0,0,,3,2,1,0
2026-01-15T21:30:00+08:00,4605.55,4605.55,4588.07,4590.1,4609.831456337073,0,0,0,0,0,,3,2,1,0
2026-01-15T21:45:00+08:00,4589.78,4594.08,4582.48,4588.26,4608.9855168728745,0,0,0,0,0,,3,2,1,0
2026-01-15T22:00:00+08:00,4588.37,4599.89,4583.37,4599.83,4608.626476995507,0,0,0,0,0,,3,2,1,0
2026-01-15T22:15:00+08:00,4599.84,4606.7,4596.57,4602.52,4608.387007309409,0,0,0,0,0,,3,2,1,0
2026-01-15T22:30:00+08:00,4602.57,4611.9,4601.46,4602.61,4608.160458003157,0,0,0,0,0,,3,2,1,0
2026-01-15T22:45:00+08:00,4602.65,4615.23,4600.21,4611.12,4608.276518473622,0,0,0,0,0,,3,2,1,0
2026-01-15T23:00:00+08:00,4611.06,4614.96,4603.81,4613.33,4608.474694219754,0,0,0,0,0,,3,2,1,0
2026-01-15T23:15:00+08:00,4613.46,4617.98,4612.22,4616.41,4608.785882681725,0,0,0,0,0,,3,2,1,0
2026-01-15T23:30:00+08:00,4616.42,4617.63,4609.31,4611.67,4608.898985321657,0,1,0,0,0,,3,2,1,0
2026-01-15T23:45:00+08:00,4611.7,4617.01,4609.78,4615.55,4609.15980942669,0,0,0,0,0,,3,2,1,0
2026-01-16T00:00:00+08:00,4615.37,4623.09,4608.48,4622.08,4609.66648356682,0,0,0,0,0,,3,2,1,0
2026-01-16T00:15:00+08:00,4622.08,4624.55,4611.41,4611.74,4609.747797936749,0,0,0,0,0,,3,2,1,0
2026-01-16T00:30:00+08:00,4611.51,4613.39,4604.5,4607.41,4609.656119586288,0,0,0,0,0,,3,2,1,0
2026-01-16T00:45:00+08:00,4607.18,4607.18,4601.3,4605.51,4609.493526661336,0,0,0,0,0,,3,2,1,0
2026-01-16T01:00:00+08:00,4605.54,4611.19,4605.53,4609.69,4609.501231498146,0,0,0,0,0,,3,2,1,0
2026-01-16T01:15:00+08:00,4609.63,4613.74,4607.71,4610.92,4609.556869478611,0,0,0,0,0,,3,2,1,0
2026-01-16T01:30:00+08:00,4610.88,4616.63,4610.45,4614.41,4609.747188322587,0,0,0,0,0,,3,2,1,0
2026-01-16T01:45:00+08:00,4614.48,4616.79,4613.71,4616.61,4610.01631819229,0,0,0,0,0,,3,2,1,0
2026-01-16T02:00:00+08:00,4616.61,4620.25,4616.26,4617.98,4610.328619439651,0,0,0,0,0,,3,2,1,0
2026-01-16T02:15:00+08:00,4617.96,4621.23,4617.34,4619.33,4610.681614755744,0,0,0,0,0,,3,2,1,0
2026-01-16T02:30:00+08:00,4618.15,4618.73,4613.53,4615.46,4610.869002412382,0,0,0,0,0,,3,2,1,0
2026-01-16T02:45:00+08:00,4615.47,4619.77,4615.3,4617.46,4611.127472906013,0,0,0,0,0,,3,2,1,0
2026-01-16T03:00:00+08:00,4617.42,4621.54,4617.34,4619.11,4611.440513184209,0,0,0,0,0,,3,2,1,0
2026-01-16T03:15:00+08:00,4619.13,4620.54,4617.47,4618.27,4611.708336196592,0,0,0,0,0,,3,2,1,0
2026-01-16T03:30:00+08:00,4618.28,4619.08,4615.25,4616.83,4611.90918575751,0,0,1,0,0,,3,2,1,0
2026-01-16T03:45:00+08:00,4616.75,4617.31,4612.75,4615.76,4612.060198080745,0,0,0,0,0,,3,2,1,0
2026-01-16T04:00:00+08:00,4615.7,4616.12,4604.21,4605.79,4611.814307959931,0,0,0,0,0,,3,2,1,0
2026-01-16T04:15:00+08:00,4605.8,4608.71,4600.84,4604.87,4611.541982157581,0,0,0,0,0,,3,2,1,0
2026-01-16T04:30:00+08:00,4604.88,4609.29,4603.65,4608.1,4611.407002465126,0,0,0,0,0,,3,2,1,0
2026-01-16T04:45:00+08:00,4608.07,4609,4603.3,4605.74,4611.184767074337,0,0,0,0,0,,3,2,1,0
2026-01-16T05:00:00+08:00,4605.71,4612.13,4604.54,4611.99,4611.216344836128,0,0,0,0,0,,3,2,1,0
2026-01-16T05:15:00+08:00,4612.02,4615.6,4611.14,4614.14,4611.33099797981,0,0,0,0,0,,3,2,1,0
2026-01-16T05:30:00+08:00,4614.2,4615.62,4613.43,4615.51,4611.494880411974,0,0,0,0,0,,3,2,1,0
2026-01-16T05:45:00+08:00,4615.5,4616.29,4613.34,4615.6,4611.655865493857,0,0,0,0,0,,3,2,1,0
2026-01-16T07:00:00+08:00,4617.52,4620.82,4613.48,4613.97,4611.7466158666475,0,0,0,0,0,,3,2,1,0
2026-01-16T07:15:00+08:00,4613.94,4615.15,4608.69,4609.08,4611.642042695406,0,0,0,0,0,,3,2,1,0
2026-01-16T07:30:00+08:00,4609.08,4611.23,4606.9,4608.3,4611.5109821975475,0,0,0,0,0,,3,2,1,0
2026-01-16T07:45:00+08:00,4608.06,4610.76,4606.34,4610.22,4611.460355444702,0,0,0,0,0,,3,2,1,0
2026-01-16T08:00:00+08:00,4610.17,4610.38,4603.43,4605.87,4611.24112581942,0,0,0,0,0,,3,2,1,0
2026-01-16T08:15:00+08:00,4605.88,4611.41,4605.48,4607.7,4611.102258140227,0,0,0,0,0,,3,2,1,0
2026-01-16T08:30:00+08:00,4607.76,4608.2,4600.87,4601.51,4610.726091154335,0,0,0,0,0,,3,2,1,0
2026-01-16T08:45:00+08:00,4601.57,4602.13,4598.28,4599.97,4610.304283658087,0,0,0,0,0,,3,2,1,0
2026-01-16T09:00:00+08:00,4599.66,4604.87,4593.71,4603.58,4610.040586259731,0,0,0,0,0,,3,2,1,0
2026-01-16T09:15:00+08:00,4603.63,4607.5,4599.78,4606.05,4609.884092680918,0,0,0,0,0,,3,2,1,0
2026-01-16T09:30:00+08:00,4605.94,4608.59,4601.5,4605.34,4609.705892967941,0,0,0,0,0,,3,2,1,0
2026-01-16T09:45:00+08:00,4605.23,4605.57,4599.04,4600.61,4609.349191282923,0,0,0,0,0,,3,2,1,0
2026-01-16T10:00:00+08:00,4600.57,4603.68,4597.45,4598.09,4608.9076543698675,0,0,0,0,0,,3,2,1,0
2026-01-16T10:15:00+08:00,4598.06,4604.22,4596.93,4599.99,4608.557942433794,0,0,0,0,0,,3,2,1,0
2026-01-16T10:30:00+08:00,4599.98,4601.01,4591.43,4595.99,4608.065081946194,0,0,0,0,0,,3,2,1,0
2026-01-16T10:45:00+08:00,4595.93,4598.51,4591.65,4594.88,4607.548019909089,0,0,0,0,0,,3,2,1,0
2026-01-16T11:00:00+08:00,4594.89,4599.33,4594.4,4598.52,4607.193979912654,0,0,0,0,0,,3,2,1,0
2026-01-16T11:15:00+08:00,4598.67,4599.9,4595.21,4595.72,4606.744019916079,0,0,0,0,0,,3,2,1,0
2026-01-16T11:30:00+08:00,4595.57,4597.44,4592.74,4596.38,4606.337587762508,0,0,0,0,0,,3,2,1,0
2026-01-16T11:45:00+08:00,4596.45,4597.51,4595.04,4596.47,4605.950623536527,0,0,0,0,0,,3,2,1,0
2026-01-16T12:00:00+08:00,4596.44,4599.68,4595.98,4598.59,4605.661971633133,0,0,0,0,0,,3,2,1,0
2026-01-16T12:15:00+08:00,4598.56,4601.42,4598.22,4598.67,4605.3877766671285,0,0,0,0,0,,3,2,1,0
2026-01-16T12:30:00+08:00,4598.68,4601.08,4597.36,4599.89,4605.172177582143,0,0,0,0,0,,3,2,1,0
2026-01-16T12:45:00+08:00,4600.02,4601.92,4598.9,4601.04,4605.010131402451,0,0,0,0,0,,3,2,1,0
2026-01-16T13:00:00+08:00,4601.05,4601.46,4595.3,4596.6,4604.680322327846,0,0,0,0,0,,3,2,1,0
2026-01-16T13:15:00+08:00,4596.56,4601.66,4595.34,4601.2,4604.543839099303,0,0,0,0,0,,3,2,1,0
2026-01-16T13:30:00+08:00,4601,4606.97,4596.61,4606.86,4604.634668938546,0,0,0,0,0,,3,2,1,0
2026-01-16T13:45:00+08:00,4607.04,4615.95,4606.66,4611.63,4604.908995646839,0,0,0,0,0,,3,2,1,0
2026-01-16T14:00:00+08:00,4611.62,4612.35,4604.1,4604.75,4604.902760523433,0,0,0,0,0,,3,2,1,0
2026-01-16T14:15:00+08:00,4605.03,4609.29,4603.57,4604.66,4604.893240502906,0,0,0,0,0,,3,2,1,0
2026-01-16T14:30:00+08:00,4604.64,4608.09,4595.67,4595.89,4604.54017224789,0,0,0,0,0,,3,2,1,0
2026-01-16T14:45:00+08:00,4595.71,4599.29,4594,4598.32,4604.296243924443,0,0,0,0,0,,3,2,1,0
2026-01-16T15:00:00+08:00,4598.16,4611.99,4597.01,4610.02,4604.520704947014,0,0,0,0,0,,3,2,1,0
2026-01-16T15:15:00+08:00,4610.06,4610.06,4604.84,4605.93,4604.57597141968,0,0,0,0,0,,3,2,1,0
2026-01-16T15:30:00+08:00,4605.81,4611.88,4601.08,4603.14,4604.5196588149865,0,0,0,0,0,,3,2,1,0
2026-01-16T15:45:00+08:00,4602.99,4609.54,4601.8,4607.67,4604.6432016065555,0,0,0,0,0,,3,2,1,0
2026-01-16T16:00:00+08:00,4607.06,4610.59,4604.9,4605.05,4604.65915448473,0,0,0,0,0,,3,2,1,0
2026-01-16T16:15:00+08:00,4605,4610.54,4604.59,4607.47,4604.7693837206225,0,0,0,0,0,,3,2,1,0
2026-01-16T16:30:00+08:00,4607.47,4609.01,4602.09,4602.09,4604.664309849226,1,0,0,0,0,,3,2,1,0
2026-01-16T16:45:00+08:00,4602.06,4607.32,4601.38,4603.3,4604.6108075021975,0,0,0,0,0,,3,2,1,0
2026-01-16T17:00:00+08:00,4602.68,4608.4,4602.31,4604.82,4604.619011129563,0,0,0,0,0,,3,2,1,0
2026-01-16T17:15:00+08:00,4604.84,4605.01,4599.65,4601.22,4604.485716575462,0,0,0,0,0,,3,2,1,0
2026-01-16T17:30:00+08:00,4601.32,4603.65,4599.05,4603.45,4604.44510023917,0,0,0,0,0,,3,2,1,0
2026-01-16T17:45:00+08:00,4603.46,4603.6,4600.36,4600.78,4604.301370818026,0,0,0,0,0,,3,2,1,0
2026-01-16T18:00:00+08:00,4600.68,4608.01,4600.61,4606.87,4604.402101374182,0,0,0,0,0,,3,2,1,0
2026-01-16T18:15:00+08:00,4606.9,4611.12,4606.8,4607.63,4604.528685634018,0,0,0,0,0,,3,2,1,0
2026-01-16T18:30:00+08:00,4607.62,4609.3,4606.85,4607.44,4604.6428548248405,0,0,0,0,0,,3,2,1,0
2026-01-16T18:45:00+08:00,4607.57,4608.7,4599.73,4600.03,4604.4619585572,0,0,0,0,0,,3,2,1,0
2026-01-16T19:00:00+08:00,4600.31,4606.55,4598.46,4606.35,4604.535999398094,0,0,0,0,0,,3,2,1,0
2026-01-16T19:15:00+08:00,4606.36,4611.61,4605.5,4611.04,4604.791058245228,0,0,0,0,0,,3,2,1,0
2026-01-16T19:30:00+08:00,4611.04,4615.74,4609.54,4615.49,4605.2106245885525,0,0,0,0,0,,3,2,1,0
2026-01-16T19:45:00+08:00,4615.41,4615.98,4612.32,4612.6,4605.500404016452,0,0,0,0,0,,3,2,1,0
2026-01-16T20:00:00+08:00,4612.68,4612.81,4609.17,4610.85,4605.710192094239,0,0,0,0,0,,3,2,1,0
2026-01-16T20:15:00+08:00,4610.92,4613.03,4604.56,4606.58,4605.74430220819,0,0,0,0,0,,3,2,1,0
2026-01-16T20:30:00+08:00,4606.57,4606.88,4602.07,4603.53,4605.657466827476,0,0,0,0,0,,3,2,1,0
2026-01-16T20:45:00+08:00,4603.54,4605.41,4597.45,4601.75,4605.5042328342415,0,0,0,0,0,,3,2,1,0
2026-01-16T21:00:00+08:00,4601.77,4605.32,4594.73,4596.42,4605.14798840937,0,0,0,0,0,,3,2,1,0
2026-01-16T21:15:00+08:00,4596.43,4597.87,4582.42,4587.25,4604.446106510963,0,0,0,0,0,,3,2,1,0
2026-01-16T21:30:00+08:00,4587.17,4601.26,4585.43,4599.46,4604.250572922298,0,0,0,0,0,,3,2,1,0
2026-01-16T21:45:00+08:00,4599.66,4603.07,4596.95,4601.75,4604.15251123907,0,0,0,0,0,,3,2,1,0
2026-01-16T22:00:00+08:00,4601.83,4608.74,4598.42,4607.09,4604.267706876753,0,0,0,0,0,,3,2,1,0
2026-01-16T22:15:00+08:00,4607.18,4609.23,4598.51,4599.23,4604.0701497443315,0,0,0,0,0,,3,2,1,0
2026-01-16T22:30:00+08:00,4599.19,4611.55,4596.04,4608.68,4604.25092818573,0,0,0,0,0,,3,2,1,0
2026-01-16T22:45:00+08:00,4608.63,4614.58,4607.22,4607.77,4604.388931001976,0,0,0,0,0,,3,2,1,0
2026-01-16T23:00:00+08:00,4607.69,4620.26,4607.69,4616.1,4604.848188609742,0,0,0,0,0,,3,2,1,0
2026-01-16T23:15:00+08:00,4616.2,4617.55,4564.63,4565.33,4603.298455723085,0,0,0,0,0,,3,2,1,0
2026-01-16T23:30:00+08:00,4565.36,4570.31,4536.56,4555.24,4601.413810400611,0,1,0,0,0,,3,2,1,0
2026-01-16T23:45:00+08:00,4555.67,4575.63,4555.67,4571.29,4600.232484502548,0,0,0,0,0,,3,2,1,0
2026-01-17T00:00:00+08:00,4571.13,4593.12,4567.72,4592.67,4599.93591648284,0,0,0,0,0,,3,2,1,0
2026-01-17T00:15:00+08:00,4594.35,4596.44,4584.32,4591.5,4599.605096228611,0,0,0,0,1,,3,2,1,0
2026-01-17T00:30:00+08:00,4591.69,4599.04,4588.19,4596.24,4599.473131670626,0,0,0,0,0,,3,2,1,0
2026-01-17T00:45:00+08:00,4596.32,4597.43,4581.92,4591.12,4599.14555787962,0,0,0,0,0,,3,2,1,0
2026-01-17T01:00:00+08:00,4591.22,4593.18,4585.12,4590.81,4598.81867325689,0,0,0,0,0,,3,2,1,0
2026-01-17T01:15:00+08:00,4590.77,4590.93,4576.85,4578.64,4598.027352737012,0,0,0,0,0,,3,2,1,0
2026-01-17T01:30:00+08:00,4578.65,4586.66,4577.06,4580.7,4597.347848708109,0,0,0,0,0,,3,2,1,0
2026-01-17T01:45:00+08:00,4580.65,4583.51,4578.6,4581.51,4596.726756601909,0,0,0,0,0,,3,2,1,0
2026-01-17T02:00:00+08:00,4581.22,4589.09,4580.04,4584.46,4596.245707323403,0,0,0,0,0,,3,2,1,0
2026-01-17T02:15:00+08:00,4584.28,4591.79,4581.71,4589.9,4595.996856055818,0,0,0,0,0,,3,2,1,0
2026-01-17T02:30:00+08:00,4590.65,4596.17,4588.59,4595.25,4595.967567583041,0,0,0,0,0,,3,2,1,0
2026-01-17T02:45:00+08:00,4595.27,4595.99,4582.37,4582.7,4595.447270815079,0,0,0,0,0,,3,2,1,0
2026-01-17T03:00:00+08:00,4582.67,4588.2,4580.81,4583.99,4594.997966077232,0,0,0,0,0,,3,2,1,0
2026-01-17T03:15:00+08:00,4583.97,4586.23,4581.13,4583.93,4594.563928191851,0,0,0,0,0,,3,2,1,0
2026-01-17T03:30:00+08:00,4583.96,4591.73,4583.87,4589.14,4594.351225125504,0,0,1,0,0,,3,2,1,0
2026-01-17T03:45:00+08:00,4589.42,4592.47,4588.51,4590.6,4594.204118257838,0,0,0,0,0,,3,2,1,0
2026-01-17T04:00:00+08:00,4590.56,4595.94,4588.83,4593.15,4594.1627802869425,0,0,0,0,0,,3,2,1,0
2026-01-17T04:15:00+08:00,4592.97,4593.19,4587.7,4588.39,4593.936396746278,0,0,0,0,0,,3,2,1,0
2026-01-17T04:30:00+08:00,4588.37,4588.38,4580.82,4584.07,4593.5494792268155,0,0,0,0,0,,3,2,1,0
2026-01-17T04:45:00+08:00,4584.07,4589.19,4581.58,4582.01,4593.096950629685,0,0,0,0,0,,3,2,1,0
2026-01-17T05:00:00+08:00,4582.14,4586.77,4582.1,4586.55,4592.840207467737,0,0,0,0,0,,3,2,1,0
2026-01-17T05:15:00+08:00,4586.66,4598.13,4586.14,4592.3,4592.819022861159,0,0,0,0,0,,3,2,1,0
2026-01-17T05:30:00+08:00,4592.28,4595.86,4591.63,4594.54,4592.886512160721,0,0,0,0,0,,3,2,1,0
2026-01-17T05:45:00+08:00,4594.47,4596.08,4594.03,4595.4,4592.985080311281,0,0,0,0,0,,3,2,1,0
2026-01-19T07:00:00+08:00,4633.93,4661.75,4629.29,4654.38,4595.392724220643,0,0,0,0,0,,3,2,1,0
2026-01-19T07:15:00+08:00,4654.17,4684.24,4654.02,4678.53,4598.653009545324,0,0,0,0,0,,3,2,1,0
2026-01-19T07:30:00+08:00,4678.3,4690.66,4663.49,4671.55,4601.51171505335,0,0,0,0,0,,3,2,1,0
2026-01-19T07:45:00+08:00,4671.57,4677.57,4664.01,4672.56,4604.297922306159,0,0,0,0,0,,3,2,1,0
2026-01-19T08:00:00+08:00,4672.53,4676.16,4665.04,4665.44,4606.695650843173,0,0,0,0,0,,3,2,1,0
2026-01-19T08:15:00+08:00,4665.45,4678.54,4661.34,4675.55,4609.395821398342,0,0,0,0,0,,3,2,1,0
2026-01-19T08:30:00+08:00,4675.85,4681.99,4673.47,4677.76,4612.0767695788,0,0,0,0,0,,3,2,1,0
2026-01-19T08:45:00+08:00,4677.77,4678.98,4672.12,4675.18,4614.551406065906,0,0,0,0,0,,3,2,1,0
2026-01-19T09:00:00+08:00,4675.39,4678.41,4662.03,4663.37,4616.465860729988,0,0,0,0,0,,3,2,1,0
2026-01-19T09:15:00+08:00,4663.27,4669.8,4656.4,4662.26,4618.261709328812,0,0,0,0,0,,3,2,1,0
2026-01-19T09:30:00+08:00,4662.28,4664.54,4656.06,4662.3,4619.988701119839,0,0,0,0,0,,3,2,1,0
2026-01-19T09:45:00+08:00,4662.39,4667.72,4657.32,4657.36,4621.454242252395,0,0,0,0,0,,3,2,1,0
2026-01-19T10:00:00+08:00,4657.29,4664.92,4653.21,4659.16,4622.932899418967,0,0,0,0,0,,3,2,1,0
2026-01-19T10:15:00+08:00,4659.17,4662.24,4656.96,4660.13,4624.391609245675,0,0,0,0,0,,3,2,1,0
2026-01-19T10:30:00+08:00,4659.95,4663.8,4656.71,4658.48,4625.728408883099,0,0,0,0,0,,3,2,1,0
2026-01-19T10:45:00+08:00,4658.54,4664.34,4654.92,4662.6,4627.174353632781,0,0,0,0,0,,3,2,1,0
2026-01-19T11:00:00+08:00,4662.53,4669.75,4662.53,4668.85,4628.808692706006,0,0,0,0,0,,3,2,1,0
2026-01-19T11:15:00+08:00,4668.83,4669.79,4665.68,4666.55,4630.288743972437,0,0,0,0,0,,3,2,1,0
2026-01-19T12:00:00+08:00,4658.55,4662.39,4658.11,4662.35,4631.546048130381,0,0,0,0,0,,3,2,1,0
2026-01-19T12:15:00+08:00,4662.36,4664.95,4660.7,4662.48,4632.75914428213,0,0,0,0,0,,3,2,1,0
2026-01-19T12:30:00+08:00,4662.47,4663.15,4659.12,4661.54,4633.887805290674,0,0,0,0,0,,3,2,1,0
2026-01-19T12:45:00+08:00,4661.55,4665.82,4661.12,4663.08,4635.03259724006,0,0,0,0,0,,3,2,1,0
2026-01-19T13:00:00+08:00,4663.07,4671.4,4662.95,4669.58,4636.387397348292,0,0,0,0,0,,3,2,1,0
2026-01-19T13:15:00+08:00,4669.59,4672.34,4668.71,4669.11,4637.670636667967,0,0,0,0,1,,3,2,1,0
2026-01-19T13:30:00+08:00,4669.1,4674.32,4663.72,4664.39,4638.718454837851,0,0,0,0,0,,3,2,1,0
2026-01-19T13:45:00+08:00,4664.4,4671.96,4664.21,4669.96,4639.943613471661,0,0,0,0,0,,3,2,1,0
2026-01-19T14:00:00+08:00,4669.95,4670.5,4666.8,4669.33,4641.096020786497,0,0,0,0,0,,3,2,1,0
2026-01-19T14:15:00+08:00,4669.35,4672.48,4668.6,4669.91,4642.225980755654,0,0,0,0,0,,3,2,1,0
2026-01-19T14:30:00+08:00,4669.88,4676.56,4669.68,4672.5,4643.413197196609,0,0,0,0,0,,3,2,1,0
2026-01-19T14:45:00+08:00,4672.51,4678.93,4672.46,4677.86,4644.764052208507,0,0,0,0,0,,3,2,1,0
2026-01-19T15:00:00+08:00,4677.85,4678.52,4668.32,4669.81,4645.746246239546,0,0,0,0,0,,3,2,1,0
2026-01-19T15:15:00+08:00,4669.83,4670.2,4663.86,4667.37,4646.594236583093,0,0,0,0,0,,3,2,1,0
2026-01-19T15:30:00+08:00,4667.36,4669.63,4664.76,4664.84,4647.30975671709,0,0,0,0,0,,3,2,1,0
2026-01-19T15:45:00+08:00,4664.86,4666.43,4661.87,4665.22,4648.012119198773,0,0,0,0,0,,3,2,1,0
2026-01-19T16:00:00+08:00,4665.14,4673.78,4663.58,4669.55,4648.856741975292,0,0,0,0,0,,3,2,1,0
2026-01-19T16:15:00+08:00,4669.47,4671.05,4667.18,4669.31,4649.65883052528,0,0,0,0,0,,3,2,1,0
2026-01-19T16:30:00+08:00,4669.53,4670.9,4666.46,4667.83,4650.371425406642,1,0,0,0,0,,3,2,1,0
2026-01-19T16:45:00+08:00,4667.9,4669.23,4661.84,4663.76,4650.896467547558,0,0,0,0,0,,3,2,1,0
2026-01-19T17:00:00+08:00,4663.75,4671.43,4662.18,4670.69,4651.672684506478,0,0,0,0,0,,3,2,1,0
2026-01-19T17:15:00+08:00,4670.74,4672.78,4666.18,4666.76,4652.264343937596,0,0,0,0,0,,3,2,1,0
2026-01-19T17:30:00+08:00,4666.62,4670.47,4664.81,4669.47,4652.939075547886,0,0,0,0,0,,3,2,1,0
2026-01-19T17:45:00+08:00,4669.47,4670.07,4667.23,4668.47,4653.548131408754,0,0,0,0,0,,3,2,1,0
2026-01-19T18:00:00+08:00,4668.33,4670.15,4666.72,4670.15,4654.199185078999,0,0,0,0,0,,3,2,1,0
2026-01-19T18:15:00+08:00,4670.17,4671.07,4665.64,4665.93,4654.659217036686,0,0,0,0,0,,3,2,1,0
2026-01-19T18:30:00+08:00,4665.78,4666.97,4661.15,4661.69,4654.93493401564,0,0,0,0,0,,3,2,1,0
2026-01-19T18:45:00+08:00,4661.69,4667.08,4661.65,4663.82,4655.2833679758105,0,0,0,0,0,,3,2,1,0
2026-01-19T19:00:00+08:00,4663.85,4666.4,4661.88,4664.27,4655.635784917936,0,0,0,0,0,,3,2,1,0
2026-01-19T19:15:00+08:00,4664.26,4667.04,4661.71,4666.73,4656.070852176056,0,0,0,0,0,,3,2,1,0
2026-01-19T19:30:00+08:00,4666.73,4667.6,4659.95,4664.69,4656.408857973073,0,0,0,0,0,,3,2,1,0
2026-01-19T19:45:00+08:00,4664.73,4665.98,4659.69,4660.77,4656.5798831506,0,0,0,0,0,,3,2,1,0
2026-01-19T20:00:00+08:00,4660.74,4666.21,4660.15,4665.72,4656.9383191054785,0,0,0,0,0,,3,2,1,0
2026-01-19T20:15:00+08:00,4665.74,4672.01,4665.64,4670.84,4657.483483062127,0,0,0,0,0,,3,2,1,0
2026-01-19T20:30:00+08:00,4670.92,4673.54,4669.81,4671.5,4658.033150393024,0,0,0,0,0,,3,2,1,0
2026-01-19T20:45:00+08:00,4671.55,4672.92,4668.13,4672.03,4658.582046456042,0,0,0,0,0,,3,2,1,0
2026-01-19T21:00:00+08:00,4672.08,4673.65,4668.66,4670.14,4659.035299536197,0,0,0,0,0,,3,2,1,0
2026-01-19T21:15:00+08:00,4670.4,4672.12,4668.7,4671.66,4659.530385828895,0,0,0,0,0,,3,2,1,0
2026-01-19T21:30:00+08:00,4671.77,4673.59,4666.36,4668.45,4659.880174619919,0,0,0,0,0,,3,2,1,0
2026-01-19T21:45:00+08:00,4668.38,4669.39,4664.31,4666.23,4660.129187379922,0,0,0,0,0,,3,2,1,0
2026-01-19T22:00:00+08:00,4666.17,4666.95,4661.72,4665.09,4660.323729051297,0,0,0,0,0,,3,2,1,0
2026-01-19T22:15:00+08:00,4665.09,4668.48,4663.57,4667.79,4660.616523990462,0,0,0,0,0,,3,2,1,0
2026-01-19T22:30:00+08:00,4667.83,4670.31,4663.88,4667.3,4660.878621088876,0,0,0,0,0,,3,2,1,0
2026-01-19T22:45:00+08:00,4667.3,4669.02,4665.37,4666.48,4661.098283006959,0,0,0,0,0,,3,2,1,0
2026-01-19T23:00:00+08:00,4666.5,4670.82,4664.7,4668.18,4661.375997398843,0,0,0,0,0,,3,2,1,0
2026-01-19T23:15:00+08:00,4668.48,4668.86,4664.45,4666.79,4661.588311226339,0,0,0,0,0,,3,2,1,0
2026-01-19T23:30:00+08:00,4666.75,4671.02,4665.93,4670.11,4661.922495099816,0,1,0,0,0,,3,2,1,0
2026-01-19T23:45:00+08:00,4670.1,4676.11,4669.57,4674.21,4662.404358037078,0,0,0,0,0,,3,2,1,0
2026-01-20T00:00:00+08:00,4674.32,4675.65,4671.41,4672.38,4662.795559682683,0,0,0,0,0,,3,2,1,0
2026-01-20T00:15:00+08:00,4672.39,4672.97,4670.45,4671.58,4663.140047538264,0,0,0,0,0,,3,2,1,0
2026-01-20T00:30:00+08:00,4671.74,4673.85,4670.64,4673.13,4663.531810379901,0,0,0,0,0,,3,2,1,0
2026-01-20T00:45:00+08:00,4673.13,4673.7,4671.42,4672.28,4663.874876639513,0,0,0,0,0,,3,2,1,0
2026-01-20T01:00:00+08:00,4672.3,4673.06,4670.46,4671.03,4664.155469712473,0,0,0,0,0,,3,2,1,0
2026-01-20T01:15:00+08:00,4671.02,4671.43,4669.13,4670.91,4664.42035325316,0,0,0,0,0,,3,2,1,0
2026-01-20T01:30:00+08:00,4671.09,4676.38,4671.07,4676.13,4664.87955508637,0,0,0,0,0,,3,2,1,0
2026-01-20T01:45:00+08:00,4676.21,4678.7,4674.27,4676.35,4665.329376455532,0,0,0,0,0,,3,2,1,0
2026-01-20T02:00:00+08:00,4676.31,4676.31,4673.93,4675.59,4665.731753849433,0,0,0,0,0,,3,2,1,0
2026-01-20T02:15:00+08:00,4675.58,4680.29,4675.17,4678.52,4666.233253698474,0,0,0,0,0,,3,2,1,0
2026-01-20T02:30:00+08:00,4678.54,4678.79,4675.25,4677.65,4666.68096923971,0,0,0,0,0,,3,2,1,0
2026-01-20T02:45:00+08:00,4677.87,4678.28,4675.35,4676.77,4667.076617504819,0,0,0,0,0,,3,2,1,0
2026-01-20T03:00:00+08:00,4676.79,4676.87,4672.14,4672.19,4667.277142308551,0,0,0,0,0,,3,2,1,0
2026-01-20T03:15:00+08:00,4672.15,4672.65,4667.18,4670.93,4667.420391629785,0,0,0,0,0,,3,2,1,0
2026-01-20T03:30:00+08:00,4670.95,4670.95,4670.95,4670.95,4667.558807644303,0,0,1,0,0,,3,2,1,0
2026-01-20T07:00:00+08:00,4675.1,4676.96,4666.12,4670.94,4667.691403422958,0,0,0,0,0,,3,2,1,0
2026-01-20T07:15:00+08:00,4670.91,4672.51,4664.97,4666.34,4667.638407210293,0,0,0,0,0,,3,2,1,0
2026-01-20T07:30:00+08:00,4666.21,4668.96,4664.35,4665.99,4667.573763790281,0,0,0,0,0,,3,2,1,0
2026-01-20T07:45:00+08:00,4666,4667.03,4664.82,4665.48,4667.491655406348,0,0,0,0,0,,3,2,1,0
2026-01-20T08:00:00+08:00,4665.42,4667.98,4664.13,4667.83,4667.504923821785,0,0,0,0,0,,3,2,1,0
2026-01-20T08:15:00+08:00,4667.84,4668.07,4659.46,4659.51,4667.1913973974015,0,0,0,0,0,,3,2,1,0
2026-01-20T08:30:00+08:00,4659.52,4666.34,4659.5,4663.21,4667.035264166131,0,0,0,0,0,,3,2,1,0
2026-01-20T08:45:00+08:00,4663.07,4664.28,4660.49,4660.61,4666.783293022361,0,0,0,0,0,,3,2,1,0
2026-01-20T09:00:00+08:00,4660.52,4673.27,4659.88,4670.04,4666.911007021485,0,0,0,0,0,,3,2,1,0
2026-01-20T09:15:00+08:00,4669.98,4672.22,4666.29,4670.95,4667.069398902995,0,0,0,0,0,,3,2,1,0
2026-01-20T09:30:00+08:00,4670.95,4675.94,4670.95,4673.25,4667.311775416603,0,0,0,0,0,,3,2,1,0
2026-01-20T09:45:00+08:00,4673.2,4674.91,4665.9,4669.56,4667.399941086541,0,0,0,0,0,,3,2,1,0
2026-01-20T10:00:00+08:00,4669.55,4671.88,4665.47,4666.25,4667.354845357657,0,0,0,0,0,,3,2,1,0
2026-01-20T10:15:00+08:00,4666.22,4673.4,4665.53,4672.03,4667.538184755395,0,0,0,0,0,,3,2,1,0
2026-01-20T10:30:00+08:00,4672.05,4674.82,4670.14,4674.06,4667.793942215968,0,0,0,0,0,,3,2,1,0
2026-01-20T10:45:00+08:00,4674.11,4674.27,4666.77,4668.61,4667.825944482009,0,0,0,0,0,,3,2,1,0
2026-01-20T11:00:00+08:00,4668.8,4671.5,4665.97,4671.5,4667.970025090557,0,0,0,0,0,,3,2,1,0
2026-01-20T11:15:00+08:00,4671.51,4674.07,4670.96,4673.19,4668.174729988967,0,0,0,0,0,,3,2,1,0
2026-01-20T11:30:00+08:00,4673.17,4678.94,4672.61,4676.86,4668.515328812929,0,0,0,0,0,,3,2,1,0
2026-01-20T11:45:00+08:00,4676.84,4681.46,4676.8,4680.23,4668.974727683009,0,0,0,0,0,,3,2,1,0
2026-01-20T12:00:00+08:00,4680.2,4682.59,4679.48,4680.32,4669.419640322892,0,0,0,0,0,,3,2,1,0
2026-01-20T12:15:00+08:00,4680.48,4687.16,4680.28,4686.03,4670.071026976896,0,0,0,0,0,,3,2,1,0
2026-01-20T12:30:00+08:00,4686.09,4693.51,4684.28,4689.84,4670.84628082094,0,0,0,0,0,,3,2,1,0
2026-01-20T12:45:00+08:00,4689.85,4697.07,4688.66,4695.14,4671.798975690706,0,0,0,0,0,,3,2,1,0
2026-01-20T13:00:00+08:00,4695.17,4701.58,4694.5,4699.63,4672.890388408718,0,0,0,0,0,,3,2,1,0
2026-01-20T13:15:00+08:00,4699.57,4700.51,4694.85,4696.06,4673.799000627983,0,0,0,0,0,,3,2,1,0
2026-01-20T13:30:00+08:00,4696.02,4706.24,4694.44,4704.97,4675.021392760219,0,0,0,0,0,,3,2,1,0
2026-01-20T13:45:00+08:00,4705.19,4716.45,4704.82,4714.37,4676.564475397073,0,0,0,0,0,,3,2,1,0
2026-01-20T14:00:00+08:00,4714.42,4717.12,4707.6,4712.95,4677.991358714835,0,0,0,0,0,,3,2,1,0
2026-01-20T14:15:00+08:00,4712.99,4715.38,4709.5,4712.5,4679.344638765234,0,0,0,0,0,,3,2,1,0
2026-01-20T14:30:00+08:00,4712.61,4714.73,4705.56,4710.6,4680.570339205813,0,0,0,0,0,,3,2,1,0
2026-01-20T14:45:00+08:00,4710.59,4715.16,4709.22,4712.59,4681.826012178134,0,0,0,0,0,,3,2,1,0
2026-01-20T15:00:00+08:00,4712.56,4717.75,4711.69,4715.33,4683.139894053501,0,0,0,0,0,,3,2,1,0
2026-01-20T15:15:00+08:00,4715.32,4722.13,4714.67,4718.05,4684.508917816109,0,0,0,0,0,,3,2,1,0
2026-01-20T15:30:00+08:00,4718.3,4721.51,4716.72,4720.04,4685.902293588026,0,0,0,0,0,,3,2,1,0
2026-01-20T15:45:00+08:00,4720.04,4722.82,4714.71,4715.91,4687.079066388495,0,0,0,0,0,,3,2,1,0
2026-01-20T16:00:00+08:00,4716.23,4725.83,4714.92,4724.56,4688.54890692228,0,0,0,0,0,,3,2,1,0
2026-01-20T16:15:00+08:00,4724.57,4724.98,4718.23,4718.71,4689.731694886113,0,0,0,0,0,,3,2,1,0
2026-01-20T16:30:00+08:00,4718.72,4724.58,4716.15,4722.69,4691.024177439598,1,0,0,0,0,,3,2,1,0
2026-01-20T16:45:00+08:00,4722.67,4731.57,4722.6,4729.47,4692.531856755692,0,0,0,0,0,,3,2,1,0
2026-01-20T17:00:00+08:00,4729.45,4731.45,4724.28,4725.2,4693.812960412331,0,0,0,0,0,,3,2,1,0
2026-01-20T17:15:00+08:00,4725.12,4733.83,4721.41,4733.17,4695.356373729495,0,0,0,0,0,,3,2,1,0
2026-01-20T17:30:00+08:00,4733.13,4736.29,4732.64,4734.37,4696.88631985775,0,0,0,0,0,,3,2,1,0
2026-01-20T17:45:00+08:00,4734.35,4737.47,4732.27,4732.36,4698.277444569211,0,0,0,0,0,,3,2,1,0
2026-01-20T18:00:00+08:00,4732.35,4734.89,4730.38,4731.38,4699.575583997869,0,0,0,0,0,,3,2,1,0
2026-01-20T18:15:00+08:00,4731.44,4733.48,4727.66,4727.7,4700.6785022724625,0,0,0,0,0,,3,2,1,0
2026-01-20T18:30:00+08:00,4727.69,4729.37,4723.42,4724.56,4701.615031595111,0,0,0,0,0,,3,2,1,0
2026-01-20T18:45:00+08:00,4724.57,4728.22,4723.04,4726.64,4702.5964029051065,0,0,0,0,0,,3,2,1,0
2026-01-20T19:00:00+08:00,4726.7,4728.02,4721.67,4726.39,4703.529485144122,0,0,0,0,0,,3,2,1,0
2026-01-20T19:15:00+08:00,4726.39,4729.17,4725.64,4726.94,4704.447544550235,0,0,0,0,0,,3,2,1,0
2026-01-20T19:30:00+08:00,4726.93,4732.21,4725.87,4732.21,4705.536268293363,0,0,0,0,0,,3,2,1,0
2026-01-20T19:45:00+08:00,4732.18,4735.08,4730.49,4733.15,4706.619159732839,0,0,0,0,0,,3,2,1,0
2026-01-20T20:00:00+08:00,4732.08,4732.58,4728.37,4730.07,4707.538800527629,0,0,0,0,0,,3,2,1,0
2026-01-20T20:15:00+08:00,4730.18,4730.51,4726.29,4726.71,4708.290612271644,0,0,0,0,0,,3,2,1,0
2026-01-20T20:30:00+08:00,4726.43,4729.26,4724.08,4726.6,4709.008627476677,0,0,0,0,0,,3,2,1,0
2026-01-20T20:45:00+08:00,4726.56,4729.26,4725.85,4727.77,4709.744367575631,0,0,0,0,0,,3,2,1,0
2026-01-20T21:00:00+08:00,4727.53,4728.39,4722.07,4723.61,4710.288117866783,0,0,0,0,0,,3,2,1,0
2026-01-20T21:15:00+08:00,4723.72,4726.03,4715.86,4719.44,4710.647015205341,0,0,0,0,0,,3,2,1,0
2026-01-20T21:30:00+08:00,4719.42,4730.4,4715.37,4729.67,4711.393014609052,0,0,0,0,0,,3,2,1,0
2026-01-20T21:45:00+08:00,4729.68,4738.27,4727.39,4737.23,4712.406229722423,0,0,0,0,0,,3,2,1,0
2026-01-20T22:00:00+08:00,4737.12,4748.46,4732.28,4740.77,4713.51853443919,0,0,0,0,0,,3,2,1,0
2026-01-20T22:15:00+08:00,4740.41,4750.57,4740.23,4750.34,4714.96251348079,0,0,0,0,0,,3,2,1,0
2026-01-20T22:30:00+08:00,4750.57,4750.57,4728.34,4738.29,4715.877316873701,0,0,0,0,0,,3,2,1,0
2026-01-20T22:45:00+08:00,4738.27,4742.25,4733.43,4741,4716.862520133555,0,0,0,0,0,,3,2,1,0
2026-01-20T23:00:00+08:00,4740.49,4748.29,4738.64,4744.66,4717.95261738322,0,0,0,0,0,,3,2,1,0
2026-01-20T23:15:00+08:00,4744.66,4744.73,4722.52,4724.16,4718.196044152505,0,0,0,0,0,,3,2,1,0
2026-01-20T23:30:00+08:00,4723.94,4735.41,4722.62,4732.87,4718.771493401427,0,1,0,0,0,,3,2,1,0
2026-01-20T23:45:00+08:00,4732.89,4739.29,4729.92,4737.46,4719.504376013136,0,0,0,0,0,,3,2,1,0
2026-01-21T00:00:00+08:00,4737.46,4743.42,4729.07,4741.3,4720.359106365562,0,0,0,0,0,,3,2,1,0
2026-01-21T00:15:00+08:00,4741.31,4744.17,4735.48,4741.28,4721.179533566913,0,0,0,0,0,,3,2,1,0
2026-01-21T00:30:00+08:00,4741.23,4745.63,4740.64,4745.33,4722.126610681936,0,0,0,0,0,,3,2,1,0
2026-01-21T00:45:00+08:00,4745.32,4757.73,4745.32,4753.51,4723.357331831664,0,0,0,0,0,,3,2,1,0
2026-01-21T01:00:00+08:00,4752.53,4754.34,4746.18,4754.12,4724.56371097552,0,0,0,0,0,,3,2,1,0
2026-01-21T01:15:00+08:00,4754.18,4756.75,4751.69,4755.04,4725.758859564715,0,0,0,0,0,,3,2,1,0
2026-01-21T01:30:00+08:00,4755.05,4757.69,4752.11,4756.64,4726.969884679824,0,0,0,0,0,,3,2,1,0
2026-01-21T01:45:00+08:00,4756.69,4762.51,4752.24,4759.27,4728.236555868851,0,0,0,0,0,,3,2,1,0
2026-01-21T02:00:00+08:00,4759.28,4765.26,4758.81,4763.17,4729.606494854386,0,0,0,0,0,,3,2,1,0
2026-01-21T02:15:00+08:00,4763.16,4766.31,4759.54,4761.65,4730.863102899312,0,0,0,0,0,,3,2,1,0
2026-01-21T02:30:00+08:00,4761.6,4762.9,4757.35,4757.68,4731.914745922869,0,0,0,0,0,,3,2,1,0
2026-01-21T02:45:00+08:00,4757.61,4760.45,4752.83,4759.47,4732.995344121972,0,0,0,0,0,,3,2,1,0
2026-01-21T03:00:00+08:00,4759.47,4760.4,4756.52,4759.28,4734.026114940719,0,0,0,0,0,,3,2,1,0
2026-01-21T03:15:00+08:00,4759.26,4766.25,4758.31,4759.68,4735.032149648926,0,0,0,0,0,,3,2,1,0
2026-01-21T03:30:00+08:00,4759.6,4763.93,4756.97,4763.51,4736.148928094066,0,0,1,0,0,,3,2,1,0
2026-01-21T03:45:00+08:00,4763.33,4763.98,4758.51,4760.72,4737.1124995413575,0,0,0,0,0,,3,2,1,0
2026-01-21T04:00:00+08:00,4760.68,4761.32,4755.88,4760.15,4738.015930931892,0,0,0,0,0,,3,2,1,0
2026-01-21T04:15:00+08:00,4760.15,4760.88,4747.44,4750.51,4738.505894424759,0,0,0,0,0,,3,2,1,0
2026-01-21T04:30:00+08:00,4750.53,4755.09,4748.76,4749.86,4738.9511534669255,0,0,0,0,0,,3,2,1,0
2026-01-21T04:45:00+08:00,4749.91,4757.9,4749.54,4756.78,4739.6503239192025,0,0,0,0,0,,3,2,1,0
2026-01-21T05:00:00+08:00,4756.94,4760.49,4756.37,4760.38,4740.4632523929595,0,0,0,0,0,,3,2,1,0
2026-01-21T05:15:00+08:00,4760.37,4760.96,4759.41,4759.78,4741.220771906961,0,0,0,0,0,,3,2,1,0
2026-01-21T05:30:00+08:00,4759.73,4759.84,4757.29,4759.15,4741.923878891002,0,0,0,0,0,,3,2,1,0
2026-01-21T05:45:00+08:00,4759.52,4763.83,4758.82,4763.55,4742.771962071746,0,0,0,0,0,,3,2,1,0
2026-01-21T07:00:00+08:00,4760.68,4763.99,4757.71,4758.14,4743.374630225795,0,0,0,0,0,,3,2,1,0
2026-01-21T07:15:00+08:00,4758.18,4761.27,4757.78,4759.56,4744.009350609097,0,0,0,0,0,,3,2,1,0
2026-01-21T07:30:00+08:00,4759.39,4773.55,4758.55,4773.55,4745.167807447956,0,0,0,0,0,,3,2,1,0
2026-01-21T07:45:00+08:00,4773.97,4781.17,4771.95,4775.78,4746.368285587252,0,0,0,0,0,,3,2,1,0
2026-01-21T08:00:00+08:00,4775.78,4777.79,4770.69,4776.73,4747.558941054419,0,0,0,0,0,,3,2,1,0
2026-01-21T08:15:00+08:00,4776.7,4779.99,4773.64,4777.33,4748.7264335620885,0,0,0,0,0,,3,2,1,0
2026-01-21T08:30:00+08:00,4777.26,4785.83,4776.62,4785.17,4750.155593030242,0,0,0,0,0,,3,2,1,0
2026-01-21T08:45:00+08:00,4784.99,4787.52,4782.04,4784.53,4751.50360898984,0,0,0,0,0,,3,2,1,0
2026-01-21T09:00:00+08:00,4784.47,4809.99,4783.35,4807.74,4753.708957656905,0,0,0,0,0,,3,2,1,0
2026-01-21T09:15:00+08:00,4807.78,4827.72,4805,4827.53,4756.603900493889,0,0,0,0,0,,3,2,1,0
2026-01-21T09:30:00+08:00,4827.51,4836.42,4814.97,4819.11,4759.055120082364,0,0,0,0,0,,3,2,1,0
2026-01-21T09:45:00+08:00,4818.83,4844.14,4818.83,4835.22,4762.04197811835,0,0,0,0,0,,3,2,1,0
2026-01-21T10:00:00+08:00,4835.11,4842.11,4822.58,4828.19,4764.63601819214,0,0,0,0,0,,3,2,1,0
2026-01-21T10:15:00+08:00,4828.23,4828.26,4817.3,4825.17,4767.009899831664,0,0,0,0,0,,3,2,1,0
2026-01-21T10:30:00+08:00,4824.94,4839.57,4822.56,4830.87,4769.5142174853245,0,0,0,0,0,,3,2,1,0
2026-01-21T10:45:00+08:00,4830.82,4837.16,4827.56,4836.72,4772.149738368253,0,0,0,0,0,,3,2,1,0
2026-01-21T11:00:00+08:00,4836.67,4849.65,4833.25,4833.64,4774.561121177341,0,0,0,0,0,,3,2,1,0
2026-01-21T11:15:00+08:00,4833.71,4837.02,4827.14,4833.73,4776.881469366465,0,0,0,0,0,,3,2,1,0
2026-01-21T11:30:00+08:00,4833.68,4846.26,4831.78,4842.89,4779.470039195231,0,0,0,0,0,,3,2,1,0
2026-01-21T11:45:00+08:00,4843.03,4847.15,4840.01,4845.06,4782.042194520908,0,0,0,0,0,,3,2,1,0
2026-01-21T12:00:00+08:00,4845.04,4846.66,4837.78,4844.9,4784.507206500481,0,0,0,0,0,,3,2,1,0
2026-01-21T12:15:00+08:00,4844.85,4854.24,4843.81,4849.94,4787.073198402422,0,0,0,0,0,,3,2,1,0
2026-01-21T12:30:00+08:00,4849.92,4865.6,4849.91,4865.37,4790.143661210171,0,0,0,0,0,,3,2,1,0
2026-01-21T12:45:00+08:00,4865.41,4870.87,4862.43,4865.96,4793.116850966635,0,0,0,0,0,,3,2,1,0
2026-01-21T13:00:00+08:00,4866,4867.06,4858.91,4867,4796.0142293601,0,0,0,0,0,,3,2,1,0
2026-01-21T13:15:00+08:00,4867.01,4874.21,4863.61,4868.7,4798.864651738136,0,0,0,0,0,,3,2,1,0
2026-01-21T13:30:00+08:00,4868.88,4878.27,4863.73,4871.16,4801.69976343468,0,0,0,0,0,,3,2,1,0
2026-01-21T13:45:00+08:00,4871.16,4876.91,4869.08,4869.77,4804.369184476457,0,0,0,0,0,,3,2,1,0
2026-01-21T14:00:00+08:00,4870.03,4875.51,4864.49,4871.51,4807.002157634243,0,0,0,0,0,,3,2,1,0
2026-01-21T14:15:00+08:00,4871.53,4888.52,4870.28,4884.01,4810.022073021136,0,0,0,0,0,,3,2,1,0
2026-01-21T14:30:00+08:00,4884,4887.38,4859.32,4861.58,4812.043952510503,0,0,0,0,0,,3,2,1,0
2026-01-21T14:45:00+08:00,4861.62,4866,4845.46,4847.61,4813.438699470876,0,0,0,0,0,,3,2,1,0
2026-01-21T15:00:00+08:00,4847.57,4849.6,4835.01,4837.15,4814.368554393586,0,0,0,0,0,,3,2,1,0
2026-01-21T15:15:00+08:00,4837.49,4850.51,4832.34,4849.33,4815.739591476191,0,0,0,0,0,,3,2,1,0
2026-01-21T15:30:00+08:00,4849.42,4852.03,4838.8,4849.24,4817.053332986929,0,0,0,0,0,,3,2,1,0
2026-01-21T15:45:00+08:00,4849.25,4857.3,4847.49,4855.32,4818.553986595284,0,0,0,0,0,,3,2,1,0
2026-01-21T16:00:00+08:00,4855.27,4863.71,4853.97,4858.57,4820.12324202292,0,0,0,0,0,,3,2,1,0
2026-01-21T16:15:00+08:00,4858.66,4869.64,4858.48,4866.69,4821.94938939457,0,0,0,0,0,,3,2,1,0
2026-01-21T16:30:00+08:00,4866.67,4868.14,4859.02,4861.26,4823.490981967332,1,0,0,0,0,,3,2,1,0
2026-01-21T16:45:00+08:00,4861.25,4863.18,4851.5,4854.53,4824.70819836077,0,0,0,0,0,,3,2,1,0
2026-01-21T17:00:00+08:00,4854.62,4862.51,4852.41,4859.84,4826.085916072113,0,0,0,0,0,,3,2,1,0
2026-01-21T17:15:00+08:00,4859.97,4876.58,4858,4875.78,4828.034703677128,0,0,0,0,0,,3,2,1,0
2026-01-21T17:30:00+08:00,4875.9,4877.09,4864.14,4866.39,4829.538832944691,0,0,0,0,0,,3,2,1,0
2026-01-21T17:45:00+08:00,4866.41,4867.54,4859.16,4860.47,4830.751819888037,0,0,0,0,0,,3,2,1,0
2026-01-21T18:00:00+08:00,4860.41,4866.81,4859.54,4863.42,4832.032924990467,0,0,0,0,0,,3,2,1,0
2026-01-21T18:15:00+08:00,4863.37,4864.51,4859.83,4860.36,4833.143790677115,0,0,0,0,0,,3,2,1,0
2026-01-21T18:30:00+08:00,4860.27,4865.72,4859.99,4865.06,4834.395406728993,0,0,0,0,0,,3,2,1,0
2026-01-21T18:45:00+08:00,4865.08,4866.63,4861.94,4861.98,4835.477155484719,0,0,0,0,0,,3,2,1,0
2026-01-21T19:00:00+08:00,4862.12,4865.48,4860.69,4865.25,4836.644718014731,0,0,0,0,0,,3,2,1,0
2026-01-21T19:15:00+08:00,4865.12,4871.49,4865.01,4866.99,4837.834729072976,0,0,0,0,0,,3,2,1,0
2026-01-21T19:30:00+08:00,4866.82,4867.37,4860.59,4862.29,4838.7937593054085,0,0,0,0,0,,3,2,1,0
2026-01-21T19:45:00+08:00,4862.27,4866.77,4855.04,4866.75,4839.890082469902,0,0,0,0,0,,3,2,1,0
2026-01-21T20:00:00+08:00,4866.73,4867.49,4861.29,4862.32,4840.769687078926,0,0,0,0,0,,3,2,1,0
2026-01-21T20:15:00+08:00,4862.33,4864.87,4855.69,4864.86,4841.714405232694,0,0,0,0,0,,3,2,1,0
2026-01-21T20:30:00+08:00,4865.11,4870.7,4863.57,4865.59,4842.650703066706,0,0,0,0,0,,3,2,1,0
2026-01-21T20:45:00+08:00,4865.66,4867.33,4856.72,4865.14,4843.532636279777,0,0,0,0,0,,3,2,1,0
2026-01-21T21:00:00+08:00,4865.45,4871.49,4858.48,4869.21,4844.539591719786,0,0,0,0,0,,3,2,1,0
2026-01-21T21:15:00+08:00,4869.22,4871.44,4861.65,4868.06,4845.461960671951,0,0,0,0,0,,3,2,1,0
2026-01-21T21:30:00+08:00,4868.1,4879.08,4867.14,4877.41,4846.714824959326,0,0,0,0,0,,3,2,1,0
2026-01-21T21:45:00+08:00,4877.41,4880.37,4869.8,4879.52,4848.001302411901,0,0,0,0,0,,3,2,1,0
2026-01-21T22:00:00+08:00,4879.52,4881.01,4839.66,4844.68,4847.871055258493,0,0,0,0,0,,3,2,1,0
2026-01-21T22:15:00+08:00,4844.74,4864.67,4841.91,4860.79,4848.377680542473,0,0,0,0,0,,3,2,1,0
2026-01-21T22:30:00+08:00,4860.66,4872.36,4850.03,4860.99,4848.872281305514,0,0,0,0,0,,3,2,1,0
2026-01-21T22:45:00+08:00,4860.75,4862.07,4846.62,4852.08,4848.998074195493,0,0,0,0,0,,3,2,1,0
2026-01-21T23:00:00+08:00,4852.14,4868.69,4847.12,4860.49,4849.448737952533,0,0,0,0,0,,3,2,1,0
2026-01-21T23:15:00+08:00,4860.27,4861.9,4812.84,4831.1,4848.729179601453,0,0,0,0,0,,3,2,1,0
2026-01-21T23:30:00+08:00,4831.09,4845.3,4828.88,4837.19,4848.276662754338,0,1,0,0,0,,3,2,1,0
2026-01-21T23:45:00+08:00,4837.2,4854.5,4834.21,4847.77,4848.256793626717,0,0,0,0,0,,3,2,1,0
2026-01-22T00:00:00+08:00,4848.36,4855.75,4843.79,4846.91,4848.203978190375,0,0,0,0,0,,3,2,1,0
2026-01-22T00:15:00+08:00,4846.9,4852.72,4828.95,4840.15,4847.8881359084,0,0,0,0,0,,3,2,1,0
2026-01-22T00:30:00+08:00,4840.04,4849.75,4833.53,4834.81,4847.37526783356,0,0,0,0,0,,3,2,1,0
2026-01-22T00:45:00+08:00,4834.74,4837.58,4819.67,4833.28,4846.822512232245,0,0,0,0,0,,3,2,1,0
2026-01-22T01:00:00+08:00,4833.38,4834.17,4815.38,4818.31,4845.704374497647,0,0,0,0,0,,3,2,1,0
2026-01-22T01:15:00+08:00,4818.31,4826.32,4814.53,4821.21,4844.743810791857,0,0,0,0,0,,3,2,1,0
2026-01-22T01:30:00+08:00,4821.23,4821.53,4802.47,4809.9,4843.377386839235,0,0,0,0,0,,3,2,1,0
2026-01-22T01:45:00+08:00,4809.9,4827.67,4808.65,4826.24,4842.705332453383,0,0,0,0,0,,3,2,1,0
2026-01-22T02:00:00+08:00,4825.81,4831.81,4822.65,4825.67,4842.0372802003085,0,0,0,0,0,,3,2,1,0
2026-01-22T02:15:00+08:00,4825.63,4837.12,4819.83,4833.89,4841.717779015983,0,0,0,0,0,,3,2,1,0
2026-01-22T02:30:00+08:00,4834.01,4838.64,4830.36,4837.94,4841.569630819278,0,0,0,0,0,,3,2,1,0
2026-01-22T02:45:00+08:00,4837.94,4850.65,4836.04,4850.27,4841.910821767542,0,0,0,0,0,,3,2,1,0
2026-01-22T03:00:00+08:00,4850.44,4850.95,4843.11,4849.1,4842.1927503256775,0,0,0,0,0,,3,2,1,0
2026-01-22T03:15:00+08:00,4848.97,4853.94,4805.28,4816.05,4841.167544430553,0,0,0,0,0,,3,2,1,0
2026-01-22T03:30:00+08:00,4816.03,4821.04,4765.83,4765.95,4838.217836805826,0,0,1,0,0,,3,2,1,0
2026-01-22T03:45:00+08:00,4765.92,4782.9,4755.55,4781.37,4835.988509872264,0,0,0,0,0,,3,2,1,0
2026-01-22T04:00:00+08:00,4781.12,4787.38,4772.21,4787.3,4834.07915654394,0,0,0,0,0,,3,2,1,0
2026-01-22T04:15:00+08:00,4787.33,4800.99,4784.51,4797.42,4832.641542561825,0,0,0,0,0,,3,2,1,0
2026-01-22T04:30:00+08:00,4797.41,4821.4,4796.54,4820.21,4832.154031088812,0,0,0,0,0,,3,2,1,0
2026-01-22T04:45:00+08:00,4820.24,4827.79,4816.3,4826.73,4831.94132398729,0,0,0,0,0,,3,2,1,0
2026-01-22T05:00:00+08:00,4826.52,4826.52,4813.15,4823.87,4831.624801477985,0,0,0,0,0,,3,2,1,0
2026-01-22T05:15:00+08:00,4823.99,4838.45,4823.59,4832.49,4831.658730831789,0,0,0,0,0,,3,2,1,0
2026-01-22T05:30:00+08:00,4832.55,4839.42,4832.2,4835.13,4831.794859034464,0,0,0,0,0,,3,2,1,0
2026-01-22T05:45:00+08:00,4835.14,4839.78,4827.89,4831.25,4831.773492013504,0,0,0,0,0,,3,2,1,0
2026-01-22T07:00:00+08:00,4832,4833.05,4802.23,4815.03,4831.116884483563,0,0,0,0,0,,3,2,1,0
2026-01-22T07:15:00+08:00,4815.03,4815.28,4784.88,4795.11,4829.704849797933,0,0,0,0,0,,3,2,1,0
2026-01-22T07:30:00+08:00,4795.1,4801.8,4785.7,4787.43,4828.0470125509555,0,0,0,0,0,,3,2,1,0
2026-01-22T07:45:00+08:00,4787.42,4797.5,4777.5,4778.52,4826.104776764643,0,0,0,0,0,,3,2,1,0
2026-01-22T08:00:00+08:00,4778.28,4794.24,4778.16,4790.19,4824.696354146422,0,0,0,0,0,,3,2,1,0
2026-01-22T08:15:00+08:00,4790.22,4790.23,4780.03,4783.23,4823.070222611268,0,0,0,0,0,,3,2,1,0
2026-01-22T08:30:00+08:00,4782.72,4795.68,4780.12,4793.04,4821.892566822591,0,0,0,0,0,,3,2,1,0
2026-01-22T08:45:00+08:00,4793.03,4798.85,4787.52,4797.98,4820.9548191040585,0,0,0,0,0,,3,2,1,0
2026-01-22T09:00:00+08:00,4797.51,4797.51,4772.49,4791.57,4819.80247325684,0,0,0,0,0,,3,2,1,0
2026-01-22T09:15:00+08:00,4791.7,4809.74,4788.49,4795.87,4818.863944893827,0,0,0,0,0,,3,2,1,0
2026-01-22T09:30:00+08:00,4795.86,4804.59,4793.25,4803.2,4818.249672545049,0,0,0,0,0,,3,2,1,0
2026-01-22T09:45:00+08:00,4803.19,4804.74,4797.73,4797.77,4817.446548131518,0,0,0,0,0,,3,2,1,0
2026-01-22T10:00:00+08:00,4797.41,4798.39,4787.28,4793.56,4816.509820753811,0,0,0,0,0,,3,2,1,0
2026-01-22T10:15:00+08:00,4793.69,4795.83,4786.78,4787.69,4815.379631704642,0,0,0,0,0,,3,2,1,0
2026-01-22T10:30:00+08:00,4787.7,4787.95,4774.52,4781.95,4814.06866575544,0,0,0,0,0,,3,2,1,0
2026-01-22T10:45:00+08:00,4781.97,4792.35,4781.97,4789.21,4813.093816117971,0,0,0,0,0,,3,2,1,0
2026-01-22T11:00:00+08:00,4789.19,4791.46,4784.18,4789.74,4812.177980191776,0,0,0,0,0,,3,2,1,0
2026-01-22T11:15:00+08:00,4789.71,4795.8,4785.75,4792.76,4811.416490772491,0,0,0,0,0,,3,2,1,0
2026-01-22T11:30:00+08:00,4792.75,4794.49,4790.26,4790.49,4810.59584407553,0,0,0,0,0,,3,2,1,0
2026-01-22T11:45:00+08:00,4790.49,4796.81,4790.09,4796.71,4810.051301170608,0,0,0,0,0,,3,2,1,0
2026-01-22T12:00:00+08:00,4796.68,4800.4,4795.3,4798.29,4809.590073673721,0,0,0,0,0,,3,2,1,0
2026-01-22T12:15:00+08:00,4798.32,4799.74,4794.6,4796.12,4809.061835490438,0,0,0,0,0,,3,2,1,0
2026-01-22T12:30:00+08:00,4796.11,4798.29,4793.76,4795.32,4808.52293998101,0,0,0,0,0,,3,2,1,0
2026-01-22T12:45:00+08:00,4795.3,4798.07,4793.88,4797.51,4808.091059981754,0,0,0,0,0,,3,2,1,0
2026-01-22T13:00:00+08:00,4797.13,4801.54,4793.54,4800.38,4807.788665472666,0,0,0,0,0,,3,2,1,0
2026-01-22T13:15:00+08:00,4800.39,4800.6,4795.08,4795.5,4807.306757022758,0,0,0,0,0,,3,2,1,0
2026-01-22T13:30:00+08:00,4795.51,4802.86,4795.3,4800.81,4807.051982237552,0,0,0,0,0,,3,2,1,0
2026-01-22T13:45:00+08:00,4801.13,4821.73,4800.96,4821.16,4807.605237836079,0,0,0,0,0,,3,2,1,0
2026-01-22T14:00:00+08:00,4821.17,4824.84,4816.47,4818.16,4808.019150077802,0,0,0,0,0,,3,2,1,0
2026-01-22T14:15:00+08:00,4818.15,4829.12,4816.98,4825.48,4808.7038892904375,0,0,0,0,0,,3,2,1,0
2026-01-22T14:30:00+08:00,4825.61,4828.27,4823.58,4824.09,4809.307266181008,0,0,0,0,0,,3,2,1,0
2026-01-22T14:45:00+08:00,4823.9,4826.81,4821.29,4826.41,4809.977961624891,0,0,0,0,0,,3,2,1,0
2026-01-22T15:00:00+08:00,4826.87,4834.97,4825.6,4833.15,4810.8866690121495,0,0,0,0,0,,3,2,1,0
2026-01-22T15:15:00+08:00,4833.31,4838.03,4829.96,4837.18,4811.917780031281,0,0,0,0,0,,3,2,1,0
2026-01-22T15:30:00+08:00,4837.1,4838.58,4832.66,4833.12,4812.7492396378975,0,0,0,0,0,,3,2,1,0
2026-01-22T15:45:00+08:00,4833.41,4835.71,4830.59,4832.75,4813.533583181509,0,0,0,0,0,,3,2,1,0
2026-01-22T16:00:00+08:00,4832.68,4835.65,4824.34,4827.74,4814.0906975665475,0,0,0,0,0,,3,2,1,0
2026-01-22T16:15:00+08:00,4827.8,4830.6,4825.79,4826.44,4814.574983936487,0,0,0,0,0,,3,2,1,0
2026-01-22T16:30:00+08:00,4826.45,4828.63,4822.15,4826.71,4815.05086691937,1,0,0,0,0,,3,2,1,0
2026-01-22T16:45:00+08:00,4826.69,4831.97,4825.83,4830.74,4815.666127040178,0,0,0,0,0,,3,2,1,0
2026-01-22T17:00:00+08:00,4830.72,4837.99,4829.62,4832.76,4816.336474999387,0,0,0,0,0,,3,2,1,0
2026-01-22T17:15:00+08:00,4832.75,4833.73,4828.07,4829.55,4816.854652450392,0,0,0,0,0,,3,2,1,0
2026-01-22T17:30:00+08:00,4829.42,4831.18,4813.94,4816.32,4816.833685687631,0,0,0,0,0,,3,2,1,0
2026-01-22T17:45:00+08:00,4815.55,4823.25,4814.48,4823.03,4817.076678405763,0,0,0,0,0,,3,2,1,0
2026-01-22T18:00:00+08:00,4823.04,4825.1,4819.3,4823.61,4817.332887095733,0,0,0,0,0,,3,2,1,0
2026-01-22T18:15:00+08:00,4823.8,4827.6,4821.07,4826.72,4817.7010091704105,0,0,0,0,0,,3,2,1,0
2026-01-22T18:30:00+08:00,4826.49,4829.31,4824.24,4828.22,4818.1135186147085,0,0,0,0,0,,3,2,1,0
2026-01-22T18:45:00+08:00,4828.2,4831.85,4827,4828.91,4818.536910041583,0,0,0,0,0,,3,2,1,0
2026-01-22T19:00:00+08:00,4828.91,4831.9,4826.09,4826.09,4818.833109647795,0,0,0,0,0,,3,2,1,0
2026-01-22T19:15:00+08:00,4826.16,4829.68,4824.38,4827.8,4819.184752406705,0,0,0,0,0,,3,2,1,0
2026-01-22T19:30:00+08:00,4827.81,4831.6,4825.22,4830.89,4819.643781724089,0,0,0,0,0,,3,2,1,0
2026-01-22T19:45:00+08:00,4830.91,4836.41,4830.3,4831.26,4820.099319695693,0,0,0,0,0,,3,2,1,0
2026-01-22T20:00:00+08:00,4831.18,4831.18,4823.48,4824.97,4820.290326766451,0,0,0,0,0,,3,2,1,0
2026-01-22T20:15:00+08:00,4825.01,4832.64,4824.64,4831.8,4820.741686501099,0,0,0,0,0,,3,2,1,0
2026-01-22T20:30:00+08:00,4831.79,4832.48,4829.38,4829.71,4821.093385069684,0,0,0,0,0,,3,2,1,0
2026-01-22T20:45:00+08:00,4829.77,4829.78,4818.74,4819.73,4821.039918988519,0,0,0,0,0,,3,2,1,0
2026-01-22T21:00:00+08:00,4819.93,4827.47,4815.92,4826.77,4821.264628047793,0,0,0,0,0,,3,2,1,0
2026-01-22T21:15:00+08:00,4827.37,4835.34,4825.94,4827.28,4821.500524987096,0,0,0,0,0,,3,2,1,0
2026-01-22T21:30:00+08:00,4827.18,4827.39,4811.39,4814.2,4821.214229889562,0,0,0,0,0,,3,2,1,0
2026-01-22T21:45:00+08:00,4813.9,4822.64,4810.55,4822.5,4821.264652246835,0,0,0,0,0,,3,2,1,0
2026-01-22T22:00:00+08:00,4822.41,4826.07,4820.37,4823.94,4821.3695678449985,0,0,0,0,0,,3,2,1,0
2026-01-22T22:15:00+08:00,4824.09,4830.56,4822.15,4829.32,4821.681349498136,0,0,0,0,0,,3,2,1,0
2026-01-22T22:30:00+08:00,4829.25,4847.86,4828.11,4845.67,4822.622080890366,0,0,0,0,0,,3,2,1,0
2026-01-22T22:45:00+08:00,4845.83,4846.85,4834.87,4835.02,4823.108273796626,0,0,0,0,0,,3,2,1,0
2026-01-22T23:00:00+08:00,4835.05,4840.78,4827.21,4839.18,4823.7385375693075,0,0,0,0,0,,3,2,1,0
2026-01-22T23:15:00+08:00,4839.16,4856.19,4836.13,4854.01,4824.92565374306,0,0,0,0,0,,3,2,1,0
2026-01-22T23:30:00+08:00,4854.01,4865.62,4853.45,4863.33,4826.43170653745,0,1,0,0,0,,3,2,1,0
2026-01-22T23:45:00+08:00,4863.39,4873.81,4860.59,4871.76,4828.209286673236,0,0,0,0,0,,3,2,1,0
2026-01-23T00:00:00+08:00,4871.59,4876.42,4868.1,4873.8,4829.99715778409,0,0,0,0,0,,3,2,1,0
2026-01-23T00:15:00+08:00,4873.67,4880.52,4870.61,4875.98,4831.800406498439,0,0,0,0,0,,3,2,1,0
2026-01-23T00:30:00+08:00,4875.98,4884.97,4873.28,4880.91,4833.726272910265,0,0,0,0,0,,3,2,1,0
2026-01-23T00:45:00+08:00,4880.95,4885.32,4874.72,4877.88,4835.457791619667,0,0,0,0,0,,3,2,1,0
2026-01-23T01:00:00+08:00,4877.88,4884.63,4869.9,4880.24,4837.21395665419,0,0,0,0,0,,3,2,1,0
2026-01-23T01:15:00+08:00,4880.62,4893.96,4876.48,4890.03,4839.2851740403,0,0,0,0,0,,3,2,1,0
2026-01-23T01:30:00+08:00,4890.04,4899.5,4889.14,4898.83,4841.620265254406,0,0,0,0,0,,3,2,1,0
2026-01-23T01:45:00+08:00,4898.82,4906.24,4896.36,4904.63,4844.091235244429,0,0,0,0,0,,3,2,1,0
2026-01-23T02:00:00+08:00,4904.61,4915.08,4901.34,4908.32,4846.610010332883,0,0,0,0,0,,3,2,1,0
2026-01-23T02:15:00+08:00,4908.45,4913.51,4906.98,4910.26,4849.106088359044,0,0,0,0,0,,3,2,1,0
2026-01-23T02:30:00+08:00,4910.43,4915.71,4907.31,4912.97,4851.610555482219,0,0,0,0,0,,3,2,1,0
2026-01-23T02:45:00+08:00,4912.96,4919.51,4911,4916.14,4854.141121933896,0,0,0,0,0,,3,2,1,0
2026-01-23T03:00:00+08:00,4916.1,4924.41,4915.57,4923.9,4856.876764210998,0,0,0,0,0,,3,2,1,0
2026-01-23T03:15:00+08:00,4923.98,4924.15,4909.68,4914.69,4859.143949928213,0,0,0,0,0,,3,2,1,0
2026-01-23T03:30:00+08:00,4915.23,4918.19,4913.61,4913.63,4861.280657774166,0,0,1,0,0,,3,2,1,0
2026-01-23T03:45:00+08:00,4913.52,4913.77,4905.86,4911.82,4863.262592763414,0,0,0,0,0,,3,2,1,0
2026-01-23T04:00:00+08:00,4911.92,4926.39,4911.44,4925.91,4865.719353831516,0,0,0,0,0,,3,2,1,0
2026-01-23T04:15:00+08:00,4925.96,4928.49,4924.58,4925.78,4868.074673289104,0,0,0,0,0,,3,2,1,0
2026-01-23T04:30:00+08:00,4925.75,4927.15,4918.52,4922.96,4870.227039042472,0,0,0,0,0,,3,2,1,0
2026-01-23T04:45:00+08:00,4922.92,4925.03,4914.08,4917.13,4872.066370844728,0,0,0,0,0,,3,2,1,0
2026-01-23T05:00:00+08:00,4916.97,4923.03,4914.62,4922.77,4874.0547484586605,0,0,0,0,0,,3,2,1,0
2026-01-23T05:15:00+08:00,4922.74,4925.32,4920.44,4925.02,4876.053385774007,0,0,0,0,0,,3,2,1,0
2026-01-23T05:30:00+08:00,4925.09,4940.5,4924.02,4939.17,4878.528547116203,0,0,0,0,0,,3,2,1,0
2026-01-23T05:45:00+08:00,4939.15,4940.83,4935.32,4936.3,4880.794094288117,0,0,0,0,0,,3,2,1,0
2026-01-23T07:00:00+08:00,4944.43,4960,4942.64,4943.12,4883.238247453289,0,0,0,0,0,,3,2,1,0
2026-01-23T07:15:00+08:00,4943,4946.72,4939.25,4940.31,4885.476355396297,0,0,0,0,0,,3,2,1,0
2026-01-23T07:30:00+08:00,4940.31,4940.34,4930.66,4938.82,4887.568263027814,0,0,0,0,0,,3,2,1,0
2026-01-23T07:45:00+08:00,4938.84,4960.55,4938.69,4958.79,4890.361272320841,0,0,0,0,0,,3,2,1,0
2026-01-23T08:00:00+08:00,4958.8,4963.42,4950.43,4951.9,4892.774555759239,0,0,0,0,0,,3,2,1,0
2026-01-23T08:15:00+08:00,4951.88,4958.59,4947.99,4952.14,4895.102612396132,0,0,0,0,0,,3,2,1,0
2026-01-23T08:30:00+08:00,4952.15,4956.08,4947.36,4949.19,4897.223686419813,0,0,0,0,0,,3,2,1,0
2026-01-23T08:45:00+08:00,4949.2,4965.8,4949.2,4965.13,4899.886679109232,0,0,0,0,0,,3,2,1,0
2026-01-23T09:00:00+08:00,4965.21,4967.26,4936.5,4949.12,4901.817397575537,0,0,0,0,0,,3,2,1,0
2026-01-23T09:15:00+08:00,4948.91,4954.47,4942.64,4947.52,4903.609656494144,0,0,0,0,0,,3,2,1,0
2026-01-23T09:30:00+08:00,4947.83,4956.11,4946.68,4951.11,4905.472415063001,0,0,0,0,0,,3,2,1,0
2026-01-23T09:45:00+08:00,4951.74,4963.03,4951.48,4953.67,4907.36251643308,0,0,0,0,0,,3,2,1,0
2026-01-23T10:00:00+08:00,4953.41,4956.84,4947.04,4949.47,4909.013790298449,0,0,0,0,0,,3,2,1,0
2026-01-23T10:15:00+08:00,4949.48,4953.58,4946.81,4953,4910.73873969851,0,0,0,0,0,,3,2,1,0
2026-01-23T10:30:00+08:00,4952.88,4957.71,4952.62,4956.8,4912.545063631901,0,0,0,0,0,,3,2,1,0
2026-01-23T10:45:00+08:00,4956.81,4962.22,4955.55,4955.65,4914.235453293395,0,0,0,0,0,,3,2,1,0
2026-01-23T11:00:00+08:00,4955.63,4959.03,4953.51,4955.1,4915.837984536792,0,0,0,0,0,,3,2,1,0
2026-01-23T11:15:00+08:00,4954.45,4955.44,4938.2,4943.6,4916.926691025545,0,0,0,0,0,,3,2,1,0
2026-01-23T11:30:00+08:00,4943.76,4953.25,4942.91,4949.5,4918.204075691209,0,0,0,0,0,,3,2,1,0
2026-01-23T11:45:00+08:00,4949.5,4954.44,4948.22,4952.06,4919.531758997437,0,0,0,0,0,,3,2,1,0
2026-01-23T12:00:00+08:00,4952.03,4953.59,4950.6,4952.28,4920.816003742635,0,0,0,0,0,,3,2,1,0
2026-01-23T12:15:00+08:00,4952.26,4953.3,4950.08,4952.83,4922.071454576258,0,0,0,0,0,,3,2,1,0
2026-01-23T12:30:00+08:00,4952.82,4958.02,4951.81,4956.93,4923.43845635758,0,0,0,0,0,,3,2,1,0
2026-01-23T12:45:00+08:00,4956.8,4958.45,4954.85,4956.31,4924.727536500421,0,0,0,0,0,,3,2,1,0
2026-01-23T13:00:00+08:00,4956.21,4957.63,4954.33,4956.3,4925.965672323933,0,0,0,0,0,,3,2,1,0
2026-01-23T13:15:00+08:00,4956.27,4960.18,4955.45,4957.32,4927.195253801426,0,0,0,0,0,,3,2,1,0
2026-01-23T13:30:00+08:00,4957.32,4961.41,4956.48,4961.13,4928.526028162154,0,0,0,0,0,,3,2,1,0
2026-01-23T13:45:00+08:00,4961.17,4967.29,4960.42,4960.64,4929.785399606775,0,0,0,0,0,,3,2,1,0
2026-01-23T14:00:00+08:00,4960.65,4962.99,4945.65,4952.64,4930.681658445726,0,0,0,0,0,,3,2,1,0
2026-01-23T14:15:00+08:00,4952.71,4959.01,4951.29,4953.06,4931.559240467462,0,0,0,0,0,,3,2,1,0
2026-01-23T14:30:00+08:00,4953.05,4955.91,4950.11,4953.05,4932.402015351091,0,0,0,0,0,,3,2,1,0
2026-01-23T14:45:00+08:00,4953,4956.28,4950.75,4953.73,4933.23840690595,0,0,0,0,0,,3,2,1,0
2026-01-23T15:00:00+08:00,4953.74,4958.05,4952.32,4956.01,4934.131410556697,0,0,0,0,0,,3,2,1,0
2026-01-23T15:15:00+08:00,4955.91,4959.65,4951.77,4956.95,4935.026257201533,0,0,0,0,0,,3,2,1,0
2026-01-23T15:30:00+08:00,4956.87,4958.48,4946.29,4946.3,4935.468364762257,0,0,0,0,0,,3,2,1,0
2026-01-23T15:45:00+08:00,4946.31,4951.11,4943.18,4944.5,4935.822546536286,0,0,0,0,0,,3,2,1,0
2026-01-23T16:00:00+08:00,4943.5,4947.61,4940.35,4942.29,4936.076172162314,0,0,0,0,0,,3,2,1,0
2026-01-23T16:15:00+08:00,4942.2,4942.98,4901.22,4913.27,4935.181812469674,0,0,0,0,0,,3,2,1,0
2026-01-23T16:30:00+08:00,4913.37,4926.47,4910.43,4925.2,4934.790368843412,1,0,0,0,0,,3,2,1,0
2026-01-23T16:45:00+08:00,4925,4925.42,4908.92,4913.83,4933.9683935946505,0,0,0,0,0,,3,2,1,0
2026-01-23T17:00:00+08:00,4912.92,4919.91,4909.16,4912.11,4933.111201688978,0,0,0,0,0,,3,2,1,0
2026-01-23T17:15:00+08:00,4912.03,4914.82,4899.76,4905.23,4932.017821230587,0,0,0,0,0,,3,2,1,0
2026-01-23T17:30:00+08:00,4905.28,4917.72,4903.14,4917.04,4931.430455692132,0,0,0,0,0,,3,2,1,0
2026-01-23T17:45:00+08:00,4917.04,4921.65,4914.47,4918.57,4930.926124096362,0,0,0,0,0,,3,2,1,0
2026-01-23T18:00:00+08:00,4918.55,4922.87,4915.62,4921.3,4930.54862903376,0,0,0,0,0,,3,2,1,0
2026-01-23T18:15:00+08:00,4921.29,4932.47,4921.29,4929.28,4930.498878875574,0,0,0,0,0,,3,2,1,0
2026-01-23T18:30:00+08:00,4929.28,4930.51,4924.8,4928.19,4930.408334605943,0,0,0,0,0,,3,2,1,0
2026-01-23T18:45:00+08:00,4928.23,4930.69,4924.43,4929.77,4930.383301876299,0,0,0,0,0,,3,2,1,0
2026-01-23T19:00:00+08:00,4929.75,4929.95,4916.1,4918.58,4929.920427292915,0,0,0,0,0,,3,2,1,0
2026-01-23T19:15:00+08:00,4918.65,4922.15,4912.11,4920.82,4929.563547791232,0,0,0,0,0,,3,2,1,0
2026-01-23T19:30:00+08:00,4920.98,4925.14,4919.92,4923.34,4929.319487093537,0,0,0,0,0,,3,2,1,0
2026-01-23T19:45:00+08:00,4923.44,4926.36,4920.87,4922.72,4929.0606836781035,0,0,0,0,0,,3,2,1,0
2026-01-23T20:00:00+08:00,4922.96,4934.49,4918.33,4933.67,4929.241441180923,0,0,0,0,0,,3,2,1,0
2026-01-23T20:15:00+08:00,4933.92,4937.13,4930.47,4934.29,4929.43942387971,0,0,0,0,0,,3,2,1,0
2026-01-23T20:30:00+08:00,4934.27,4938.91,4932.08,4936,4929.696701374623,0,0,0,0,0,,3,2,1,0
2026-01-23T20:45:00+08:00,4936.06,4942.56,4935.94,4939.21,4930.069771908952,0,0,0,0,0,,3,2,1,0
2026-01-23T21:00:00+08:00,4939.37,4947.97,4933.65,4940.28,4930.470173010562,0,0,0,0,0,,3,2,1,0
2026-01-23T21:15:00+08:00,4940.47,4940.56,4923.51,4931.74,4930.519970147402,0,0,0,0,0,,3,2,1,0
2026-01-23T21:30:00+08:00,4930.92,4939.2,4927.41,4931.74,4930.567814455347,0,0,0,0,0,,3,2,1,0
2026-01-23T21:45:00+08:00,4931.76,4940.89,4930.88,4939.06,4930.90084133945,0,0,0,0,0,,3,2,1,0
2026-01-23T22:00:00+08:00,4939.09,4947.58,4934.73,4944.41,4931.430612267315,0,0,0,0,0,,3,2,1,0
2026-01-23T22:15:00+08:00,4944.49,4945.57,4939.46,4939.97,4931.765490217616,0,0,0,0,0,,3,2,1,0
2026-01-23T22:30:00+08:00,4939.74,4949.81,4932.71,4946.76,4932.353510209083,0,0,0,0,0,,3,2,1,0
2026-01-23T22:45:00+08:00,4946.99,4956.6,4942.45,4943.33,4932.783960789118,0,0,0,0,0,,3,2,1,0
2026-01-23T23:00:00+08:00,4943.13,4955.93,4938.17,4953.11,4933.581060366016,0,0,0,0,0,,3,2,1,0
2026-01-23T23:15:00+08:00,4953.19,4954.37,4942.56,4944.85,4934.022979567349,0,0,0,0,0,,3,2,1,0
2026-01-23T23:30:00+08:00,4945.04,4960.96,4943.73,4959.03,4935.003647035295,0,1,0,0,0,,3,2,1,0
2026-01-23T23:45:00+08:00,4959.16,4963.19,4951.31,4960.48,4936.0027197005775,0,0,0,0,0,,3,2,1,0
2026-01-24T00:00:00+08:00,4960.48,4976.78,4959.11,4971.08,4937.378299320163,0,0,0,0,0,,3,2,1,0
2026-01-24T00:15:00+08:00,4971.11,4986.5,4969.63,4985.43,4939.26267973898,0,0,0,0,0,,3,2,1,0
2026-01-24T00:30:00+08:00,4985.4,4988.24,4978.82,4982.97,4940.976692298236,0,0,0,0,0,,3,2,1,0
2026-01-24T00:45:00+08:00,4982.94,4982.94,4975.75,4980.46,4942.5250573061485,0,0,0,0,0,,3,2,1,0
2026-01-24T01:00:00+08:00,4980.6,4987.06,4977.22,4984.51,4944.171525647083,0,0,0,0,0,,3,2,1,0
2026-01-24T01:15:00+08:00,4984.84,4987.85,4980.95,4983.04,4945.695779543276,0,0,0,0,0,,3,2,1,0
2026-01-24T01:30:00+08:00,4983.06,4988.21,4982.19,4983.14,4947.1641803455,0,0,0,0,0,,3,2,1,0
2026-01-24T01:45:00+08:00,4983.16,4985.25,4962.08,4965.83,4947.896173273128,0,0,0,0,0,,3,2,1,0
2026-01-24T02:00:00+08:00,4966.08,4982.8,4965.36,4981,4949.1943625565345,0,0,0,0,0,,3,2,1,0
2026-01-24T02:15:00+08:00,4980.85,4984.1,4977.63,4978.54,4950.345171868043,0,0,0,0,0,,3,2,1,0
2026-01-24T02:30:00+08:00,4978.73,4979.96,4964.15,4964.35,4950.894380814394,0,0,0,0,0,,3,2,1,0
2026-01-24T02:45:00+08:00,4964.36,4969.79,4958.46,4966.53,4951.507542351084,0,0,0,0,0,,3,2,1,0
2026-01-24T03:00:00+08:00,4966.75,4978.66,4966.75,4974.18,4952.396658337317,0,0,0,0,0,,3,2,1,0
2026-01-24T03:15:00+08:00,4974.23,4978.78,4973.69,4977.23,4953.370514873108,0,0,0,0,0,,3,2,1,0
2026-01-24T03:30:00+08:00,4977.3,4980.54,4974.6,4978.93,4954.372847623182,0,0,1,0,0,,3,2,1,0
2026-01-24T03:45:00+08:00,4978.94,4989.84,4978.1,4984.52,4955.555088892861,0,0,0,0,0,,3,2,1,0
2026-01-24T04:00:00+08:00,4984.51,4985.66,4970.64,4981.39,4956.568222661768,0,0,0,0,0,,3,2,1,0
2026-01-24T04:15:00+08:00,4981.42,4985.69,4978.22,4980.89,4957.522017851503,0,0,0,0,0,,3,2,1,0
2026-01-24T04:30:00+08:00,4981.03,4983.31,4975.91,4982.47,4958.50037009262,0,0,0,0,0,,3,2,1,0
2026-01-24T04:45:00+08:00,4982.67,4984.18,4979.01,4981.63,4959.407414402714,0,0,0,0,0,,3,2,1,0
2026-01-24T05:00:00+08:00,4981.11,4986.18,4978.62,4981.35,4960.267907955548,0,0,0,0,0,,3,2,1,0
2026-01-24T05:15:00+08:00,4981.38,4983.54,4978.09,4981.95,4961.118186074938,0,0,0,0,0,,3,2,1,0
2026-01-24T05:30:00+08:00,4981.97,4983.27,4980.5,4982.37,4961.951590542588,0,0,0,0,0,,3,2,1,0
2026-01-24T05:45:00+08:00,4982.31,4986.52,4981.07,4985.91,4962.891136011506,0,0,0,0,0,,3,2,1,0
2026-01-26T07:00:00+08:00,5008.85,5027.75,5003.58,5021.66,4965.195797344389,0,0,0,0,0,,3,2,1,0
2026-01-26T07:15:00+08:00,5021.65,5030.84,5012.2,5018.43,4967.2834131348045,0,0,0,0,0,,3,2,1,0
2026-01-26T07:30:00+08:00,5019.03,5031.66,5016.7,5025.28,4969.557789090302,0,0,0,0,0,,3,2,1,0
2026-01-26T07:45:00+08:00,5025.25,5039.92,5024.81,5039.6,4972.30454245931,0,0,0,0,0,,3,2,1,0
2026-01-26T08:00:00+08:00,5039.65,5043.59,5034.21,5039.16,4974.926325107965,0,0,0,0,0,,3,2,1,0
2026-01-26T08:15:00+08:00,5039.13,5042.63,5030.47,5042.61,4977.5805868684365,0,0,0,0,0,,3,2,1,0
2026-01-26T08:30:00+08:00,5042.54,5052.14,5041.99,5050.18,4980.427622677517,0,0,0,0,0,,3,2,1,0
2026-01-26T08:45:00+08:00,5050.35,5051.85,5037.84,5041.54,4982.824186494086,0,0,0,0,0,,3,2,1,0
2026-01-26T09:00:00+08:00,5041.59,5059.04,5028.91,5057.55,4985.754610553141,0,0,0,0,0,,3,2,1,0
2026-01-26T09:15:00+08:00,5057.47,5075.47,5056.56,5074.19,4989.222665041253,0,0,0,0,0,,3,2,1,0
2026-01-26T09:30:00+08:00,5074.21,5085.57,5071.45,5083.34,4992.913540921988,0,0,0,0,0,,3,2,1,0
2026-01-26T09:45:00+08:00,5083.28,5084.86,5067.53,5070.88,4995.971049121125,0,0,0,0,0,,3,2,1,0
2026-01-26T10:00:00+08:00,5070.94,5079.16,5066.8,5075.18,4999.0772824889245,0,0,0,0,0,,3,2,1,0
2026-01-26T10:15:00+08:00,5075.22,5089.07,5072.84,5087.87,5002.5593498423,0,0,0,0,0,,3,2,1,0
2026-01-26T10:30:00+08:00,5087.86,5093.18,5079.07,5088.51,5005.929963573975,0,0,0,0,0,,3,2,1,0
2026-01-26T10:45:00+08:00,5088.5,5091.05,5080.56,5080.87,5008.868788531859,0,0,0,0,0,,3,2,1,0
2026-01-26T11:00:00+08:00,5080.88,5085.1,5071.57,5084.95,5011.852365452178,0,0,0,0,0,,3,2,1,0
2026-01-26T11:15:00+08:00,5084.91,5087.88,5075.03,5079.47,5014.50403739523,0,0,0,0,0,,3,2,1,0
2026-01-26T11:30:00+08:00,5079.44,5083.69,5076.05,5078.73,5017.022702595416,0,0,0,0,0,,3,2,1,0
2026-01-26T11:45:00+08:00,5078.72,5079.22,5069.85,5076.55,5019.357106415204,0,0,0,0,0,,3,2,1,0
2026-01-26T12:00:00+08:00,5076.63,5077.9,5072.18,5075.91,5021.574866947941,0,0,0,0,0,,3,2,1,0
2026-01-26T12:15:00+08:00,5076.02,5076.63,5071.27,5072.54,5023.573499616649,0,0,0,0,0,,3,2,1,0
2026-01-26T12:30:00+08:00,5072.5,5073.12,5064.02,5066.97,5025.275323161094,0,0,0,0,0,,3,2,1,0
2026-01-26T12:45:00+08:00,5066.97,5072.24,5058.17,5070.32,5027.041781076346,0,0,0,0,0,,3,2,1,0
2026-01-26T13:00:00+08:00,5070.29,5072.83,5054.98,5060.02,5028.335044563548,0,0,0,0,0,,3,2,1,0
2026-01-26T13:15:00+08:00,5060.01,5066.99,5052.36,5065.68,5029.799552619879,0,0,0,0,0,,3,2,1,0
2026-01-26T13:30:00+08:00,5064.69,5068.09,5052.85,5059.86,5030.978393693609,0,0,0,0,0,,3,2,1,0
2026-01-26T13:45:00+08:00,5059.55,5076.46,5058.09,5074.23,5032.6745351173895,0,0,0,0,0,,3,2,1,0
2026-01-26T14:00:00+08:00,5074.23,5082.08,5067.27,5069.17,5034.105729818668,0,0,0,0,0,,3,2,1,0
2026-01-26T14:15:00+08:00,5069.64,5077.25,5065.37,5075.12,5035.714132570877,0,0,0,0,0,,3,2,1,0
2026-01-26T14:30:00+08:00,5075.11,5092.38,5074.69,5091.7,5037.909656783784,0,0,0,0,0,,3,2,1,0
2026-01-26T14:45:00+08:00,5091.77,5111.23,5076.43,5077.62,5039.466925145204,0,0,0,0,0,,3,2,1,0
2026-01-26T15:00:00+08:00,5078.11,5092.19,5073.7,5091.62,5041.51214376696,0,0,0,0,0,,3,2,1,0
2026-01-26T15:15:00+08:00,5090.88,5095.73,5089.91,5095.46,5043.627745972178,0,0,0,0,0,,3,2,1,0
2026-01-26T15:30:00+08:00,5095.44,5095.73,5085.7,5088.65,5045.393324561504,0,0,0,0,0,,3,2,1,0
2026-01-26T15:45:00+08:00,5088.67,5093.98,5088.27,5089.26,5047.1135863434065,0,0,0,0,0,,3,2,1,0
2026-01-26T16:00:00+08:00,5088.66,5096.78,5087.19,5096.22,5049.03932805543,0,0,0,0,0,,3,2,1,0
2026-01-26T16:15:00+08:00,5096.17,5097.61,5095.03,5096.62,5050.9052367591385,0,0,0,0,0,,3,2,1,0
2026-01-26T16:30:00+08:00,5096.63,5098.41,5090.28,5093.44,5052.573266690152,1,0,0,0,0,,3,2,1,0
2026-01-26T16:45:00+08:00,5093.47,5093.99,5080.12,5083.39,5053.781766035637,0,0,0,0,0,,3,2,1,0
2026-01-26T17:00:00+08:00,5083.34,5092.95,5082.43,5091.06,5055.243657563651,0,0,0,0,0,,3,2,1,0
2026-01-26T17:15:00+08:00,5091.29,5096.93,5088.06,5096.9,5056.877239619978,0,0,0,0,0,,3,2,1,0
2026-01-26T17:30:00+08:00,5096.7,5098.43,5087.21,5091.5,5058.234994928999,0,0,0,0,0,,3,2,1,0
2026-01-26T17:45:00+08:00,5091.49,5093.18,5075.23,5083.93,5059.242642186686,0,0,0,0,0,,3,2,1,0
2026-01-26T18:00:00+08:00,5084.03,5090.19,5078.51,5089.1,5060.413518963678,0,0,0,0,0,,3,2,1,0
2026-01-26T18:15:00+08:00,5089.06,5091.18,5086.24,5087.55,5061.477694690593,0,0,0,0,0,,3,2,1,0
2026-01-26T18:30:00+08:00,5087.55,5095,5085.74,5092.87,5062.70876548704,0,0,0,0,0,,3,2,1,0
2026-01-26T18:45:00+08:00,5092.84,5094.32,5090.2,5091.62,5063.8425393895095,0,0,0,0,0,,3,2,1,0
2026-01-26T19:00:00+08:00,5091.62,5092.82,5087.19,5087.88,5064.785184903646,0,0,0,0,0,,3,2,1,0
2026-01-26T19:15:00+08:00,5087.88,5088.66,5078.26,5087.36,5065.67047177017,0,0,0,0,0,,3,2,1,0
2026-01-26T19:30:00+08:00,5087.32,5092.42,5083.79,5089.88,5066.619865034085,0,0,0,0,0,,3,2,1,0
2026-01-26T19:45:00+08:00,5089.85,5092.36,5087.11,5091.47,5067.594380130788,0,0,0,0,0,,3,2,1,0
2026-01-26T20:00:00+08:00,5091.46,5093.83,5087.03,5090.24,5068.482443655071,0,0,0,0,0,,3,2,1,0
2026-01-26T20:15:00+08:00,5090.23,5096.9,5086.09,5090.05,5069.328230178401,0,0,0,0,0,,3,2,1,0
2026-01-26T20:30:00+08:00,5090.07,5090.09,5079.08,5083.56,5069.886338798856,0,0,0,0,0,,3,2,1,0
2026-01-26T20:45:00+08:00,5083.72,5085.93,5077.15,5078.86,5070.238247081254,0,0,0,0,0,,3,2,1,0
2026-01-26T21:00:00+08:00,5079.21,5082.33,5066.34,5080.11,5070.625374646695,0,0,0,0,0,,3,2,1,0
2026-01-26T21:15:00+08:00,5080.03,5083.09,5067.05,5072.48,5070.6981050527065,0,0,0,0,0,,3,2,1,0
2026-01-26T21:30:00+08:00,5072.45,5073.12,5054.83,5071.16,5070.716218580052,0,0,0,0,0,,3,2,1,0
2026-01-26T21:45:00+08:00,5071.08,5076.03,5066.98,5068.54,5070.630876674952,0,0,0,0,0,,3,2,1,0
2026-01-26T22:00:00+08:00,5068.59,5073.17,5058.32,5071.2,5070.653195236719,0,0,0,0,0,,3,2,1,0
2026-01-26T22:15:00+08:00,5071.16,5082.45,5063.54,5078.39,5070.956599345082,0,0,0,0,0,,3,2,1,0
2026-01-26T22:30:00+08:00,5078.09,5090.84,5074.68,5081.6,5071.37398760606,0,0,0,0,0,,3,2,1,0
2026-01-26T22:45:00+08:00,5081.75,5096.9,5080.66,5096.31,5072.351870445038,0,0,0,0,0,,3,2,1,0
2026-01-26T23:00:00+08:00,5096.38,5097.32,5085.44,5095.27,5073.250620623664,0,0,0,0,0,,3,2,1,0
2026-01-26T23:15:00+08:00,5095.42,5096.91,5084.2,5090.31,5073.919615893325,0,0,0,0,0,,3,2,1,0
2026-01-26T23:30:00+08:00,5090.13,5092.57,5073.98,5078.47,5074.098062328881,0,1,0,0,0,,3,2,1,0
2026-01-26T23:45:00+08:00,5078.24,5095.16,5077.85,5090.94,5074.758530472846,0,0,0,0,0,,3,2,1,0
2026-01-27T00:00:00+08:00,5091.01,5105.06,5089.47,5101.49,5075.80682339548,0,0,0,0,0,,3,2,1,0
2026-01-27T00:15:00+08:00,5101.58,5104.09,5070.51,5075.7,5075.8026342427165,0,0,0,1,0,,3,2,1,0
2026-01-27T00:30:00+08:00,5075.76,5083.35,5065.23,5077.31,5075.861746625355,0,0,0,0,0,,3,2,1,0
2026-01-27T00:45:00+08:00,5077.22,5093.87,5076.66,5089.41,5076.393050679263,0,0,0,0,0,,3,2,1,0
2026-01-27T01:00:00+08:00,5089.45,5097.39,5085.5,5094.25,5077.093323201645,0,0,0,0,0,,3,2,1,0
2026-01-27T01:15:00+08:00,5094.31,5095.32,5080.88,5088.45,5077.53868307609,0,0,0,0,0,,3,2,1,0
2026-01-27T01:30:00+08:00,5088.45,5102.61,5082.32,5102.36,5078.512068053498,0,0,0,0,0,,3,2,1,0
2026-01-27T01:45:00+08:00,5102.59,5104.96,5097.6,5100.8,5079.38610460042,0,0,0,0,0,,3,2,1,0
2026-01-27T02:00:00+08:00,5101.03,5103.09,5076.45,5078.36,5079.3458652043255,0,0,0,0,0,,3,2,1,0
2026-01-27T02:15:00+08:00,5078.32,5090.55,5076.8,5085.56,5079.58955676494,0,0,0,0,0,,3,2,1,0
2026-01-27T02:30:00+08:00,5085.35,5085.35,5058.11,5064.15,5078.984083950629,0,0,0,0,0,,3,2,1,0
2026-01-27T02:45:00+08:00,5064.13,5083.22,5063.88,5068.74,5078.5823551682515,0,0,0,0,0,,3,2,1,0
2026-01-27T03:00:00+08:00,5069.18,5069.76,5035.98,5060.31,5077.865792220477,0,0,0,0,0,,3,2,1,0
2026-01-27T03:15:00+08:00,5060.39,5061.48,5020.71,5027.49,5075.890270956928,0,0,0,0,0,,3,2,1,0
2026-01-27T03:30:00+08:00,5027.39,5043.5,5024.8,5034.06,5074.249868174304,0,0,1,0,0,,3,2,1,0
2026-01-27T03:45:00+08:00,5034.08,5037.35,5008.32,5028.41,5072.452226285115,0,0,0,0,0,,3,2,1,0
2026-01-27T04:00:00+08:00,5028.54,5053.94,5026.21,5049.86,5071.566256626876,0,0,0,0,0,,3,2,1,0
2026-01-27T04:15:00+08:00,5049.57,5056.7,5040.85,5056.11,5070.960128916018,0,0,0,0,0,,3,2,1,0
2026-01-27T04:30:00+08:00,5057.58,5062.19,5035.55,5046.41,5069.9973787624485,0,0,0,0,0,,3,2,1,0
2026-01-27T04:45:00+08:00,5046.67,5060.73,5042.96,5054.95,5069.407285477647,0,0,0,0,0,,3,2,1,0
2026-01-27T05:00:00+08:00,5055.17,5059.12,5034.01,5034.1,5068.022686047151,0,0,0,0,0,,3,2,1,0
2026-01-27T05:15:00+08:00,5034.05,5035.73,5011.19,5020.51,5066.159443457067,0,0,0,0,0,,3,2,1,0
2026-01-27T05:30:00+08:00,5019.96,5020.91,4989.92,5004.97,5063.759857439143,0,0,0,0,0,,3,2,1,0
2026-01-27T05:45:00+08:00,5004.05,5016.73,5003.98,5008.22,5061.581823814079,0,0,0,0,0,,3,2,1,0
2026-01-27T07:00:00+08:00,5022.86,5040.67,5018.78,5040.12,5060.740183664508,0,0,0,0,0,,3,2,1,0
2026-01-27T07:15:00+08:00,5040.11,5049.74,5037.3,5045.04,5060.124490187468,0,0,0,0,0,,3,2,1,0
2026-01-27T07:30:00+08:00,5045.2,5057.85,5040.53,5056.63,5059.9874513565865,0,0,0,0,0,,3,2,1,0
2026-01-27T07:45:00+08:00,5056.48,5061.72,5043.27,5043.6,5059.344806205348,0,0,0,0,0,,3,2,1,0
2026-01-27T08:00:00+08:00,5043.56,5053.56,5038.43,5052.29,5059.068147138471,0,0,0,0,0,,3,2,1,0
2026-01-27T08:15:00+08:00,5052.37,5054.27,5044.28,5045.02,5058.517239407551,0,0,0,0,0,,3,2,1,0
2026-01-27T08:30:00+08:00,5045.02,5049.72,5028.76,5031.93,5057.474602568039,0,0,0,0,0,,3,2,1,0
2026-01-27T08:45:00+08:00,5031.93,5035.6,5013.76,5032.56,5056.497559330077,0,0,0,1,0,,3,2,1,0
2026-01-27T09:00:00+08:00,5032.57,5071.6,5018.87,5071.6,5057.089811905368,0,0,0,0,0,,3,2,1,0
2026-01-27T09:15:00+08:00,5072.03,5076.13,5063.19,5066.71,5057.467074183589,0,0,0,0,0,,3,2,1,0
2026-01-27T09:30:00+08:00,5066.85,5070.37,5054.3,5063.81,5057.715816372468,0,0,0,0,0,,3,2,1,0
2026-01-27T09:45:00+08:00,5063.73,5066.74,5057.01,5060.11,5057.809705926489,0,0,0,0,0,,3,2,1,0
2026-01-27T10:00:00+08:00,5060.05,5067.38,5049.52,5063.99,5058.05207039996,0,0,0,1,0,,3,2,1,0
2026-01-27T10:15:00+08:00,5063.89,5070.48,5060.15,5068.02,5058.4429695999615,0,0,0,0,0,,3,2,1,0
2026-01-27T10:30:00+08:00,5068.33,5080.03,5067.42,5079.14,5059.254617850944,0,0,0,0,0,,3,2,1,0
2026-01-27T10:45:00+08:00,5079.15,5079.83,5065.27,5072.41,5059.770515190123,0,0,0,0,0,,3,2,1,0
2026-01-27T11:00:00+08:00,5072.58,5073.94,5063.54,5065.86,5060.009318516,0,0,0,0,0,,3,2,1,0
2026-01-27T11:15:00+08:00,5066.11,5072.75,5060.38,5064.61,5060.189737397725,0,0,0,0,0,,3,2,1,0
2026-01-27T11:30:00+08:00,5064.54,5076.52,5064.14,5074.82,5060.76347318605,0,0,0,0,0,,3,2,1,0
2026-01-27T11:45:00+08:00,5074.81,5079.04,5071.66,5077.04,5061.401768355225,0,0,0,0,0,,3,2,1,0
2026-01-27T12:00:00+08:00,5076.3,5078.69,5068.37,5069.46,5061.717777439334,0,0,0,0,0,,3,2,1,0
2026-01-27T12:15:00+08:00,5069.22,5076.11,5069.22,5074.86,5062.2331587162225,0,0,0,0,0,,3,2,1,0
2026-01-27T12:30:00+08:00,5074.73,5075.31,5061.64,5066.72,5062.409113276371,0,0,0,0,0,,3,2,1,0
2026-01-27T12:45:00+08:00,5066.64,5070.98,5062.4,5067.97,5062.6271872655325,0,0,0,0,0,,3,2,1,0
2026-01-27T13:00:00+08:00,5067.78,5068.66,5057.04,5063.78,5062.6723956080605,0,0,0,0,0,,3,2,1,0
2026-01-27T13:15:00+08:00,5063.76,5066.92,5058.15,5064.44,5062.741713427352,0,0,0,0,0,,3,2,1,0
2026-01-27T13:30:00+08:00,5064.31,5074.78,5059.94,5074.6,5063.206744273338,0,0,0,0,0,,3,2,1,0
2026-01-27T13:45:00+08:00,5074.57,5085.13,5074.57,5083.09,5063.986479792031,0,0,0,0,0,,3,2,1,0
2026-01-27T14:00:00+08:00,5083.07,5086.94,5076.32,5083.49,5064.751323721755,0,0,0,0,0,,3,2,1,0
2026-01-27T14:15:00+08:00,5083.59,5087.62,5079.63,5082.34,5065.441075732667,0,0,0,0,0,,3,2,1,0
2026-01-27T14:30:00+08:00,5082.39,5088.6,5079.11,5085.63,5066.232798252954,0,0,0,0,0,,3,2,1,0
2026-01-27T14:45:00+08:00,5085.78,5093.79,5082.08,5085.71,5066.996610086172,0,0,0,0,0,,3,2,1,0
2026-01-27T15:00:00+08:00,5085.76,5094.67,5082.72,5085.5,5067.722233220047,0,0,0,0,0,,3,2,1,0
2026-01-27T15:15:00+08:00,5085.48,5090.8,5081.25,5087.81,5068.509988780045,0,0,0,0,0,,3,2,1,0
2026-01-27T15:30:00+08:00,5088.01,5100.93,5087.96,5093.09,5069.473910788671,0,0,0,0,0,,3,2,1,0
2026-01-27T15:45:00+08:00,5093.1,5096.07,5085.79,5085.9,5070.118071149899,0,0,0,0,0,,3,2,1,0
2026-01-27T16:00:00+08:00,5085.91,5088.37,5079.13,5086.46,5070.758931104805,0,0,0,0,0,,3,2,1,0
2026-01-27T16:15:00+08:00,5086.52,5087.64,5075.15,5077.37,5071.018188708538,0,0,0,0,0,,3,2,1,0
2026-01-27T16:30:00+08:00,5077.55,5082.89,5073.26,5082.09,5071.452377386635,1,0,0,0,0,,3,2,1,0
2026-01-27T16:45:00+08:00,5082.28,5085.4,5077.4,5079.42,5071.764833175394,0,0,0,0,0,,3,2,1,0
2026-01-27T17:00:00+08:00,5079.43,5083.97,5077.96,5083.33,5072.2183691293,0,0,0,0,0,,3,2,1,0
2026-01-27T17:15:00+08:00,5083.36,5088.65,5082.21,5088.33,5072.850197790896,0,0,0,0,0,,3,2,1,0
2026-01-27T17:30:00+08:00,5088.33,5094.25,5086.02,5088.07,5073.447052779488,0,0,0,0,0,,3,2,1,0
2026-01-27T17:45:00+08:00,5088.05,5099.42,5083,5098.68,5074.436580121469,0,0,0,0,0,,3,2,1,0
2026-01-27T18:00:00+08:00,5098.29,5098.31,5091.11,5096.5,5075.301812273568,0,0,0,0,0,,3,2,1,0
2026-01-27T18:15:00+08:00,5096.64,5098.01,5087.53,5088.2,5075.807623556958,0,0,0,0,0,,3,2,1,0
2026-01-27T18:30:00+08:00,5087.6,5089.2,5081.85,5084.7,5076.156344201783,0,0,0,0,0,,3,2,1,0
2026-01-27T18:45:00+08:00,5084.83,5087.18,5081.77,5086.26,5076.552565997792,0,0,0,0,0,,3,2,1,0
2026-01-27T19:00:00+08:00,5086.25,5090.27,5083.63,5090.14,5077.085406546898,0,0,0,0,0,,3,2,1,0
2026-01-27T19:15:00+08:00,5090.1,5090.83,5084.99,5086.93,5077.471469035256,0,0,0,0,1,,3,2,1,0
2026-01-27T19:30:00+08:00,5087.01,5088.27,5083.35,5085.71,5077.794548680932,0,0,0,0,0,,3,2,1,0
2026-01-27T19:45:00+08:00,5085.55,5085.94,5067.3,5076.89,5077.759076183641,0,0,0,0,0,,3,2,1,0
2026-01-27T20:00:00+08:00,5076.95,5082.69,5075.41,5080.9,5077.882249666635,0,0,0,0,0,,3,2,1,0
2026-01-27T20:15:00+08:00,5080.9,5081.15,5073.38,5078.96,5077.924514385591,0,0,0,0,0,,3,2,1,0
2026-01-27T20:30:00+08:00,5078.78,5090.1,5077.99,5089.03,5078.3600236253715,0,0,0,0,0,,3,2,1,0
2026-01-27T20:45:00+08:00,5089.16,5091.21,5081.36,5085.16,5078.626689365553,0,0,0,0,1,,3,2,1,0
2026-01-27T21:00:00+08:00,5085.1,5092.16,5078.31,5090.16,5079.0789760571,0,0,0,0,0,,3,2,1,0
2026-01-27T21:15:00+08:00,5090.1,5092.83,5076.06,5080.73,5079.143722094076,0,0,0,0,0,,3,2,1,0
2026-01-27T21:30:00+08:00,5080.55,5085.61,5069.42,5073.55,5078.924360443328,0,0,0,0,0,,3,2,1,0
2026-01-27T21:45:00+08:00,5073.54,5082.14,5071.34,5077.35,5078.8626208180995,0,0,0,0,0,,3,2,1,0
2026-01-27T22:00:00+08:00,5077.36,5077.36,5055.31,5060.18,5078.129969021311,0,0,0,0,0,,3,2,1,0
2026-01-27T22:15:00+08:00,5059.91,5065.92,5046.67,5059.17,5077.386440824397,0,0,0,0,0,,3,2,1,0
2026-01-27T22:30:00+08:00,5059.29,5082.17,5059.29,5079.18,5077.456776478342,0,0,0,0,0,,3,2,1,0
2026-01-27T22:45:00+08:00,5079.35,5079.41,5050.87,5054.33,5076.549844067427,0,0,0,0,0,,3,2,1,0
2026-01-27T23:00:00+08:00,5052.36,5069.94,5047.89,5057.6,5075.806712927529,0,0,0,0,0,,3,2,1,0
2026-01-27T23:15:00+08:00,5057.59,5076.84,5055.87,5069.27,5075.550371244096,0,0,0,0,0,,3,2,1,0
2026-01-27T23:30:00+08:00,5069.12,5086.69,5068.77,5080.89,5075.75976845021,0,1,0,0,0,,3,2,1,0
2026-01-27T23:45:00+08:00,5080.77,5091.42,5080.01,5091.19,5076.36487556981,0,0,0,0,0,,3,2,1,0
2026-01-28T00:00:00+08:00,5090.93,5098.58,5083.81,5095.32,5077.108213782758,0,0,0,0,0,,3,2,1,0
2026-01-28T00:15:00+08:00,5095.28,5103.01,5093.46,5098.67,5077.953774026571,0,0,0,0,0,,3,2,1,0
2026-01-28T00:30:00+08:00,5098.6,5099.45,5085.91,5088.55,5078.369312300039,0,0,0,0,0,,3,2,1,0
2026-01-28T00:45:00+08:00,5088.45,5092.05,5083.25,5087.5,5078.727378484352,0,0,0,0,0,,3,2,1,0
2026-01-28T01:00:00+08:00,5088.21,5091.97,5080.53,5091.48,5079.227481288887,0,0,0,0,0,,3,2,1,0
2026-01-28T01:15:00+08:00,5091.46,5094.16,5079.25,5087.59,5079.555423199127,0,0,0,0,0,,3,2,1,0
2026-01-28T01:30:00+08:00,5087.6,5089.64,5078.57,5081.72,5079.640308563868,0,0,0,0,0,,3,2,1,0
2026-01-28T01:45:00+08:00,5081.3,5085.8,5076.74,5081.22,5079.702257247637,0,0,0,0,0,,3,2,1,0
2026-01-28T02:00:00+08:00,5081.48,5087.22,5076.17,5081.56,5079.775109904593,0,0,0,0,0,,3,2,1,0
2026-01-28T02:15:00+08:00,5081.48,5088.99,5078.86,5084.8,5079.972164418138,0,0,0,0,0,,3,2,1,0
2026-01-28T02:30:00+08:00,5085.08,5091.94,5085.08,5088.37,5080.301491303701,0,0,0,0,0,,3,2,1,0
2026-01-28T02:45:00+08:00,5088.39,5095.29,5087.39,5088.07,5080.606138703556,0,0,0,0,0,,3,2,1,0
2026-01-28T03:00:00+08:00,5088.06,5088.98,5080.96,5087.12,5080.861584244593,0,0,0,0,0,,3,2,1,0
2026-01-28T03:15:00+08:00,5087.1,5090.77,5085.45,5087.92,5081.138384862453,0,0,0,0,0,,3,2,1,0
2026-01-28T03:30:00+08:00,5088.14,5093.29,5087.68,5092.96,5081.601977612945,0,0,1,0,0,,3,2,1,0
2026-01-28T03:45:00+08:00,5093.03,5100.04,5090.65,5099.07,5082.286998098712,0,0,0,0,0,,3,2,1,0
2026-01-28T04:00:00+08:00,5098.93,5143.35,5098.08,5141.95,5084.626723663468,0,0,0,0,0,,3,2,1,0
2026-01-28T04:15:00+08:00,5141.73,5151.42,5132.07,5141.77,5086.867636460978,0,0,0,0,0,,3,2,1,0
2026-01-28T04:30:00+08:00,5141.78,5149.1,5132.67,5142.32,5089.042238952705,0,0,0,0,0,,3,2,1,0
2026-01-28T04:45:00+08:00,5142.43,5182.04,5142.42,5176.73,5092.480974680049,0,0,0,0,0,,3,2,1,0
2026-01-28T05:00:00+08:00,5177.03,5187.03,5171.28,5176.6,5095.779759986714,0,0,0,0,0,,3,2,1,0
2026-01-28T05:15:00+08:00,5176.52,5180.24,5169.2,5173.74,5098.837024300961,0,0,0,0,0,,3,2,1,0
2026-01-28T05:30:00+08:00,5173.47,5186.61,5171.66,5185.28,5102.22694491661,0,0,0,0,0,,3,2,1,0
2026-01-28T05:45:00+08:00,5185.26,5190.21,5174.62,5181.14,5105.321574527723,0,0,0,0,0,,3,2,1,0
2026-01-28T07:00:00+08:00,5172.51,5184.69,5167.33,5171.08,5107.90033631095,0,0,0,0,0,,3,2,1,0
2026-01-28T07:15:00+08:00,5171.07,5173.32,5159.01,5170.45,5110.353264298756,0,0,0,0,0,,3,2,1,0
2026-01-28T07:30:00+08:00,5170.27,5172.24,5163.98,5164.39,5112.472351973314,0,0,0,0,0,,3,2,1,0
2026-01-28T07:45:00+08:00,5164.37,5177.04,5163.83,5172.37,5114.82127934691,0,0,0,0,0,,3,2,1,0
2026-01-28T08:00:00+08:00,5172.52,5173.19,5157.15,5165.61,5116.812993882326,0,0,0,1,0,,3,2,1,0
2026-01-28T08:15:00+08:00,5165.55,5167.01,5160.51,5163.01,5118.624641181058,0,0,0,0,0,,3,2,1,0
2026-01-28T08:30:00+08:00,5162.99,5170.54,5162.93,5168.18,5120.567988585723,0,0,0,0,0,,3,2,1,0
2026-01-28T08:45:00+08:00,5168.14,5180.2,5168.14,5171.9,5122.581008641185,0,0,0,0,0,,3,2,1,0
2026-01-28T09:00:00+08:00,5172.32,5202.14,5168.72,5190.7,5125.252341635648,0,0,0,0,0,,3,2,1,0
2026-01-28T09:15:00+08:00,5190.94,5196.25,5181.82,5194.12,5127.9530341205245,0,0,0,0,0,,3,2,1,0
2026-01-28T09:30:00+08:00,5194.15,5215.73,5186.37,5215.59,5131.389777880504,0,0,0,0,0,,3,2,1,0
2026-01-28T09:45:00+08:00,5215.78,5225.38,5204.43,5204.43,5134.2541003165625,0,0,0,0,0,,3,2,1,0
2026-01-28T10:00:00+08:00,5204.6,5217.38,5201.61,5209.99,5137.224135598266,0,0,0,0,0,,3,2,1,0
2026-01-28T10:15:00+08:00,5209.99,5220.95,5207.86,5218.16,5140.398091065001,0,0,0,0,0,,3,2,1,0
2026-01-28T10:30:00+08:00,5218.11,5229.87,5216.44,5221.44,5143.576205140883,0,0,0,0,0,,3,2,1,0
2026-01-28T10:45:00+08:00,5221.44,5234.64,5220.86,5232.01,5147.044197096142,0,0,0,0,0,,3,2,1,0
2026-01-28T11:00:00+08:00,5231.85,5247.5,5230.3,5243.57,5150.8295227002145,0,0,0,0,0,,3,2,1,0
2026-01-28T11:15:00+08:00,5243.58,5246.41,5236,5237.38,5154.223659064912,0,0,0,0,0,,3,2,1,0
2026-01-28T11:30:00+08:00,5237.07,5239.94,5224.55,5233.56,5157.33488812119,0,0,0,0,0,,3,2,1,0
2026-01-28T11:45:00+08:00,5233.45,5244.83,5230.73,5234.99,5160.380186626241,0,0,0,0,0,,3,2,1,0
2026-01-28T12:00:00+08:00,5234.77,5240.74,5232.83,5235.33,5163.3193949938395,0,0,0,0,0,,3,2,1,0
2026-01-28T12:15:00+08:00,5235.37,5241.35,5232.13,5238.15,5166.2539285234925,0,0,0,0,0,,3,2,1,0
2026-01-28T12:30:00+08:00,5238.17,5241.51,5234.36,5240.14,5169.151421522572,0,0,0,0,0,,3,2,1,0
2026-01-28T12:45:00+08:00,5240.14,5248.98,5233.84,5245.36,5172.139993227569,0,0,0,0,0,,3,2,1,0
2026-01-28T13:00:00+08:00,5245.38,5257.45,5241.35,5253.67,5175.337248395115,0,0,0,0,0,,3,2,1,0
2026-01-28T13:15:00+08:00,5253.68,5261.87,5251.75,5258.89,5178.613826889425,0,0,0,0,0,,3,2,1,0
2026-01-28T13:30:00+08:00,5258.85,5266.27,5250.9,5264.9,5181.997598383957,0,0,0,0,0,,3,2,1,0
2026-01-28T13:45:00+08:00,5264.97,5266.19,5257.21,5261.42,5185.1122023688995,0,0,0,0,0,,3,2,1,0
2026-01-28T14:00:00+08:00,5261.41,5263.2,5252.33,5261.56,5188.110155217178,0,0,0,0,0,,3,2,1,0
2026-01-28T14:15:00+08:00,5261.56,5265.54,5251.95,5255.69,5190.7603452086605,0,0,0,0,0,,3,2,1,0
2026-01-28T14:30:00+08:00,5255.69,5264.67,5254.84,5261.56,5193.536802259301,0,0,0,0,0,,3,2,1,0
2026-01-28T14:45:00+08:00,5261.54,5271.25,5257.3,5269.97,5196.5341825628575,0,0,0,0,0,,3,2,1,0
2026-01-28T15:00:00+08:00,5270.27,5275.34,5262.7,5273.61,5199.556763638824,0,0,0,0,0,,3,2,1,0
2026-01-28T15:15:00+08:00,5273.59,5284.14,5272.62,5281.04,5202.752184672596,0,0,0,0,0,,3,2,1,0
2026-01-28T15:30:00+08:00,5281.04,5285.62,5272.13,5281.36,5205.8348440971995,0,0,0,0,0,,3,2,1,0
2026-01-28T15:45:00+08:00,5281.27,5292.75,5277.86,5290.33,5209.148379622799,0,0,0,0,0,,3,2,1,0
2026-01-28T16:00:00+08:00,5290.3,5299.67,5286.24,5293.11,5212.440992186611,0,0,0,0,0,,3,2,1,0
2026-01-28T16:15:00+08:00,5293.22,5300.69,5288.8,5299.6,5215.858992493018,0,0,0,0,0,,3,2,1,0
2026-01-28T16:30:00+08:00,5299.59,5311.52,5289.87,5289.97,5218.7653065129,1,0,0,0,0,,3,2,1,0
2026-01-28T16:45:00+08:00,5289.97,5296.06,5280.72,5293.73,5221.705098414354,0,0,0,0,0,,3,2,1,0
2026-01-28T17:00:00+08:00,5293.73,5297.51,5280.11,5281.88,5224.064898476537,0,0,0,0,0,,3,2,1,0
2026-01-28T17:15:00+08:00,5281.92,5281.92,5268.48,5275.73,5226.090980889221,0,0,0,0,0,,3,2,1,0
2026-01-28T17:30:00+08:00,5275.11,5280.27,5262.91,5266.83,5227.688589481801,0,0,0,0,0,,3,2,1,0
2026-01-28T17:45:00+08:00,5266.85,5278.85,5266.85,5277.96,5229.66001734526,0,0,0,0,0,,3,2,1,0
2026-01-28T18:00:00+08:00,5277.97,5285.81,5272.62,5282.22,5231.721193135641,0,0,0,0,0,,3,2,1,0
2026-01-28T18:15:00+08:00,5282.22,5282.25,5276.07,5278.65,5233.561538502871,0,0,0,0,0,,3,2,1,0
2026-01-28T18:30:00+08:00,5278.04,5278.78,5269.19,5274.38,5235.162262483151,0,0,0,0,0,,3,2,1,0
2026-01-28T18:45:00+08:00,5274.41,5280.79,5269.97,5270.13,5236.533546307341,0,0,0,0,0,,3,2,1,0
2026-01-28T19:00:00+08:00,5270.59,5270.93,5238.64,5260.47,5237.472230765877,0,0,0,0,0,,3,2,1,0
2026-01-28T19:15:00+08:00,5260.06,5261.94,5246.17,5259.23,5238.325476618195,0,0,0,0,0,,3,2,1,0
2026-01-28T19:30:00+08:00,5259.36,5262.51,5251.93,5261.37,5239.229183417482,0,0,0,0,0,,3,2,1,0
2026-01-28T19:45:00+08:00,5261.49,5267.74,5259.61,5261.66,5240.108823283464,0,0,0,0,0,,3,2,1,0
2026-01-28T20:00:00+08:00,5261.99,5263.99,5251.65,5261.15,5240.933967468426,0,0,0,0,0,,3,2,1,0
2026-01-28T20:15:00+08:00,5261.16,5268.96,5258.11,5261.21,5241.729105999076,0,0,0,0,0,,3,2,1,0
2026-01-28T20:30:00+08:00,5261.24,5273.13,5261.24,5269.68,5242.825219489308,0,0,0,0,0,,3,2,1,0
2026-01-28T20:45:00+08:00,5269.88,5279.06,5265.46,5279.01,5244.244230489728,0,0,0,0,0,,3,2,1,0
2026-01-28T21:00:00+08:00,5279.04,5289.48,5268.89,5275.3,5245.462103803856,0,0,0,0,0,,3,2,1,0
2026-01-28T21:15:00+08:00,5274.63,5285.56,5273.25,5281.38,5246.870648752724,0,0,0,0,0,,3,2,1,0
2026-01-28T21:30:00+08:00,5281.51,5285.47,5259.14,5261.54,5247.445917429088,0,0,0,0,0,,3,2,1,0
2026-01-28T21:45:00+08:00,5261.55,5268.59,5256.81,5266.45,5248.1911755691235,0,0,0,0,0,,3,2,1,0
2026-01-28T22:00:00+08:00,5266.38,5269.95,5248.46,5262.56,5248.754658880138,0,0,0,0,0,,3,2,1,0
2026-01-28T22:15:00+08:00,5262.58,5270.63,5259.1,5259.1,5249.160358531897,0,0,0,0,1,,3,2,1,0
2026-01-28T22:30:00+08:00,5259.69,5284.05,5250.03,5279.34,5250.343873883588,0,0,0,0,0,,3,2,1,0
2026-01-28T22:45:00+08:00,5279.48,5288.41,5269.94,5286.08,5251.745290594035,0,0,0,0,0,,3,2,1,0
2026-01-28T23:00:00+08:00,5285.77,5297.88,5236.54,5256.37,5251.926651747211,0,0,0,0,0,,3,2,1,0
2026-01-28T23:15:00+08:00,5256.2,5274.79,5245.29,5269.52,5252.61658697281,0,0,0,0,0,,3,2,1,0
2026-01-28T23:30:00+08:00,5270.06,5284.09,5266.52,5280.29,5253.70181885623,0,1,0,0,0,,3,2,1,0
2026-01-28T23:45:00+08:00,5280.26,5281.5,5266.85,5278.26,5254.664884783437,0,0,0,0,0,,3,2,1,0
2026-01-29T00:00:00+08:00,5278.41,5289.15,5274.65,5284.37,5255.829791262518,0,0,0,0,0,,3,2,1,0
2026-01-29T00:15:00+08:00,5284.35,5293,5281.88,5287.55,5257.073721016929,0,0,0,0,0,,3,2,1,0
2026-01-29T00:30:00+08:00,5287.91,5289.09,5276.35,5283.27,5258.101026075089,0,0,0,0,0,,3,2,1,0
2026-01-29T00:45:00+08:00,5283.37,5299.91,5282.14,5299.86,5259.738632895674,0,0,0,0,0,,3,2,1,0
2026-01-29T01:00:00+08:00,5299.86,5307.05,5292.41,5295.77,5261.151627684078,0,0,0,0,0,,3,2,1,0
2026-01-29T01:15:00+08:00,5295.64,5304.03,5288.95,5302.55,5262.775093265095,0,0,0,0,0,,3,2,1,0
2026-01-29T01:30:00+08:00,5302.62,5303.48,5282.96,5288.12,5263.769011176268,0,0,0,0,0,,3,2,1,0
2026-01-29T01:45:00+08:00,5287.91,5304.82,5284.75,5298.03,5265.112579365434,0,0,0,0,0,,3,2,1,0
2026-01-29T02:00:00+08:00,5298.22,5305.53,5292.37,5299.89,5266.476399782476,0,0,0,0,0,,3,2,1,0
2026-01-29T02:15:00+08:00,5299.94,5326.18,5298.73,5305.63,5268.0118350851235,0,0,0,0,0,,3,2,1,0
2026-01-29T02:30:00+08:00,5305.39,5307.95,5268.67,5273.74,5268.236469003354,0,0,0,0,0,,3,2,1,0
2026-01-29T02:45:00+08:00,5273.75,5283.67,5271.41,5282.87,5268.810332964006,0,0,0,0,0,,3,2,1,0
2026-01-29T03:00:00+08:00,5282.94,5297.62,5269.59,5297.41,5269.931888534045,0,0,0,0,0,,3,2,1,0
2026-01-29T03:15:00+08:00,5297.37,5301.87,5282.53,5282.87,5270.439265454279,0,0,0,0,0,,3,2,1,0
2026-01-29T03:30:00+08:00,5283.26,5312.11,5281.12,5310.81,5272.022431514895,0,0,1,0,0,,3,2,1,0
2026-01-29T03:45:00+08:00,5310.84,5331.81,5304.52,5325.35,5274.11370871039,0,0,0,0,0,,3,2,1,0
2026-01-29T04:00:00+08:00,5325.25,5338.64,5322.7,5326.55,5276.170033859002,0,0,0,0,0,,3,2,1,0
2026-01-29T04:15:00+08:00,5326.75,5355.71,5321.4,5354.66,5279.248071746884,0,0,0,0,0,,3,2,1,0
2026-01-29T04:30:00+08:00,5354.61,5391.04,5353.1,5383.61,5283.340696384262,0,0,0,0,0,,3,2,1,0
2026-01-29T04:45:00+08:00,5384.13,5391.36,5367.25,5376.6,5286.9979239770355,0,0,0,0,0,,3,2,1,0
2026-01-29T05:00:00+08:00,5377.29,5395.94,5377.29,5386.7,5290.907809311269,0,0,0,0,0,,3,2,1,0
2026-01-29T05:15:00+08:00,5386.82,5390.11,5380.04,5384.45,5294.576130514749,0,0,0,0,0,,3,2,1,0
2026-01-29T05:30:00+08:00,5384.56,5389.63,5380.58,5386,5298.161380298484,0,0,0,0,0,,3,2,1,0
2026-01-29T05:45:00+08:00,5386,5419.1,5382.85,5417.51,5302.841718325994,0,0,0,0,0,,3,2,1,0
2026-01-29T07:00:00+08:00,5422.61,5474.77,5422.61,5474.39,5309.5691019210535,0,0,0,0,0,,3,2,1,0
2026-01-29T07:15:00+08:00,5474.43,5495.91,5471.98,5490.18,5316.651882237875,0,0,0,0,0,,3,2,1,0
2026-01-29T07:30:00+08:00,5490.2,5597.91,5489.15,5531.45,5325.07533783639,0,0,0,0,0,,3,2,1,0
2026-01-29T07:45:00+08:00,5531.45,5542.95,5483.55,5512.11,5332.410030470257,0,0,0,0,0,,3,2,1,0
2026-01-29T08:00:00+08:00,5513.19,5513.19,5453.85,5495.61,5338.810029275345,0,0,0,1,0,,3,2,1,0
2026-01-29T08:15:00+08:00,5495.48,5501.73,5463.44,5497.4,5345.029243813567,0,0,0,0,0,,3,2,1,0
2026-01-29T08:30:00+08:00,5497.83,5527.15,5493,5509.29,5351.4708420953875,0,0,0,0,0,,3,2,1,0
2026-01-29T08:45:00+08:00,5509.21,5523.1,5500.7,5520.49,5358.099044366157,0,0,0,0,0,,3,2,1,0
2026-01-29T09:00:00+08:00,5520.64,5526.71,5444.91,5480.1,5362.883395567484,0,0,0,0,0,,3,2,1,0
2026-01-29T09:15:00+08:00,5480.04,5513.58,5480.04,5507.52,5368.5554192707195,0,0,0,0,0,,3,2,1,0
2026-01-29T09:30:00+08:00,5508.08,5551.42,5508.08,5539.86,5375.273245965986,0,0,0,0,0,,3,2,1,0
2026-01-29T09:45:00+08:00,5540.7,5549.91,5526.58,5545.9,5381.964491222221,0,0,0,0,0,,3,2,1,0
2026-01-29T10:00:00+08:00,5545.86,5546.46,5503.8,5521.35,5387.430589605663,0,0,0,0,0,,3,2,1,0
2026-01-29T10:15:00+08:00,5522.08,5525.9,5509.8,5525.9,5392.8607625623035,0,0,0,0,0,,3,2,1,0
2026-01-29T10:30:00+08:00,5525.93,5550.13,5518.07,5525.51,5398.0626934422135,0,0,0,0,0,,3,2,1,0
2026-01-29T10:45:00+08:00,5525.77,5543.45,5522.11,5535.81,5403.464548601342,0,0,0,0,0,,3,2,1,0
2026-01-29T11:00:00+08:00,5535.4,5548.51,5508.2,5538.49,5408.759664342466,0,0,0,0,0,,3,2,1,0
2026-01-29T11:15:00+08:00,5538.5,5540.49,5521.87,5522.26,5413.210657897664,0,0,0,0,0,,3,2,1,0
2026-01-29T11:30:00+08:00,5522.45,5538.1,5520.13,5528.16,5417.71847523501,0,0,0,0,0,,3,2,1,0
2026-01-29T11:45:00+08:00,5528.12,5548.94,5527.21,5545.85,5422.743240912068,0,0,0,0,0,,3,2,1,0
2026-01-29T12:00:00+08:00,5545.72,5552.45,5534.09,5534.73,5427.1348785233595,0,0,0,0,0,,3,2,1,0
2026-01-29T12:15:00+08:00,5534.32,5550.3,5533.37,5546.93,5431.832726424404,0,0,0,0,0,,3,2,1,0
2026-01-29T12:30:00+08:00,5547.17,5564.57,5544.97,5557.93,5436.7777175450165,0,0,0,0,0,,3,2,1,0
2026-01-29T12:45:00+08:00,5557.25,5561.81,5551.04,5558.33,5441.544473719721,0,0,0,0,0,,3,2,1,0
2026-01-29T13:00:00+08:00,5557.66,5561.13,5550.16,5559.61,5446.174494358163,0,0,0,0,0,,3,2,1,0
2026-01-29T13:15:00+08:00,5559.72,5560.45,5515.99,5542.32,5449.944906344118,0,0,0,0,0,,3,2,1,0
2026-01-29T13:30:00+08:00,5541.93,5555.14,5541.11,5549.67,5453.855694330623,0,0,0,0,0,,3,2,1,0
2026-01-29T13:45:00+08:00,5549.78,5564.48,5548.59,5562.49,5458.115863180403,0,0,0,0,0,,3,2,1,0
2026-01-29T14:00:00+08:00,5562.44,5588.56,5562.37,5584.23,5463.061515604701,0,0,0,0,0,,3,2,1,0
2026-01-29T14:15:00+08:00,5584.01,5595.18,5574.01,5585.96,5467.881064012359,0,0,0,0,0,,3,2,1,0
2026-01-29T14:30:00+08:00,5585.76,5587.85,5577.63,5582.08,5472.3594536589335,0,0,0,0,0,,3,2,1,0
2026-01-29T14:45:00+08:00,5581.88,5585.02,5554.69,5561.43,5475.852416260544,0,0,0,0,0,,3,2,1,0
2026-01-29T15:00:00+08:00,5561.51,5574.95,5560.69,5562.08,5479.233890132679,0,0,0,0,0,,3,2,1,0
2026-01-29T15:15:00+08:00,5562.19,5565.17,5536.93,5541.65,5481.681580715712,0,0,0,0,0,,3,2,1,0
2026-01-29T15:30:00+08:00,5541.67,5557.77,5541.67,5549.23,5484.330538334703,0,0,0,0,0,,3,2,1,0
2026-01-29T15:45:00+08:00,5549.1,5552.32,5544.01,5548.99,5486.866203498048,0,0,0,0,0,,3,2,1,0
2026-01-29T16:00:00+08:00,5549.05,5554.86,5522.9,5537.69,5488.859293556948,0,0,0,0,0,,3,2,1,0
2026-01-29T16:15:00+08:00,5537.8,5542.63,5523.3,5530.05,5490.4746153782435,0,0,0,0,0,,3,2,1,0
2026-01-29T16:30:00+08:00,5530.23,5530.44,5475.18,5482.98,5490.180708892822,1,0,0,0,0,,3,2,1,0
2026-01-29T16:45:00+08:00,5483.09,5517.31,5474.36,5509.65,5490.944210504868,0,0,0,0,0,,3,2,1,0
2026-01-29T17:00:00+08:00,5510.13,5515.69,5498.02,5507.49,5491.593064994873,0,0,0,0,0,,3,2,1,0
2026-01-29T17:15:00+08:00,5507.45,5518.83,5500.31,5516.42,5492.566670289192,0,0,0,0,0,,3,2,1,0
2026-01-29T17:30:00+08:00,5516.32,5529.4,5512.3,5524.62,5493.823663611184,0,0,0,0,0,,3,2,1,0
2026-01-29T17:45:00+08:00,5524.57,5527.42,5511.47,5514.13,5494.619990528393,0,0,0,0,0,,3,2,1,0
2026-01-29T18:00:00+08:00,5514.16,5524.18,5502.12,5523.74,5495.761951684142,0,0,0,0,0,,3,2,1,0
2026-01-29T18:15:00+08:00,5523.73,5525.36,5505.66,5510.4,5496.3359927945685,0,0,0,0,0,,3,2,1,0
2026-01-29T18:30:00+08:00,5508.56,5510.2,5497.2,5508.06,5496.795757783017,0,0,0,0,0,,3,2,1,0
2026-01-29T18:45:00+08:00,5508.21,5508.77,5482.39,5483.5,5496.274355517016,0,0,0,0,0,,3,2,1,0
2026-01-29T19:00:00+08:00,5483.82,5506.89,5470.75,5506.84,5496.688694516349,0,0,0,0,0,,3,2,1,0
2026-01-29T19:15:00+08:00,5506.82,5516.64,5505.19,5515.98,5497.4452163000215,0,0,0,0,0,,3,2,1,0
2026-01-29T19:30:00+08:00,5515.89,5519.33,5508.32,5514.27,5498.105011739236,0,0,0,0,0,,3,2,1,0
2026-01-29T19:45:00+08:00,5514.38,5528.85,5514.38,5522.69,5499.069128925933,0,0,0,0,0,,3,2,1,0
2026-01-29T20:00:00+08:00,5522.71,5539.03,5518.4,5535.59,5500.501319948446,0,0,0,0,0,,3,2,1,0
2026-01-29T20:15:00+08:00,5535.67,5543.15,5528.51,5540.75,5502.0796995583105,0,0,0,0,0,,3,2,1,0
2026-01-29T20:30:00+08:00,5540.82,5542.29,5526.13,5529.63,5503.1601034972,0,0,0,0,0,,3,2,1,0
2026-01-29T20:45:00+08:00,5529.62,5541.9,5527.17,5534.24,5504.378922967898,0,0,0,0,0,,3,2,1,0
2026-01-29T21:00:00+08:00,5534.57,5541.07,5513.73,5515.12,5504.800141675039,0,0,0,0,0,,3,2,1,0
2026-01-29T21:15:00+08:00,5515.13,5525.49,5508.28,5519.76,5505.3868027858225,0,0,0,0,0,,3,2,1,0
2026-01-29T21:30:00+08:00,5519.69,5530.84,5500.33,5526.01,5506.195555617751,0,0,0,0,0,,3,2,1,0
2026-01-29T21:45:00+08:00,5526,5526.56,5506.17,5510.25,5506.354553436662,0,0,0,0,0,,3,2,1,0
2026-01-29T22:00:00+08:00,5510.41,5539.21,5510.41,5529,5507.242610164636,0,0,0,0,0,,3,2,1,0
2026-01-29T22:15:00+08:00,5529.04,5549.67,5516.9,5544.1,5508.687998001317,0,0,0,0,0,,3,2,1,0
2026-01-29T22:30:00+08:00,5544,5544.91,5501.51,5517.69,5509.04101768754,0,0,0,0,0,,3,2,1,0
2026-01-29T22:45:00+08:00,5517.02,5522.38,5491.03,5496.96,5508.567252288029,0,0,0,0,0,,3,2,1,0
2026-01-29T23:00:00+08:00,5495.74,5495.74,5366.49,5384.14,5503.687752198302,0,0,0,0,0,,3,2,1,0
2026-01-29T23:15:00+08:00,5385.23,5385.91,5098.65,5188.58,5491.3305854454275,0,0,0,0,0,,3,2,1,0
2026-01-29T23:30:00+08:00,5193.57,5257.31,5104.29,5126,5477.003895820117,0,1,0,0,0,,3,2,1,0
2026-01-29T23:45:00+08:00,5123.78,5210.99,5117.75,5182.36,5465.449233238935,0,0,0,0,0,,3,2,1,0
2026-01-30T00:00:00+08:00,5182.62,5277.01,5172.07,5272.86,5457.896714288389,0,0,0,0,0,,3,2,1,0
2026-01-30T00:15:00+08:00,5274.16,5297.18,5236.19,5290.15,5451.318411767276,0,0,0,0,0,,3,2,1,0
2026-01-30T00:30:00+08:00,5289.46,5310.99,5245.03,5273.18,5444.332591697971,0,0,0,0,0,,3,2,1,0
2026-01-30T00:45:00+08:00,5272.87,5277.84,5228.35,5263.89,5437.256411631384,0,0,0,0,0,,3,2,1,0
2026-01-30T01:00:00+08:00,5264.26,5298.71,5264.26,5296.66,5431.742826861526,0,0,0,0,0,,3,2,1,0
2026-01-30T01:15:00+08:00,5296.59,5367.9,5294.82,5362.83,5429.040363063034,0,0,0,0,0,,3,2,1,0
2026-01-30T01:30:00+08:00,5362.91,5375.4,5339.56,5368.57,5426.668976276249,0,0,0,0,0,,3,2,1,0
2026-01-30T01:45:00+08:00,5368.63,5371.58,5314.54,5335.15,5423.079996814436,0,0,0,0,0,,3,2,1,0
2026-01-30T02:00:00+08:00,5335.1,5358.96,5330.56,5355.36,5420.42431066485,0,0,0,0,0,,3,2,1,0
2026-01-30T02:15:00+08:00,5355.42,5359.09,5308.38,5330.31,5416.890416128974,0,0,0,0,0,,3,2,1,0
2026-01-30T02:30:00+08:00,5330.76,5360.55,5322.35,5341.57,5413.936674319994,0,0,0,0,0,,3,2,1,0
2026-01-30T02:45:00+08:00,5341.79,5362.21,5336.84,5339.05,5410.99994199372,0,0,0,0,0,,3,2,1,0
2026-01-30T03:00:00+08:00,5339.07,5345.28,5304,5306.43,5406.899159954751,0,0,0,0,0,,3,2,1,0
2026-01-30T03:15:00+08:00,5306.36,5332.49,5305.41,5318.75,5403.442330152604,0,0,0,0,0,,3,2,1,0
2026-01-30T03:30:00+08:00,5318.47,5327.56,5290.36,5317.1,5400.05635642113,0,0,1,1,0,,3,2,1,0
2026-01-30T03:45:00+08:00,5316.91,5325.41,5298.57,5305.75,5396.358067934027,0,0,0,0,0,,3,2,1,0
2026-01-30T04:00:00+08:00,5305.81,5310.88,5282.83,5296.17,5392.429124093476,0,0,0,0,0,,3,2,1,0
2026-01-30T04:15:00+08:00,5295.94,5325.89,5290.16,5318.09,5389.513864325105,0,0,0,0,0,,3,2,1,0
2026-01-30T04:30:00+08:00,5319.09,5358.27,5309.95,5354.63,5388.145869645689,0,0,0,0,0,,3,2,1,0
2026-01-30T04:45:00+08:00,5353.95,5406.82,5353.57,5394.53,5388.3962276987995,0,0,0,0,0,,3,2,1,0
2026-01-30T05:00:00+08:00,5394.01,5406.14,5383.5,5398.84,5388.8057873968855,0,0,0,0,0,,3,2,1,0
2026-01-30T05:15:00+08:00,5398.89,5425.95,5388.75,5411.94,5389.713011420537,0,0,0,0,0,,3,2,1,0
2026-01-30T05:30:00+08:00,5411.68,5412.48,5378.54,5383.35,5389.463481560909,0,0,0,0,0,,3,2,1,0
2026-01-30T05:45:00+08:00,5383.47,5398.11,5369.35,5370.5,5388.719815617344,0,0,0,0,0,,3,2,1,0
2026-01-30T07:00:00+08:00,5400.04,5448.42,5394.78,5422.06,5390.027273828428,0,0,0,0,0,,3,2,1,0
2026-01-30T07:15:00+08:00,5421.95,5428.21,5388.11,5416.69,5391.072870933196,0,0,0,0,0,,3,2,1,0
2026-01-30T07:30:00+08:00,5416.72,5439.16,5406.71,5438.47,5392.931581876992,0,0,0,0,0,,3,2,1,0
2026-01-30T07:45:00+08:00,5438.47,5448.02,5428.24,5438.43,5394.715833568091,0,0,0,0,0,,3,2,1,0
2026-01-30T08:00:00+08:00,5438.73,5450.96,5431.31,5445.08,5396.690898918361,0,0,0,0,0,,3,2,1,0
2026-01-30T08:15:00+08:00,5445.12,5450.61,5418.8,5426.45,5397.8579224901905,0,0,0,0,0,,3,2,1,0
2026-01-30T08:30:00+08:00,5426.74,5436.48,5405.56,5411.4,5398.388984353321,0,0,0,0,0,,3,2,1,0
2026-01-30T08:45:00+08:00,5411.72,5420.97,5389.68,5406.86,5398.721181045347,0,0,0,0,0,,3,2,1,0
2026-01-30T09:00:00+08:00,5407.11,5409.53,5301.44,5310.19,5395.249370023961,0,0,0,0,0,,3,2,1,0
2026-01-30T09:15:00+08:00,5310.48,5363.4,5306.38,5357.05,5393.751355513217,0,0,0,0,0,,3,2,1,0
2026-01-30T09:30:00+08:00,5356.96,5372.85,5344.99,5349.4,5392.0120866695615,0,0,0,0,0,,3,2,1,0
2026-01-30T09:45:00+08:00,5349.25,5349.25,5290.61,5301.26,5388.453181309971,0,0,0,0,0,,3,2,1,0
2026-01-30T10:00:00+08:00,5300.89,5313.04,5195.35,5212.19,5381.540899689972,0,0,0,0,0,,3,2,1,0
2026-01-30T10:15:00+08:00,5212.18,5214.07,5112.49,5171.97,5373.322433035463,0,0,0,0,0,,3,2,1,0
2026-01-30T10:30:00+08:00,5171.27,5230.16,5139.36,5216.94,5367.1897886027,0,0,0,0,0,,3,2,1,0
2026-01-30T10:45:00+08:00,5216.83,5245.85,5201.85,5224.64,5361.599600814358,0,0,0,0,0,,3,2,1,0
2026-01-30T11:00:00+08:00,5224.53,5228.49,5166.49,5181.47,5354.53569490007,0,0,0,0,0,,3,2,1,0
2026-01-30T11:15:00+08:00,5181.09,5206.23,5172.39,5199.51,5348.456255884381,0,0,0,0,0,,3,2,1,0
2026-01-30T11:30:00+08:00,5199.53,5221.89,5152.9,5154.58,5340.853265457542,0,0,0,0,0,,3,2,1,0
2026-01-30T11:45:00+08:00,5154.22,5199.73,5150.82,5196.55,5335.194313870972,0,0,0,0,0,,3,2,1,0
2026-01-30T12:00:00+08:00,5196.28,5225.22,5193.17,5214.56,5330.463556464268,0,0,0,0,0,,3,2,1,0
2026-01-30T12:15:00+08:00,5214.23,5230.36,5198.57,5210.51,5325.759495426453,0,0,0,0,0,,3,2,1,0
2026-01-30T12:30:00+08:00,5210.5,5226.45,5202.29,5203.76,5320.975201488161,0,0,0,0,0,,3,2,1,0
2026-01-30T12:45:00+08:00,5203.48,5216.71,5200.62,5214.96,5316.817742606272,0,0,0,0,0,,3,2,1,0
2026-01-30T13:00:00+08:00,5213.22,5225.04,5203.67,5225.04,5313.218615445242,0,0,0,0,0,,3,2,1,0
2026-01-30T13:15:00+08:00,5224.32,5240.91,5223.34,5230,5309.955140329742,0,0,0,0,0,,3,2,1,0
2026-01-30T13:30:00+08:00,5228.58,5239.84,5212.94,5232.32,5306.910625022693,0,0,0,0,0,,3,2,1,0
2026-01-30T13:45:00+08:00,5232.16,5235.25,5179.51,5185.06,5302.1321691394505,0,0,0,0,0,,3,2,1,0
2026-01-30T14:00:00+08:00,5184.73,5205.3,5174.37,5190.93,5297.771299761433,0,0,0,0,0,,3,2,1,0
2026-01-30T14:15:00+08:00,5191.35,5197.94,5156.32,5156.87,5292.2457585943175,0,0,0,0,0,,3,2,1,0
2026-01-30T14:30:00+08:00,5156.96,5179.68,5152.5,5158.05,5286.983179825913,0,0,0,0,0,,3,2,1,0
2026-01-30T14:45:00+08:00,5158.07,5172.02,5145.17,5155.74,5281.83638846019,0,0,0,0,0,,3,2,1,0
2026-01-30T15:00:00+08:00,5156.2,5186.33,5124.68,5174.09,5277.611039893124,0,0,0,0,0,,3,2,1,0
2026-01-30T15:15:00+08:00,5174.16,5185.58,5165.34,5174.54,5273.569038328688,0,0,0,0,0,,3,2,1,0
2026-01-30T15:30:00+08:00,5174.78,5178.62,5117.98,5146.99,5268.6051544726615,0,0,0,0,0,,3,2,1,0
2026-01-30T15:45:00+08:00,5146.81,5184.97,5143.18,5181.37,5265.1841680227535,0,0,0,0,0,,3,2,1,0
2026-01-30T16:00:00+08:00,5179.89,5179.89,5140.85,5145.73,5260.49969084539,0,0,0,0,0,,3,2,1,0
2026-01-30T16:15:00+08:00,5145.98,5170.85,5132.75,5151.91,5256.241271596552,0,0,0,0,0,,3,2,1,0
2026-01-30T16:30:00+08:00,5152.17,5154.69,5057.55,5096.06,5249.95965310257,1,0,0,0,0,,3,2,1,0
2026-01-30T16:45:00+08:00,5096.24,5128.76,5091.37,5117.17,5244.752215725998,0,0,0,0,0,,3,2,1,0
2026-01-30T17:00:00+08:00,5116.86,5131.81,5014.06,5028.91,5236.287815109293,0,0,0,0,0,,3,2,1,0
2026-01-30T17:15:00+08:00,5027.98,5070.33,5020.81,5028.33,5228.132606673635,0,0,0,0,0,,3,2,1,0
2026-01-30T17:30:00+08:00,5027.75,5068.76,4976.17,4976.82,5218.277210333492,0,0,0,0,0,,3,2,1,0
2026-01-30T17:45:00+08:00,4976.44,5029.19,4942.52,5014.67,5210.292613849825,0,0,0,0,0,,3,2,1,0
2026-01-30T18:00:00+08:00,5013.8,5052.7,5000.48,5038.99,5203.574864287087,0,0,0,0,0,,3,2,1,0
2026-01-30T18:15:00+08:00,5039.52,5075.83,5031.93,5059.72,5197.933497060142,0,0,0,0,0,,3,2,1,0
2026-01-30T18:30:00+08:00,5058.78,5092.17,5055.27,5078.08,5193.2333599205285,0,0,0,0,0,,3,2,1,0
2026-01-30T18:45:00+08:00,5077.97,5122.41,5076.7,5119.61,5190.34616933541,0,0,0,0,0,,3,2,1,0
2026-01-30T19:00:00+08:00,5119.19,5126.49,5090.59,5120.29,5187.598868577159,0,0,0,0,0,,3,2,1,0
2026-01-30T19:15:00+08:00,5120.3,5130.13,5106.02,5124.91,5185.140481574133,0,0,0,0,0,,3,2,1,0
2026-01-30T19:30:00+08:00,5124.95,5137.75,5118.04,5120.9,5182.6212470025985,0,0,0,0,0,,3,2,1,0
2026-01-30T19:45:00+08:00,5120.93,5144.83,5089.16,5136.03,5180.794139277006,0,0,0,0,0,,3,2,1,0
2026-01-30T20:00:00+08:00,5136.04,5145.85,5121.29,5129.26,5178.773192638692,0,0,0,0,0,,3,2,1,0
2026-01-30T20:15:00+08:00,5129.21,5139.99,5110.12,5119.88,5176.463655672469,0,0,0,0,0,,3,2,1,0
2026-01-30T20:30:00+08:00,5119.87,5136.35,5103.51,5113.82,5174.007041724529,0,0,0,0,0,,3,2,1,0
2026-01-30T20:45:00+08:00,5113.81,5115.95,5055.39,5064.7,5169.720491068665,0,0,0,0,0,,3,2,1,0
2026-01-30T21:00:00+08:00,5065.32,5099.99,5054.3,5074.93,5166.003216909109,0,0,0,0,0,,3,2,1,0
2026-01-30T21:15:00+08:00,5076.03,5076.58,5014.15,5026.18,5160.519953500909,0,0,0,0,0,,3,2,1,0
2026-01-30T21:30:00+08:00,5026.13,5048.53,5011.24,5038.14,5155.720739638128,0,0,0,0,0,,3,2,1,0
2026-01-30T21:45:00+08:00,5038.12,5038.12,4992.35,5019.53,5150.379926318986,0,0,0,0,0,,3,2,1,0
2026-01-30T22:00:00+08:00,5019.87,5073.43,5017.92,5052.73,5146.550517443731,0,0,0,0,0,,3,2,1,0
2026-01-30T22:15:00+08:00,5052.7,5087.12,5041.02,5072.28,5143.637948132212,0,0,0,0,0,,3,2,1,0
2026-01-30T22:30:00+08:00,5072.34,5113.48,5056.31,5081.2,5141.189401146635,0,0,0,0,0,,3,2,1,0
2026-01-30T22:45:00+08:00,5083.1,5097.57,5014.73,5032.77,5136.937659925198,0,0,0,0,0,,3,2,1,0
2026-01-30T23:00:00+08:00,5031.72,5046.16,4980.74,5027.34,5132.639712477151,0,0,0,0,0,,3,2,1,0
2026-01-30T23:15:00+08:00,5027.14,5060.22,5027.09,5045.63,5129.227566889812,0,0,0,0,0,,3,2,1,0
2026-01-30T23:30:00+08:00,5045.51,5073.56,5040.17,5059.16,5126.479819168643,0,1,0,0,0,,3,2,1,0
2026-01-30T23:45:00+08:00,5059.18,5073.86,5038.24,5050.27,5123.491198809089,0,0,0,0,0,,3,2,1,0
2026-01-31T00:00:00+08:00,5050.66,5051.8,5016.72,5030.36,5119.838994934223,0,0,0,0,0,,3,2,1,0
2026-01-31T00:15:00+08:00,5030.33,5035.04,4989.24,4995.32,5114.955897093665,0,0,0,0,0,,3,2,1,0
2026-01-31T00:30:00+08:00,4995,5016.88,4959.68,5010.18,5110.8470383841095,0,0,0,0,0,,3,2,1,0
2026-01-31T00:45:00+08:00,5010.18,5014.6,4944.01,4985.62,5105.9361741337525,0,0,0,0,0,,3,2,1,0
2026-01-31T01:00:00+08:00,4984.78,4985.97,4899.84,4914.39,5098.4245594618405,0,0,0,0,0,,3,2,1,0
2026-01-31T01:15:00+08:00,4914.57,4940.51,4900.08,4925.91,5091.6592826201995,0,0,0,0,0,,3,2,1,0
2026-01-31T01:30:00+08:00,4925.68,4925.68,4839.06,4859.6,5082.558918595878,0,0,0,0,0,,3,2,1,0
2026-01-31T01:45:00+08:00,4859.38,4878.52,4800.92,4849.83,5073.432294337216,0,0,0,0,0,,3,2,1,0
2026-01-31T02:00:00+08:00,4849.56,4889.73,4787.31,4807.99,5063.022792598502,0,0,0,0,0,,3,2,1,0
2026-01-31T02:15:00+08:00,4807.94,4818.02,4694.19,4742.7,5050.461114457384,0,0,0,0,0,,3,2,1,0
2026-01-31T02:30:00+08:00,4740.11,4784.62,4681.35,4779.55,5039.8371491845455,0,0,0,0,0,,3,2,1,0
2026-01-31T02:45:00+08:00,4779.13,4893.15,4773.48,4879.04,5033.531378628289,0,0,0,0,0,,3,2,1,0
2026-01-31T03:00:00+08:00,4879.41,4918.39,4871.8,4889.82,5027.895638289924,0,0,0,0,0,,3,2,1,0
2026-01-31T03:15:00+08:00,4889.63,4900.77,4834.03,4893.87,5022.639730906006,0,0,0,0,0,,3,2,1,0
2026-01-31T03:30:00+08:00,4893.15,4930.44,4881.16,4926.63,5018.874643419495,0,0,1,0,0,,3,2,1,0
2026-01-31T03:45:00+08:00,4926.57,4947.98,4908.91,4932.92,5015.503873089319,0,0,0,0,0,,3,2,1,0
2026-01-31T04:00:00+08:00,4932.96,4933.13,4879.43,4899.27,5010.945681987778,0,0,0,0,0,,3,2,1,0
2026-01-31T04:15:00+08:00,4899.02,4913.81,4880.52,4890.53,5006.223498380414,0,0,0,0,0,,3,2,1,0
2026-01-31T04:30:00+08:00,4890.51,4894.11,4844.47,4861.88,5000.562969032162,0,0,0,0,0,,3,2,1,0
2026-01-31T04:45:00+08:00,4861.89,4879.65,4809.6,4847.73,4994.569519266195,0,0,0,0,0,,3,2,1,0
2026-01-31T05:00:00+08:00,4847.84,4863.33,4831.47,4839.81,4988.500518510658,0,0,0,0,0,,3,2,1,0
2026-01-31T05:15:00+08:00,4840.01,4890.07,4836.53,4874.63,4984.035007980829,0,0,0,0,0,,3,2,1,0
2026-01-31T05:30:00+08:00,4874.59,4881.58,4849.88,4860.31,4979.1830468835415,0,0,0,0,0,,3,2,1,0
2026-01-31T05:45:00+08:00,4860.53,4891.61,4856.81,4882.54,4975.393123476344,0,0,0,0,0,,3,2,1,0