time,open,high,low,close,FVG,Swing Order Blocks Signal OB,Internal Order Blocks Signal OB,Internal Order Blocks+ Swing Order Blocks Signal OB
2026-03-11T20:20:00+08:00,1.1598,1.16,1.15953,1.15983,,,,
2026-03-11T20:25:00+08:00,1.15982,1.16022,1.15959,1.16006,,,,
2026-03-11T20:30:00+08:00,1.16006,1.16055,1.15872,1.15886,,,,
2026-03-11T20:35:00+08:00,1.15885,1.15975,1.15871,1.15972,,,,
2026-03-11T20:40:00+08:00,1.1597,1.15975,1.15899,1.15911,,,,
2026-03-11T20:45:00+08:00,1.15908,1.15909,1.15838,1.15862,,,,
2026-03-11T20:50:00+08:00,1.15861,1.15868,1.15775,1.15811,,,,
2026-03-11T20:55:00+08:00,1.1581,1.15843,1.15794,1.15826,,,,
2026-03-11T21:00:00+08:00,1.15824,1.15899,1.15815,1.15834,,,,
2026-03-11T21:05:00+08:00,1.15834,1.15867,1.15792,1.15807,,,,
2026-03-11T21:10:00+08:00,1.15808,1.15853,1.15787,1.15848,,,,
2026-03-11T21:15:00+08:00,1.15846,1.15888,1.15834,1.15869,,,,
2026-03-11T21:20:00+08:00,1.15869,1.15906,1.15855,1.15906,,,,
2026-03-11T21:25:00+08:00,1.15905,1.15919,1.15853,1.15881,,,,
2026-03-11T21:30:00+08:00,1.1588,1.15882,1.15816,1.15841,,,,
2026-03-11T21:35:00+08:00,1.15843,1.15903,1.15825,1.15873,,,,
2026-03-11T21:40:00+08:00,1.15871,1.15896,1.1581,1.15828,,,,
2026-03-11T21:45:00+08:00,1.15822,1.15831,1.1578,1.15827,,,,
2026-03-11T21:50:00+08:00,1.15828,1.15878,1.15806,1.15858,,,,
2026-03-11T21:55:00+08:00,1.15859,1.15933,1.15849,1.15919,,,,
2026-03-11T22:00:00+08:00,1.15916,1.16126,1.15858,1.15959,,,,
2026-03-11T22:05:00+08:00,1.15959,1.16043,1.15908,1.15965,,,,
2026-03-11T22:10:00+08:00,1.15967,1.1599,1.15925,1.1597,,,,
2026-03-11T22:15:00+08:00,1.15971,1.15998,1.15932,1.15943,,,,
2026-03-11T22:20:00+08:00,1.15944,1.15954,1.15893,1.15913,,,,
2026-03-11T22:25:00+08:00,1.15914,1.15939,1.1588,1.15929,,,,
2026-03-11T22:30:00+08:00,1.1593,1.15971,1.15859,1.15882,,,,
2026-03-11T22:35:00+08:00,1.1588,1.15909,1.1585,1.15883,,,,
2026-03-11T22:40:00+08:00,1.15882,1.15896,1.15831,1.15869,,,,
2026-03-11T22:45:00+08:00,1.15871,1.15934,1.1585,1.15898,,,,
2026-03-11T22:50:00+08:00,1.15899,1.15947,1.1585,1.15872,,,,
2026-03-11T22:55:00+08:00,1.15871,1.15876,1.1581,1.15819,,,,
2026-03-11T23:00:00+08:00,1.15817,1.15844,1.15765,1.158,,,,
2026-03-11T23:05:00+08:00,1.15802,1.15807,1.15767,1.15789,,,,
2026-03-11T23:10:00+08:00,1.15786,1.15798,1.15764,1.15767,,,,
2026-03-11T23:15:00+08:00,1.15763,1.1578,1.15757,1.15766,,,,
2026-03-11T23:20:00+08:00,1.15767,1.15787,1.1575,1.15764,,,,
2026-03-11T23:25:00+08:00,1.15767,1.15777,1.15741,1.15746,,,,
2026-03-11T23:30:00+08:00,1.15747,1.15763,1.15715,1.15752,,,,
2026-03-11T23:35:00+08:00,1.15751,1.15765,1.1571,1.15715,,,,
2026-03-11T23:40:00+08:00,1.15716,1.15723,1.15699,1.15714,,,,
2026-03-11T23:45:00+08:00,1.15712,1.15714,1.15679,1.15683,,,,
2026-03-11T23:50:00+08:00,1.15684,1.15749,1.1568,1.15728,,,,
2026-03-11T23:55:00+08:00,1.15725,1.15728,1.15656,1.15663,,,,
2026-03-12T00:00:00+08:00,1.15662,1.15689,1.15651,1.15662,,,,
2026-03-12T00:05:00+08:00,1.15661,1.15673,1.15632,1.15638,,,,
2026-03-12T00:10:00+08:00,1.15637,1.15716,1.15632,1.15715,,,,
2026-03-12T00:15:00+08:00,1.15716,1.15726,1.15677,1.15706,,,,
2026-03-12T00:20:00+08:00,1.15708,1.15752,1.15708,1.15725,,,,
2026-03-12T00:25:00+08:00,1.15727,1.15729,1.15684,1.15702,,,,
2026-03-12T00:30:00+08:00,1.15703,1.15765,1.15698,1.15751,,,,
2026-03-12T00:35:00+08:00,1.15752,1.15756,1.15691,1.15693,,,,
2026-03-12T00:40:00+08:00,1.15695,1.15718,1.1569,1.15696,,,,
2026-03-12T00:45:00+08:00,1.15695,1.15715,1.1568,1.15685,,,,
2026-03-12T00:50:00+08:00,1.15688,1.15707,1.15685,1.15701,,,,
2026-03-12T00:55:00+08:00,1.15702,1.15718,1.15692,1.1571,,,,
2026-03-12T01:00:00+08:00,1.15711,1.15727,1.15692,1.15725,,,,
2026-03-12T01:05:00+08:00,1.15726,1.15753,1.15723,1.15741,,,,
2026-03-12T01:10:00+08:00,1.1574,1.15764,1.15723,1.15749,,,,
2026-03-12T01:15:00+08:00,1.1575,1.1576,1.15716,1.15723,,,,
2026-03-12T01:20:00+08:00,1.15724,1.15748,1.15696,1.15725,,,,
2026-03-12T01:25:00+08:00,1.15726,1.15755,1.15726,1.15755,,,,
2026-03-12T01:30:00+08:00,1.15758,1.15764,1.15722,1.15739,,,,
2026-03-12T01:35:00+08:00,1.15742,1.15751,1.15609,1.1567,,,,
2026-03-12T01:40:00+08:00,1.15671,1.15692,1.15655,1.15676,,,,
2026-03-12T01:45:00+08:00,1.15675,1.15688,1.15658,1.1568,,,,
2026-03-12T01:50:00+08:00,1.15679,1.15726,1.15677,1.157,,,,
2026-03-12T01:55:00+08:00,1.15699,1.15719,1.15662,1.15714,,,,
2026-03-12T02:00:00+08:00,1.15713,1.15719,1.15697,1.15702,,,,
2026-03-12T02:05:00+08:00,1.15699,1.15709,1.15662,1.15664,,,,
2026-03-12T02:10:00+08:00,1.15665,1.15699,1.15643,1.15697,,,,
2026-03-12T02:15:00+08:00,1.15696,1.15723,1.15688,1.15721,,,,
2026-03-12T02:20:00+08:00,1.15721,1.15737,1.15705,1.15729,,,,
2026-03-12T02:25:00+08:00,1.15726,1.15741,1.15708,1.15722,,,,
2026-03-12T02:30:00+08:00,1.1572,1.15735,1.15704,1.15729,,,,
2026-03-12T02:35:00+08:00,1.15727,1.15736,1.15723,1.15729,,,,
2026-03-12T02:40:00+08:00,1.1573,1.15738,1.15719,1.15723,,,,
2026-03-12T02:45:00+08:00,1.15722,1.15731,1.15705,1.15707,,,,
2026-03-12T02:50:00+08:00,1.15708,1.15732,1.15699,1.1573,,,,
2026-03-12T02:55:00+08:00,1.15727,1.15745,1.15695,1.15716,,,,
2026-03-12T03:00:00+08:00,1.15717,1.15719,1.15684,1.15691,,,,
2026-03-12T03:05:00+08:00,1.1569,1.15703,1.15681,1.15701,,,,
2026-03-12T03:10:00+08:00,1.15702,1.15714,1.15695,1.15698,,,,
2026-03-12T03:15:00+08:00,1.15698,1.15716,1.15686,1.1571,,,,
2026-03-12T03:20:00+08:00,1.15711,1.15715,1.15699,1.15711,,,,
2026-03-12T03:25:00+08:00,1.1571,1.1573,1.15687,1.157,,,,
2026-03-12T03:30:00+08:00,1.15701,1.15721,1.15698,1.15716,,,,
2026-03-12T03:35:00+08:00,1.15717,1.1572,1.15693,1.15718,,,,
2026-03-12T03:40:00+08:00,1.15717,1.15725,1.15715,1.15724,,,,
2026-03-12T03:45:00+08:00,1.15725,1.15733,1.1571,1.1573,,,,
2026-03-12T03:50:00+08:00,1.15731,1.15763,1.15725,1.15757,,,,
2026-03-12T03:55:00+08:00,1.15758,1.15763,1.15728,1.15731,,,,
2026-03-12T04:00:00+08:00,1.15733,1.15734,1.15699,1.15709,,,,
2026-03-12T04:05:00+08:00,1.15708,1.15717,1.15694,1.15717,,,,
2026-03-12T04:10:00+08:00,1.15718,1.15727,1.15718,1.15721,,,,
2026-03-12T04:15:00+08:00,1.1572,1.15721,1.15706,1.15708,,,,
2026-03-12T04:20:00+08:00,1.15706,1.15718,1.15702,1.15715,,,,
2026-03-12T04:25:00+08:00,1.15716,1.15717,1.15702,1.15702,,,,
2026-03-12T04:30:00+08:00,1.15701,1.15713,1.15697,1.15698,,,,
2026-03-12T04:35:00+08:00,1.15697,1.15697,1.15669,1.15676,,,,
2026-03-12T04:40:00+08:00,1.15676,1.15677,1.15662,1.15664,,,,
2026-03-12T04:45:00+08:00,1.15663,1.15663,1.15649,1.15652,,,,
2026-03-12T04:50:00+08:00,1.15651,1.15664,1.15649,1.15655,,,,
2026-03-12T04:55:00+08:00,1.15655,1.15672,1.15655,1.1567,,,,
2026-03-12T05:00:00+08:00,1.15655,1.15664,1.15655,1.15662,,,,
2026-03-12T05:05:00+08:00,1.15662,1.15663,1.15661,1.15663,,,,
2026-03-12T05:10:00+08:00,1.15668,1.157,1.15668,1.1569,,,,
2026-03-12T05:15:00+08:00,1.15691,1.1571,1.15646,1.15673,,,,
2026-03-12T05:20:00+08:00,1.15672,1.15675,1.15647,1.15654,,,,
2026-03-12T05:25:00+08:00,1.15654,1.15663,1.15642,1.15653,,,,
2026-03-12T05:30:00+08:00,1.15652,1.15661,1.15645,1.1566,,,,
2026-03-12T05:35:00+08:00,1.15659,1.1566,1.15659,1.1566,,,,
2026-03-12T05:40:00+08:00,1.15659,1.15668,1.15659,1.1566,,,,
2026-03-12T05:45:00+08:00,1.15661,1.15661,1.15655,1.15657,,,,
2026-03-12T05:50:00+08:00,1.15657,1.15659,1.1565,1.15655,,,,
2026-03-12T05:55:00+08:00,1.15654,1.15727,1.15648,1.15724,,,,
2026-03-12T06:00:00+08:00,1.15729,1.15738,1.1568,1.15686,,,,
2026-03-12T06:05:00+08:00,1.15683,1.15684,1.15666,1.1567,,,,
2026-03-12T06:10:00+08:00,1.1567,1.15692,1.1567,1.15682,,,,
2026-03-12T06:15:00+08:00,1.15682,1.1569,1.15672,1.1568,,,,
2026-03-12T06:20:00+08:00,1.1568,1.1568,1.15651,1.15651,,,,
2026-03-12T06:25:00+08:00,1.15652,1.15655,1.15599,1.1561,,,,
2026-03-12T06:30:00+08:00,1.1561,1.15615,1.15564,1.15564,,,,
2026-03-12T06:35:00+08:00,1.15564,1.15589,1.15552,1.15558,,,,
2026-03-12T06:40:00+08:00,1.15558,1.1556,1.15511,1.15511,,,,
2026-03-12T06:45:00+08:00,1.15512,1.15542,1.1551,1.15521,,,,
2026-03-12T06:50:00+08:00,1.1552,1.15521,1.15504,1.15509,,,,
2026-03-12T06:55:00+08:00,1.1551,1.15513,1.15496,1.15501,,,,
2026-03-12T07:00:00+08:00,1.15503,1.15538,1.1548,1.15497,,,,
2026-03-12T07:05:00+08:00,1.15496,1.15523,1.15482,1.15483,,,,
2026-03-12T07:10:00+08:00,1.15484,1.15498,1.15479,1.15492,,,,
2026-03-12T07:15:00+08:00,1.15495,1.15498,1.15457,1.1546,,,,
2026-03-12T07:20:00+08:00,1.15458,1.1548,1.15453,1.15461,,,,
2026-03-12T07:25:00+08:00,1.15462,1.15479,1.1545,1.15452,,,,
2026-03-12T07:30:00+08:00,1.15451,1.15452,1.15419,1.1542,,,,
2026-03-12T07:35:00+08:00,1.15419,1.15444,1.1541,1.15413,,,,
2026-03-12T07:40:00+08:00,1.15414,1.15422,1.154,1.15421,,,,
2026-03-12T07:45:00+08:00,1.1542,1.15429,1.154,1.15404,,,,
2026-03-12T07:50:00+08:00,1.15405,1.15437,1.15399,1.15437,,,,
2026-03-12T07:55:00+08:00,1.15436,1.15436,1.15406,1.15427,,,,
2026-03-12T08:00:00+08:00,1.15427,1.15432,1.154,1.15407,,,,
2026-03-12T08:05:00+08:00,1.15407,1.15407,1.1535,1.15371,,,,
2026-03-12T08:10:00+08:00,1.15369,1.15392,1.1534,1.15342,,,,
2026-03-12T08:15:00+08:00,1.15343,1.15368,1.15341,1.15347,,,,
2026-03-12T08:20:00+08:00,1.1535,1.15393,1.15343,1.15388,,,,
2026-03-12T08:25:00+08:00,1.15386,1.15409,1.15355,1.15394,,,,
2026-03-12T08:30:00+08:00,1.15395,1.15403,1.15375,1.15402,,,,
2026-03-12T08:35:00+08:00,1.15401,1.15453,1.15401,1.15451,,,,
2026-03-12T08:40:00+08:00,1.15452,1.15478,1.15451,1.15473,,,,
2026-03-12T08:45:00+08:00,1.15474,1.15501,1.15471,1.15495,,,,
2026-03-12T08:50:00+08:00,1.15494,1.15494,1.15472,1.15486,,,,
2026-03-12T08:55:00+08:00,1.15488,1.15501,1.15457,1.15459,,,,
2026-03-12T09:00:00+08:00,1.15458,1.15514,1.15458,1.15492,,,,
2026-03-12T09:05:00+08:00,1.15492,1.15503,1.15455,1.1547,,,,
2026-03-12T09:10:00+08:00,1.15471,1.15494,1.15458,1.15491,,,,
2026-03-12T09:15:00+08:00,1.15492,1.15502,1.15472,1.155,,,,
2026-03-12T09:20:00+08:00,1.15499,1.15531,1.15487,1.15529,,,,
2026-03-12T09:25:00+08:00,1.1553,1.15536,1.15515,1.15531,,,,
2026-03-12T09:30:00+08:00,1.1553,1.15533,1.15501,1.15509,,,,
2026-03-12T09:35:00+08:00,1.15508,1.15554,1.15504,1.15551,,,,
2026-03-12T09:40:00+08:00,1.15552,1.15555,1.1554,1.1555,,,,
2026-03-12T09:45:00+08:00,1.15551,1.15553,1.15528,1.15539,,,,
2026-03-12T09:50:00+08:00,1.1554,1.15542,1.15486,1.15498,,,,
2026-03-12T09:55:00+08:00,1.15497,1.1551,1.15488,1.15508,,,,
2026-03-12T10:00:00+08:00,1.1551,1.15534,1.15506,1.15533,,,,
2026-03-12T10:05:00+08:00,1.15532,1.15543,1.15519,1.15525,,,,
2026-03-12T10:10:00+08:00,1.15528,1.15529,1.155,1.15502,,,,
2026-03-12T10:15:00+08:00,1.15502,1.15505,1.15475,1.15475,,,,
2026-03-12T10:20:00+08:00,1.15475,1.15481,1.1544,1.1545,,,,
2026-03-12T10:25:00+08:00,1.15442,1.15455,1.15411,1.15413,,,,
2026-03-12T10:30:00+08:00,1.15412,1.15427,1.15371,1.15372,,,,
2026-03-12T10:35:00+08:00,1.15373,1.15379,1.15326,1.1535,,,,
2026-03-12T10:40:00+08:00,1.15351,1.15371,1.15342,1.15354,,,,
2026-03-12T10:45:00+08:00,1.15355,1.15373,1.15333,1.15351,,,,
2026-03-12T10:50:00+08:00,1.1535,1.15375,1.15342,1.1537,,,,
2026-03-12T10:55:00+08:00,1.15368,1.15397,1.15366,1.15388,,,,
2026-03-12T11:00:00+08:00,1.15386,1.15405,1.15371,1.15373,,,,
2026-03-12T11:05:00+08:00,1.15372,1.15387,1.15364,1.15374,,,,
2026-03-12T11:10:00+08:00,1.15376,1.15385,1.15333,1.15351,,,,
2026-03-12T11:15:00+08:00,1.1535,1.15374,1.15335,1.15367,,,,
2026-03-12T11:20:00+08:00,1.15369,1.15386,1.15363,1.15381,,,,
2026-03-12T11:25:00+08:00,1.1538,1.15381,1.15348,1.15357,,,,
2026-03-12T11:30:00+08:00,1.15359,1.15379,1.15356,1.15371,,,,
2026-03-12T11:35:00+08:00,1.1537,1.15381,1.15352,1.1536,,,,
2026-03-12T11:40:00+08:00,1.15359,1.15392,1.15359,1.15385,,,,
2026-03-12T11:45:00+08:00,1.15386,1.15391,1.1538,1.15386,,,,
2026-03-12T11:50:00+08:00,1.15387,1.15403,1.15372,1.15375,,,,
2026-03-12T11:55:00+08:00,1.15376,1.15384,1.15368,1.15384,,,,
2026-03-12T12:00:00+08:00,1.15383,1.15391,1.15369,1.15387,,,,
2026-03-12T12:05:00+08:00,1.15388,1.15392,1.15379,1.15387,,,,
2026-03-12T12:10:00+08:00,1.15386,1.15394,1.1538,1.15387,,,,
2026-03-12T12:15:00+08:00,1.15389,1.154,1.15383,1.154,,,,
2026-03-12T12:20:00+08:00,1.15402,1.15402,1.15386,1.15387,,,,
2026-03-12T12:25:00+08:00,1.15386,1.15399,1.15379,1.15394,,,,
2026-03-12T12:30:00+08:00,1.15393,1.15396,1.1535,1.15356,,,,
2026-03-12T12:35:00+08:00,1.15353,1.15359,1.15338,1.15343,,,,
2026-03-12T12:40:00+08:00,1.15342,1.15347,1.15322,1.15325,,,,
2026-03-12T12:45:00+08:00,1.15327,1.15334,1.1532,1.15326,,,,
2026-03-12T12:50:00+08:00,1.15324,1.1535,1.15317,1.15347,,,,
2026-03-12T12:55:00+08:00,1.15346,1.15349,1.15321,1.15329,,,,
2026-03-12T13:00:00+08:00,1.15332,1.15427,1.15328,1.15374,,,,
2026-03-12T13:05:00+08:00,1.15375,1.15427,1.15363,1.15426,,,,
2026-03-12T13:10:00+08:00,1.15424,1.15437,1.15385,1.15397,,,,
2026-03-12T13:15:00+08:00,1.15395,1.15425,1.15364,1.15397,,,,
2026-03-12T13:20:00+08:00,1.15396,1.15406,1.15381,1.15383,,,,
2026-03-12T13:25:00+08:00,1.15381,1.15414,1.15362,1.15408,,,,
2026-03-12T13:30:00+08:00,1.15408,1.15428,1.15408,1.15411,,,,
2026-03-12T13:35:00+08:00,1.15409,1.15418,1.15403,1.15415,,,,
2026-03-12T13:40:00+08:00,1.15416,1.15448,1.15415,1.15438,,,,
2026-03-12T13:45:00+08:00,1.15439,1.15453,1.15391,1.15394,,,,
2026-03-12T13:50:00+08:00,1.15392,1.15396,1.15367,1.15393,,,,
2026-03-12T13:55:00+08:00,1.1539,1.1541,1.15376,1.15394,,,,
2026-03-12T14:00:00+08:00,1.15395,1.15444,1.15393,1.15442,,,,
2026-03-12T14:05:00+08:00,1.15443,1.1547,1.15435,1.15467,,,,
2026-03-12T14:10:00+08:00,1.15468,1.15489,1.15414,1.15433,,,,
2026-03-12T14:15:00+08:00,1.15435,1.15466,1.15429,1.15431,,,,
2026-03-12T14:20:00+08:00,1.15427,1.15473,1.15419,1.1547,,,,
2026-03-12T14:25:00+08:00,1.15469,1.15495,1.15439,1.15474,,,,
2026-03-12T14:30:00+08:00,1.15475,1.15504,1.15464,1.15502,,,,
2026-03-12T14:35:00+08:00,1.155,1.15503,1.15474,1.15477,,,,
2026-03-12T14:40:00+08:00,1.15478,1.15495,1.15474,1.15491,,,,
2026-03-12T14:45:00+08:00,1.15491,1.15514,1.15483,1.15498,,,,
2026-03-12T14:50:00+08:00,1.15496,1.15498,1.15446,1.15467,,,,
2026-03-12T14:55:00+08:00,1.15466,1.15483,1.15458,1.1548,,,,
2026-03-12T15:00:00+08:00,1.15478,1.15511,1.15462,1.15495,,,,
2026-03-12T15:05:00+08:00,1.15498,1.15514,1.1547,1.15476,,,,
2026-03-12T15:10:00+08:00,1.15477,1.1552,1.15476,1.15517,,,,
2026-03-12T15:15:00+08:00,1.15516,1.15523,1.15505,1.15519,,,,
2026-03-12T15:20:00+08:00,1.1552,1.15529,1.15503,1.15516,,,,
2026-03-12T15:25:00+08:00,1.15514,1.15516,1.15494,1.15498,,,,
2026-03-12T15:30:00+08:00,1.15496,1.15504,1.1543,1.15432,,,,
2026-03-12T15:35:00+08:00,1.15431,1.15457,1.15425,1.15451,,,,
2026-03-12T15:40:00+08:00,1.1545,1.15489,1.1545,1.15476,,,,
2026-03-12T15:45:00+08:00,1.15475,1.15494,1.15417,1.15441,,,,
2026-03-12T15:50:00+08:00,1.15442,1.15474,1.15436,1.15462,,,,
2026-03-12T15:55:00+08:00,1.15467,1.15513,1.1546,1.15512,,,,
2026-03-12T16:00:00+08:00,1.15511,1.15557,1.15503,1.15544,,,,
2026-03-12T16:05:00+08:00,1.15543,1.15543,1.1552,1.15537,,,,
2026-03-12T16:10:00+08:00,1.15536,1.1556,1.15534,1.15543,,,,
2026-03-12T16:15:00+08:00,1.15544,1.15558,1.15528,1.15547,,,,
2026-03-12T16:20:00+08:00,1.15546,1.15547,1.15504,1.15504,,,,
2026-03-12T16:25:00+08:00,1.15506,1.15528,1.15486,1.15488,,,,
2026-03-12T16:30:00+08:00,1.15483,1.15502,1.15469,1.15485,,,,
2026-03-12T16:35:00+08:00,1.15486,1.15496,1.1546,1.15467,,,,
2026-03-12T16:40:00+08:00,1.15468,1.15495,1.1545,1.15491,,,,
2026-03-12T16:45:00+08:00,1.15498,1.15503,1.15444,1.15485,,,,
2026-03-12T16:50:00+08:00,1.15486,1.15488,1.15433,1.15438,,,,
2026-03-12T16:55:00+08:00,1.15437,1.15484,1.15433,1.15474,,,,
2026-03-12T17:00:00+08:00,1.15473,1.15483,1.15448,1.15473,,,,
2026-03-12T17:05:00+08:00,1.15472,1.15489,1.15453,1.15466,,,,
2026-03-12T17:10:00+08:00,1.15464,1.15469,1.15447,1.15462,,,,
2026-03-12T17:15:00+08:00,1.15461,1.15493,1.15455,1.15492,,,,
2026-03-12T17:20:00+08:00,1.15492,1.15518,1.15476,1.15515,,,,
2026-03-12T17:25:00+08:00,1.15513,1.1556,1.15506,1.15554,,,,
2026-03-12T17:30:00+08:00,1.15555,1.15583,1.15549,1.15576,,,,
2026-03-12T17:35:00+08:00,1.15575,1.15579,1.15553,1.15564,,,,
2026-03-12T17:40:00+08:00,1.15566,1.15599,1.15565,1.15593,,,,
2026-03-12T17:45:00+08:00,1.15595,1.15604,1.15566,1.15601,,,,
2026-03-12T17:50:00+08:00,1.156,1.15606,1.15577,1.15588,,,,
2026-03-12T17:55:00+08:00,1.15591,1.15614,1.15585,1.15598,,,,
2026-03-12T18:00:00+08:00,1.15597,1.1562,1.15591,1.15617,,,,
2026-03-12T18:05:00+08:00,1.15616,1.1563,1.15595,1.15603,,,,
2026-03-12T18:10:00+08:00,1.15604,1.15622,1.15572,1.15576,,,,
2026-03-12T18:15:00+08:00,1.15575,1.15576,1.1552,1.15537,,,,
2026-03-12T18:20:00+08:00,1.15536,1.15544,1.15506,1.15506,,,,
2026-03-12T18:25:00+08:00,1.15505,1.15513,1.15492,1.15496,,,,
2026-03-12T18:30:00+08:00,1.15495,1.15561,1.15495,1.1556,,,,
2026-03-12T18:35:00+08:00,1.15558,1.15558,1.15534,1.15548,,,,
2026-03-12T18:40:00+08:00,1.15549,1.1555,1.15516,1.15531,,,,
2026-03-12T18:45:00+08:00,1.15532,1.15563,1.15525,1.1555,,,,
2026-03-12T18:50:00+08:00,1.15554,1.15574,1.15528,1.15563,,,,
2026-03-12T18:55:00+08:00,1.15562,1.15584,1.15558,1.15578,,,,
2026-03-12T19:00:00+08:00,1.15577,1.15589,1.1555,1.15573,,,,
2026-03-12T19:05:00+08:00,1.15574,1.1559,1.15567,1.15585,,,,
2026-03-12T19:10:00+08:00,1.15584,1.1561,1.15578,1.15586,,,,
2026-03-12T19:15:00+08:00,1.15587,1.15594,1.15571,1.15592,,,,
2026-03-12T19:20:00+08:00,1.15593,1.15609,1.15589,1.15603,,,,
2026-03-12T19:25:00+08:00,1.156,1.15605,1.15576,1.15593,,,,
2026-03-12T19:30:00+08:00,1.15596,1.15624,1.15582,1.15609,,,,
2026-03-12T19:35:00+08:00,1.1561,1.15662,1.15604,1.15638,,,,
2026-03-12T19:40:00+08:00,1.15637,1.15641,1.15605,1.15626,,,,
2026-03-12T19:45:00+08:00,1.15627,1.15638,1.15597,1.15597,,,,
2026-03-12T19:50:00+08:00,1.15598,1.15604,1.15528,1.1553,,,,
2026-03-12T19:55:00+08:00,1.15531,1.15576,1.15524,1.15564,,,,
2026-03-12T20:00:00+08:00,1.15565,1.15575,1.15508,1.15513,,,,
2026-03-12T20:05:00+08:00,1.15512,1.15512,1.15449,1.15468,,,,
2026-03-12T20:10:00+08:00,1.15465,1.15492,1.15455,1.15466,,,,
2026-03-12T20:15:00+08:00,1.1547,1.15476,1.15408,1.15408,,,,
2026-03-12T20:20:00+08:00,1.15406,1.15412,1.15365,1.15395,,,,
2026-03-12T20:25:00+08:00,1.15393,1.15413,1.15389,1.15401,,,,
2026-03-12T20:30:00+08:00,1.15404,1.1541,1.15352,1.15354,,,,
2026-03-12T20:35:00+08:00,1.15355,1.15362,1.15328,1.15354,,,,
2026-03-12T20:40:00+08:00,1.15353,1.15378,1.15337,1.15358,,,,
2026-03-12T20:45:00+08:00,1.15357,1.1539,1.15326,1.1539,,,,
2026-03-12T20:50:00+08:00,1.15391,1.15403,1.15351,1.1537,,,,
2026-03-12T20:55:00+08:00,1.15373,1.15399,1.1537,1.15394,,,,
2026-03-12T21:00:00+08:00,1.15395,1.15472,1.15389,1.15457,,,,
2026-03-12T21:05:00+08:00,1.15458,1.15505,1.15452,1.15466,,,,
2026-03-12T21:10:00+08:00,1.15465,1.15473,1.15393,1.15396,,,,
2026-03-12T21:15:00+08:00,1.15395,1.15405,1.15281,1.15285,,,,
2026-03-12T21:20:00+08:00,1.15288,1.15362,1.15201,1.15328,,,,
2026-03-12T21:25:00+08:00,1.15327,1.15393,1.15318,1.15363,,,,
2026-03-12T21:30:00+08:00,1.15361,1.15392,1.15311,1.15344,,,,
2026-03-12T21:35:00+08:00,1.15341,1.15391,1.15323,1.15383,,,,
2026-03-12T21:40:00+08:00,1.1538,1.1538,1.15337,1.15349,,,,
2026-03-12T21:45:00+08:00,1.15348,1.15348,1.15254,1.15293,,,,
2026-03-12T21:50:00+08:00,1.15294,1.15345,1.15245,1.15252,,,,
2026-03-12T21:55:00+08:00,1.15251,1.15272,1.15208,1.15261,,,,
2026-03-12T22:00:00+08:00,1.15263,1.15318,1.15263,1.15289,,,,
2026-03-12T22:05:00+08:00,1.15288,1.15294,1.15232,1.1526,,,,
2026-03-12T22:10:00+08:00,1.15262,1.15285,1.15238,1.15282,,,,
2026-03-12T22:15:00+08:00,1.15287,1.15332,1.15216,1.15231,,,,
2026-03-12T22:20:00+08:00,1.1523,1.15264,1.1522,1.15244,,,,
2026-03-12T22:25:00+08:00,1.15245,1.15273,1.15201,1.15203,,,,
2026-03-12T22:30:00+08:00,1.15205,1.15232,1.152,1.15206,,,,
2026-03-12T22:35:00+08:00,1.15203,1.1525,1.15168,1.15186,,,,
2026-03-12T22:40:00+08:00,1.15187,1.15248,1.15168,1.15241,,,,
2026-03-12T22:45:00+08:00,1.1524,1.15319,1.15154,1.15174,,,,
2026-03-12T22:50:00+08:00,1.15173,1.15238,1.1516,1.15238,,,,
2026-03-12T22:55:00+08:00,1.15241,1.15265,1.15188,1.15205,,,,
2026-03-12T23:00:00+08:00,1.152,1.15221,1.15149,1.15156,,,,
2026-03-12T23:05:00+08:00,1.15158,1.15179,1.15121,1.1513,,,,
2026-03-12T23:10:00+08:00,1.15129,1.15162,1.15107,1.15143,,,,
2026-03-12T23:15:00+08:00,1.15142,1.15175,1.15134,1.15149,,,,
2026-03-12T23:20:00+08:00,1.15152,1.15205,1.15136,1.15202,,,,
2026-03-12T23:25:00+08:00,1.15201,1.15205,1.15156,1.15203,,,,
2026-03-12T23:30:00+08:00,1.15201,1.15205,1.15157,1.15205,,,,
2026-03-12T23:35:00+08:00,1.15203,1.15256,1.15157,1.15246,,,,
2026-03-12T23:40:00+08:00,1.15247,1.15287,1.15212,1.15248,,,,
2026-03-12T23:45:00+08:00,1.15249,1.15265,1.15212,1.15243,,,,
2026-03-12T23:50:00+08:00,1.15242,1.15269,1.15222,1.15262,,,,
2026-03-12T23:55:00+08:00,1.15261,1.15261,1.15189,1.1522,,,,
2026-03-13T00:00:00+08:00,1.15216,1.15246,1.15206,1.15217,,,,
2026-03-13T00:05:00+08:00,1.15215,1.15248,1.15138,1.15149,,,,
2026-03-13T00:10:00+08:00,1.15148,1.152,1.15144,1.1519,,,,
2026-03-13T00:15:00+08:00,1.15191,1.15228,1.15166,1.15224,,,,
2026-03-13T00:20:00+08:00,1.15225,1.15325,1.15218,1.1527,,,,
2026-03-13T00:25:00+08:00,1.1527,1.15277,1.15192,1.15205,,,,
2026-03-13T00:30:00+08:00,1.15206,1.1524,1.15172,1.15207,,,,
2026-03-13T00:35:00+08:00,1.15209,1.15265,1.152,1.15258,,,,
2026-03-13T00:40:00+08:00,1.15256,1.1527,1.15232,1.15234,,,,
2026-03-13T00:45:00+08:00,1.15233,1.15249,1.1518,1.15228,,,,
2026-03-13T00:50:00+08:00,1.15226,1.15249,1.152,1.15215,,,,
2026-03-13T00:55:00+08:00,1.15217,1.15235,1.15195,1.1522,,,,
2026-03-13T01:00:00+08:00,1.15221,1.15289,1.15217,1.15282,,,,
2026-03-13T01:05:00+08:00,1.15281,1.15318,1.15245,1.15267,,,,
2026-03-13T01:10:00+08:00,1.15266,1.15274,1.15232,1.15237,,,,
2026-03-13T01:15:00+08:00,1.15234,1.15262,1.15195,1.15246,,,,
2026-03-13T01:20:00+08:00,1.15245,1.15302,1.15235,1.15284,,,,
2026-03-13T01:25:00+08:00,1.15285,1.15296,1.15246,1.15256,,,,
2026-03-13T01:30:00+08:00,1.15255,1.15271,1.15217,1.15231,,,,
2026-03-13T01:35:00+08:00,1.15231,1.15264,1.15226,1.1525,,,,
2026-03-13T01:40:00+08:00,1.15249,1.15262,1.15235,1.15251,,,,
2026-03-13T01:45:00+08:00,1.15252,1.15253,1.15208,1.15212,,,,
2026-03-13T01:50:00+08:00,1.15211,1.15233,1.15207,1.15217,,,,
2026-03-13T01:55:00+08:00,1.15218,1.15227,1.15194,1.15221,,,,
2026-03-13T02:00:00+08:00,1.1522,1.15243,1.15201,1.15218,,,,
2026-03-13T02:05:00+08:00,1.15219,1.1522,1.15197,1.15202,,,,
2026-03-13T02:10:00+08:00,1.15201,1.15214,1.15197,1.15211,,,,
2026-03-13T02:15:00+08:00,1.15212,1.15218,1.15194,1.152,,,,
2026-03-13T02:20:00+08:00,1.15197,1.15199,1.15166,1.15175,,,,
2026-03-13T02:25:00+08:00,1.15176,1.15189,1.15142,1.15146,,,,
2026-03-13T02:30:00+08:00,1.15147,1.15167,1.15129,1.15131,,,,
2026-03-13T02:35:00+08:00,1.15131,1.1515,1.15121,1.1513,,,,
2026-03-13T02:40:00+08:00,1.15129,1.15139,1.15112,1.15136,,,,
2026-03-13T02:45:00+08:00,1.15133,1.15143,1.15123,1.15138,,,,
2026-03-13T02:50:00+08:00,1.15139,1.15159,1.15134,1.15149,,,,
2026-03-13T02:55:00+08:00,1.15148,1.15156,1.15116,1.15121,,,,
2026-03-13T03:00:00+08:00,1.15123,1.15139,1.15107,1.15133,,,,
2026-03-13T03:05:00+08:00,1.15131,1.15177,1.15129,1.15168,,,,
2026-03-13T03:10:00+08:00,1.15169,1.15169,1.15132,1.15156,,,,
2026-03-13T03:15:00+08:00,1.15157,1.15165,1.15141,1.15149,,,,
2026-03-13T03:20:00+08:00,1.1515,1.15156,1.15138,1.1514,,,,
2026-03-13T03:25:00+08:00,1.15139,1.1516,1.15132,1.15157,,,,
2026-03-13T03:30:00+08:00,1.15158,1.15184,1.15157,1.15177,,,,
2026-03-13T03:35:00+08:00,1.15174,1.15184,1.15158,1.15183,,,,
2026-03-13T03:40:00+08:00,1.15184,1.15185,1.15162,1.15177,,,,
2026-03-13T03:45:00+08:00,1.15178,1.15185,1.15164,1.15167,,,,
2026-03-13T03:50:00+08:00,1.15166,1.15169,1.15139,1.15156,,,,
2026-03-13T03:55:00+08:00,1.15155,1.15171,1.15148,1.15153,,,,
2026-03-13T04:00:00+08:00,1.15149,1.15165,1.15133,1.15152,,,,
2026-03-13T04:05:00+08:00,1.15151,1.15153,1.15126,1.15132,,,,
2026-03-13T04:10:00+08:00,1.15131,1.15144,1.1512,1.1513,,,,
2026-03-13T04:15:00+08:00,1.15129,1.15134,1.15118,1.15121,,,,
2026-03-13T04:20:00+08:00,1.15122,1.15132,1.15113,1.15126,,,,
2026-03-13T04:25:00+08:00,1.15125,1.15128,1.151,1.151,,,,
2026-03-13T04:30:00+08:00,1.151,1.15115,1.15099,1.15113,,,,
2026-03-13T04:35:00+08:00,1.15112,1.15129,1.15109,1.15126,,,,
2026-03-13T04:40:00+08:00,1.15123,1.1514,1.15121,1.1514,,,,
2026-03-13T04:45:00+08:00,1.1514,1.15157,1.15133,1.15146,,,,
2026-03-13T04:50:00+08:00,1.15143,1.1516,1.15126,1.15127,,,,
2026-03-13T04:55:00+08:00,1.15126,1.15135,1.15099,1.15107,,,,
2026-03-13T05:00:00+08:00,1.15098,1.1512,1.15098,1.15105,,,,
2026-03-13T05:05:00+08:00,1.151,1.15114,1.151,1.15108,,,,
2026-03-13T05:10:00+08:00,1.15104,1.15111,1.15099,1.15107,,,,
2026-03-13T05:15:00+08:00,1.15107,1.15109,1.15103,1.15107,,,,
2026-03-13T05:20:00+08:00,1.15106,1.15111,1.15101,1.15108,,,,
2026-03-13T05:25:00+08:00,1.15106,1.1511,1.15105,1.15108,,,,
2026-03-13T05:30:00+08:00,1.15107,1.15114,1.15105,1.1511,,,,
2026-03-13T05:35:00+08:00,1.15113,1.15114,1.15108,1.15111,,,,
2026-03-13T05:40:00+08:00,1.1511,1.15112,1.15106,1.15108,,,,
2026-03-13T05:45:00+08:00,1.15109,1.15112,1.15106,1.15112,,,,
2026-03-13T05:50:00+08:00,1.15109,1.15112,1.15105,1.15107,,,,
2026-03-13T05:55:00+08:00,1.15106,1.15113,1.15106,1.15113,,,,
2026-03-13T06:00:00+08:00,1.15112,1.15156,1.1511,1.15141,,,,
2026-03-13T06:05:00+08:00,1.15141,1.15157,1.1514,1.15154,,,,
2026-03-13T06:10:00+08:00,1.15151,1.1516,1.15132,1.15148,,,,
2026-03-13T06:15:00+08:00,1.15149,1.15156,1.15139,1.15152,,,,
2026-03-13T06:20:00+08:00,1.15153,1.1516,1.15149,1.15154,,,,
2026-03-13T06:25:00+08:00,1.15153,1.15184,1.15153,1.15182,,,,
2026-03-13T06:30:00+08:00,1.15179,1.15216,1.15178,1.15192,,,,
2026-03-13T06:35:00+08:00,1.15192,1.152,1.15184,1.15188,,,,
2026-03-13T06:40:00+08:00,1.15189,1.15202,1.15186,1.15195,,,,
2026-03-13T06:45:00+08:00,1.15195,1.15197,1.15164,1.15171,,,,
2026-03-13T06:50:00+08:00,1.1517,1.15188,1.15167,1.1518,Bull,,,
2026-03-13T06:55:00+08:00,1.1518,1.15192,1.1518,1.15192,,,,
2026-03-13T07:00:00+08:00,1.15191,1.15202,1.15174,1.15199,,,,
2026-03-13T07:05:00+08:00,1.15198,1.15207,1.15189,1.15206,,,,
2026-03-13T07:10:00+08:00,1.15207,1.15207,1.15193,1.15195,,,,
2026-03-13T07:15:00+08:00,1.15191,1.15196,1.1516,1.1517,,,,
2026-03-13T07:20:00+08:00,1.15169,1.15181,1.15155,1.15159,,,,Bear
2026-03-13T07:25:00+08:00,1.1516,1.15173,1.15151,1.15166,,,,
2026-03-13T07:30:00+08:00,1.15165,1.15179,1.15162,1.15175,,,,
2026-03-13T07:35:00+08:00,1.15176,1.15196,1.15174,1.15196,,,,
2026-03-13T07:40:00+08:00,1.15197,1.15197,1.15165,1.15191,,,,
2026-03-13T07:45:00+08:00,1.1519,1.15232,1.15184,1.15223,,,,
2026-03-13T07:50:00+08:00,1.15223,1.15227,1.15198,1.152,,,,
2026-03-13T07:55:00+08:00,1.15201,1.15225,1.15195,1.15209,,,,
2026-03-13T08:00:00+08:00,1.15208,1.15262,1.15203,1.15252,,,,
2026-03-13T08:05:00+08:00,1.15253,1.15268,1.15243,1.15267,,,,
2026-03-13T08:10:00+08:00,1.15268,1.15271,1.15247,1.15266,,,,
2026-03-13T08:15:00+08:00,1.15265,1.15286,1.15258,1.15268,,,,
2026-03-13T08:20:00+08:00,1.15269,1.15276,1.15256,1.15262,,,,
2026-03-13T08:25:00+08:00,1.15258,1.1527,1.15255,1.15264,,,,
2026-03-13T08:30:00+08:00,1.15262,1.15264,1.15247,1.1525,,,,
2026-03-13T08:35:00+08:00,1.15251,1.15255,1.15232,1.15232,,,,Bear
2026-03-13T08:40:00+08:00,1.15233,1.1524,1.15211,1.15216,,,,
2026-03-13T08:45:00+08:00,1.15217,1.15236,1.15213,1.15225,,,,
2026-03-13T08:50:00+08:00,1.15227,1.15241,1.15213,1.15225,Bear,,,
2026-03-13T08:55:00+08:00,1.1523,1.15255,1.15225,1.15235,,,,
2026-03-13T09:00:00+08:00,1.15233,1.15267,1.15233,1.15264,,,,
2026-03-13T09:05:00+08:00,1.15263,1.15279,1.15258,1.15269,,,,
2026-03-13T09:10:00+08:00,1.1527,1.15299,1.1527,1.15276,,,,
2026-03-13T09:15:00+08:00,1.15275,1.15284,1.1526,1.15267,,,,
2026-03-13T09:20:00+08:00,1.15268,1.15272,1.15241,1.15241,,,,
2026-03-13T09:25:00+08:00,1.15242,1.1526,1.15241,1.1525,,,,
2026-03-13T09:30:00+08:00,1.15249,1.15255,1.15231,1.15247,,,,
2026-03-13T09:35:00+08:00,1.15246,1.1525,1.152,1.15214,,,,
2026-03-13T09:40:00+08:00,1.15215,1.15223,1.15192,1.15193,,,,
2026-03-13T09:45:00+08:00,1.15192,1.15199,1.15163,1.15166,,,,
2026-03-13T09:50:00+08:00,1.15164,1.1518,1.15158,1.15164,,,,
2026-03-13T09:55:00+08:00,1.15165,1.15168,1.15144,1.15166,,,,
2026-03-13T10:00:00+08:00,1.15168,1.15184,1.15167,1.1518,,,,Bull
2026-03-13T10:05:00+08:00,1.15182,1.15212,1.15179,1.15208,,,,
2026-03-13T10:10:00+08:00,1.15209,1.15222,1.15178,1.1518,,,,
2026-03-13T10:15:00+08:00,1.15178,1.15188,1.15164,1.1517,Bear,,,
2026-03-13T10:20:00+08:00,1.15169,1.15188,1.15166,1.15169,,,,
2026-03-13T10:25:00+08:00,1.1517,1.15176,1.15162,1.15167,,,,
2026-03-13T10:30:00+08:00,1.15168,1.15189,1.15159,1.15186,,,,
2026-03-13T10:35:00+08:00,1.15187,1.15187,1.15139,1.15141,,,,
2026-03-13T10:40:00+08:00,1.1514,1.15153,1.15124,1.15124,,,,
2026-03-13T10:45:00+08:00,1.15126,1.15132,1.15115,1.15119,,,,
2026-03-13T10:50:00+08:00,1.15118,1.15145,1.1511,1.15137,,,,Bull
2026-03-13T10:55:00+08:00,1.15139,1.15162,1.15133,1.15137,Bear,,,
2026-03-13T11:00:00+08:00,1.15133,1.15159,1.15111,1.15113,,,,
2026-03-13T11:05:00+08:00,1.15114,1.15136,1.15109,1.15128,,,,
2026-03-13T11:10:00+08:00,1.15126,1.15139,1.15096,1.15099,,,,
2026-03-13T11:15:00+08:00,1.151,1.15105,1.15087,1.15093,,,,
2026-03-13T11:20:00+08:00,1.15094,1.15098,1.1507,1.15084,,,,
2026-03-13T11:25:00+08:00,1.15083,1.15092,1.15071,1.15077,,,,
2026-03-13T11:30:00+08:00,1.15076,1.15078,1.15049,1.15065,,,,
2026-03-13T11:35:00+08:00,1.15066,1.15071,1.15046,1.15055,,,,
2026-03-13T11:40:00+08:00,1.15055,1.15083,1.15049,1.15082,,,,
2026-03-13T11:45:00+08:00,1.15081,1.15101,1.15079,1.15095,,,,
2026-03-13T11:50:00+08:00,1.15092,1.15092,1.15079,1.15083,,,,
2026-03-13T11:55:00+08:00,1.15084,1.15096,1.15071,1.15093,,,,
2026-03-13T12:00:00+08:00,1.15089,1.15093,1.15078,1.1508,,,,
2026-03-13T12:05:00+08:00,1.15079,1.15082,1.15062,1.15072,,,,
2026-03-13T12:10:00+08:00,1.15071,1.15081,1.15058,1.15061,,,,
2026-03-13T12:15:00+08:00,1.15062,1.15073,1.15059,1.15064,,,,
2026-03-13T12:20:00+08:00,1.15063,1.15063,1.15048,1.15056,,,,
2026-03-13T12:25:00+08:00,1.15056,1.15066,1.15039,1.15044,,,,
2026-03-13T12:30:00+08:00,1.15045,1.15047,1.15025,1.15026,,,,
2026-03-13T12:35:00+08:00,1.15026,1.15027,1.14999,1.15005,,,,
2026-03-13T12:40:00+08:00,1.15004,1.15027,1.15001,1.15018,,,,
2026-03-13T12:45:00+08:00,1.15018,1.15028,1.15015,1.15024,,,,
2026-03-13T12:50:00+08:00,1.15023,1.15036,1.15016,1.1502,,,,
2026-03-13T12:55:00+08:00,1.15021,1.15037,1.15014,1.15034,,,,
2026-03-13T13:00:00+08:00,1.15036,1.15042,1.15018,1.1502,,,,
2026-03-13T13:05:00+08:00,1.15018,1.15027,1.15011,1.1502,,,,
2026-03-13T13:10:00+08:00,1.15019,1.15034,1.15007,1.15025,,,,
2026-03-13T13:15:00+08:00,1.15024,1.15039,1.15021,1.15036,,,,
2026-03-13T13:20:00+08:00,1.15037,1.15045,1.15026,1.15041,,,,
2026-03-13T13:25:00+08:00,1.1504,1.15047,1.15033,1.15042,,,,
2026-03-13T13:30:00+08:00,1.15041,1.15065,1.15038,1.1505,,,,
2026-03-13T13:35:00+08:00,1.15053,1.15063,1.15037,1.15059,,,,
2026-03-13T13:40:00+08:00,1.1506,1.1506,1.15024,1.15031,,,,
2026-03-13T13:45:00+08:00,1.1503,1.15045,1.15026,1.15039,,,,
2026-03-13T13:50:00+08:00,1.1504,1.1504,1.15017,1.15017,,,,
2026-03-13T13:55:00+08:00,1.15016,1.15018,1.15002,1.15007,,,,
2026-03-13T14:00:00+08:00,1.1501,1.15033,1.14998,1.1501,,,,
2026-03-13T14:05:00+08:00,1.15012,1.15035,1.15004,1.15024,,,,
2026-03-13T14:10:00+08:00,1.15022,1.15027,1.15001,1.15005,,,,
2026-03-13T14:15:00+08:00,1.15003,1.15005,1.1497,1.1498,,,,
2026-03-13T14:20:00+08:00,1.14981,1.15003,1.14977,1.14989,,,,
2026-03-13T14:25:00+08:00,1.14989,1.14992,1.14964,1.14971,,,,
2026-03-13T14:30:00+08:00,1.14972,1.14978,1.14931,1.14935,,,,
2026-03-13T14:35:00+08:00,1.14937,1.1494,1.14905,1.14939,,,,
2026-03-13T14:40:00+08:00,1.14938,1.14946,1.14929,1.14937,,,,
2026-03-13T14:45:00+08:00,1.14937,1.14949,1.14896,1.14899,,,,
2026-03-13T14:50:00+08:00,1.14901,1.14901,1.1488,1.14886,,,,
2026-03-13T14:55:00+08:00,1.14887,1.14899,1.14823,1.14829,,,,
2026-03-13T15:00:00+08:00,1.1483,1.14836,1.14775,1.14792,,,,
2026-03-13T15:05:00+08:00,1.14794,1.14797,1.14754,1.14769,,,,
2026-03-13T15:10:00+08:00,1.14767,1.14785,1.14743,1.14748,,,,
2026-03-13T15:15:00+08:00,1.14747,1.14756,1.14712,1.14733,,,,
2026-03-13T15:20:00+08:00,1.14733,1.14734,1.14665,1.14689,,,,
2026-03-13T15:25:00+08:00,1.14691,1.14732,1.14673,1.14721,,,,
2026-03-13T15:30:00+08:00,1.1472,1.14736,1.14701,1.1472,Bear,,,
2026-03-13T15:35:00+08:00,1.14721,1.14747,1.14704,1.14715,,,,
2026-03-13T15:40:00+08:00,1.14715,1.14721,1.14652,1.14675,,,,
2026-03-13T15:45:00+08:00,1.14678,1.14692,1.14547,1.14558,,,,
2026-03-13T15:50:00+08:00,1.14559,1.14587,1.14555,1.14556,,,,
2026-03-13T15:55:00+08:00,1.14553,1.1459,1.14542,1.1458,,,,
2026-03-13T16:00:00+08:00,1.1458,1.14593,1.14499,1.14506,,,,
2026-03-13T16:05:00+08:00,1.14507,1.14523,1.14437,1.14444,,,,
2026-03-13T16:10:00+08:00,1.14443,1.14446,1.14375,1.144,,,,
2026-03-13T16:15:00+08:00,1.14399,1.14408,1.14334,1.14353,,,,
2026-03-13T16:20:00+08:00,1.1435,1.14403,1.14329,1.14383,,,,
2026-03-13T16:25:00+08:00,1.14379,1.14411,1.14367,1.1438,,,,
2026-03-13T16:30:00+08:00,1.14375,1.1448,1.14375,1.14479,,,,
2026-03-13T16:35:00+08:00,1.14479,1.14521,1.1445,1.14491,,,,
2026-03-13T16:40:00+08:00,1.14489,1.14496,1.14439,1.1444,Bear,,,
2026-03-13T16:45:00+08:00,1.14441,1.14448,1.14395,1.14443,,,,
2026-03-13T16:50:00+08:00,1.14444,1.14458,1.14414,1.14417,,,,
2026-03-13T16:55:00+08:00,1.14416,1.14461,1.14396,1.14452,,,,
2026-03-13T17:00:00+08:00,1.14456,1.14545,1.14456,1.14545,,,,
2026-03-13T17:05:00+08:00,1.14547,1.14573,1.14512,1.14561,,,,
2026-03-13T17:10:00+08:00,1.14563,1.14586,1.14521,1.14586,,,,
2026-03-13T17:15:00+08:00,1.14585,1.1459,1.14534,1.14561,,,,
2026-03-13T17:20:00+08:00,1.1456,1.14585,1.14532,1.14533,,,,
2026-03-13T17:25:00+08:00,1.14534,1.14597,1.14534,1.14592,,,,
2026-03-13T17:30:00+08:00,1.14591,1.14611,1.14565,1.14611,,,,
2026-03-13T17:35:00+08:00,1.14611,1.14616,1.14569,1.14569,,,,
2026-03-13T17:40:00+08:00,1.14571,1.14573,1.14514,1.14518,Bear,,,
2026-03-13T17:45:00+08:00,1.14519,1.14543,1.1451,1.14525,Bull,,,
2026-03-13T17:50:00+08:00,1.14524,1.1455,1.14507,1.14548,,,,
2026-03-13T17:55:00+08:00,1.14549,1.14554,1.14526,1.14532,,,,
2026-03-13T18:00:00+08:00,1.14531,1.14627,1.14529,1.14609,,,,
2026-03-13T18:05:00+08:00,1.1461,1.14641,1.14603,1.14635,,,,
2026-03-13T18:10:00+08:00,1.14634,1.1465,1.14617,1.14617,,,,
2026-03-13T18:15:00+08:00,1.14618,1.14627,1.14572,1.14581,,,,
2026-03-13T18:20:00+08:00,1.14586,1.14591,1.14553,1.14577,,,,
2026-03-13T18:25:00+08:00,1.14575,1.14575,1.14525,1.14555,,,,
2026-03-13T18:30:00+08:00,1.14553,1.14576,1.1452,1.14573,,,,
2026-03-13T18:35:00+08:00,1.14574,1.14592,1.14556,1.14565,Bear,,,
2026-03-13T18:40:00+08:00,1.14563,1.14597,1.14554,1.1459,,,,
2026-03-13T18:45:00+08:00,1.14591,1.14686,1.14526,1.14667,,,,
2026-03-13T18:50:00+08:00,1.14668,1.14721,1.14609,1.14612,Bear,,,
2026-03-13T18:55:00+08:00,1.1461,1.14625,1.14578,1.14584,,,,
2026-03-13T19:00:00+08:00,1.1458,1.14659,1.14577,1.14657,,,,
2026-03-13T19:05:00+08:00,1.14658,1.14687,1.14585,1.14606,,,,
2026-03-13T19:10:00+08:00,1.14605,1.14607,1.14556,1.14562,,,,
2026-03-13T19:15:00+08:00,1.14566,1.14664,1.14554,1.14652,,,,
2026-03-13T19:20:00+08:00,1.14653,1.14662,1.1463,1.14646,,,,
2026-03-13T19:25:00+08:00,1.14647,1.14693,1.14635,1.1466,,,,
2026-03-13T19:30:00+08:00,1.14658,1.1471,1.14644,1.14645,,,,
2026-03-13T19:35:00+08:00,1.14646,1.1465,1.14587,1.14604,,,,
2026-03-13T19:40:00+08:00,1.14603,1.14656,1.14584,1.14652,Bull,,,
2026-03-13T19:45:00+08:00,1.14654,1.14686,1.14651,1.14675,,,,
2026-03-13T19:50:00+08:00,1.1467,1.14689,1.14652,1.1466,,,,
2026-03-13T19:55:00+08:00,1.14662,1.14706,1.1466,1.14685,,,,
2026-03-13T20:00:00+08:00,1.14682,1.14733,1.14666,1.14704,,,,
2026-03-13T20:05:00+08:00,1.14705,1.14722,1.14645,1.14646,,,,
2026-03-13T20:10:00+08:00,1.14648,1.14656,1.14615,1.14633,,,,
2026-03-13T20:15:00+08:00,1.14631,1.14653,1.14617,1.14648,,,,
2026-03-13T20:20:00+08:00,1.14639,1.14656,1.14611,1.1465,,,,
2026-03-13T20:25:00+08:00,1.14652,1.14749,1.14652,1.14699,,,,
2026-03-13T20:30:00+08:00,1.14706,1.14754,1.14655,1.14707,,,,
2026-03-13T20:35:00+08:00,1.147,1.14746,1.147,1.14739,,,,
2026-03-13T20:40:00+08:00,1.1474,1.14748,1.14711,1.14741,,,,
2026-03-13T20:45:00+08:00,1.14742,1.14885,1.1474,1.14839,,,,
2026-03-13T20:50:00+08:00,1.14841,1.14842,1.1477,1.14811,,,,
2026-03-13T20:55:00+08:00,1.1481,1.14824,1.14769,1.1478,Bear,,,
2026-03-13T21:00:00+08:00,1.1478,1.14835,1.14754,1.14774,,,,
2026-03-13T21:05:00+08:00,1.14773,1.14787,1.14745,1.14762,,,,
2026-03-13T21:10:00+08:00,1.14761,1.14839,1.14736,1.14819,,,,
2026-03-13T21:15:00+08:00,1.14819,1.14822,1.14752,1.14775,,,,
2026-03-13T21:20:00+08:00,1.14776,1.14781,1.14745,1.14761,,,,
2026-03-13T21:25:00+08:00,1.14757,1.1479,1.14738,1.14775,,,,
2026-03-13T21:30:00+08:00,1.14773,1.14832,1.14771,1.14794,,,,
2026-03-13T21:35:00+08:00,1.14793,1.14885,1.1478,1.14877,,,,
2026-03-13T21:40:00+08:00,1.14876,1.1489,1.14838,1.14868,,,,
2026-03-13T21:45:00+08:00,1.14869,1.14902,1.14851,1.14857,Bear,,,
2026-03-13T21:50:00+08:00,1.14853,1.14876,1.14809,1.1487,,,,
2026-03-13T21:55:00+08:00,1.14866,1.14866,1.14783,1.1479,,,,
2026-03-13T22:00:00+08:00,1.1479,1.1479,1.1472,1.14735,,,,
2026-03-13T22:05:00+08:00,1.14737,1.14773,1.14722,1.14773,,,,
2026-03-13T22:10:00+08:00,1.14771,1.14784,1.14743,1.14749,,,,
2026-03-13T22:15:00+08:00,1.14747,1.14749,1.14699,1.14716,,,,
2026-03-13T22:20:00+08:00,1.14715,1.14769,1.14713,1.14759,,,,
2026-03-13T22:25:00+08:00,1.1476,1.14784,1.14735,1.14764,,,,
2026-03-13T22:30:00+08:00,1.14766,1.1485,1.14758,1.14807,,,,
2026-03-13T22:35:00+08:00,1.14808,1.14808,1.14731,1.14733,Bear,,,
2026-03-13T22:40:00+08:00,1.14736,1.14736,1.14662,1.14664,,,,
2026-03-13T22:45:00+08:00,1.14662,1.14682,1.14626,1.14639,,,,
2026-03-13T22:50:00+08:00,1.14636,1.1466,1.14613,1.1462,,,,
2026-03-13T22:55:00+08:00,1.14617,1.14626,1.14554,1.14571,,,,
2026-03-13T23:00:00+08:00,1.14573,1.14587,1.14546,1.14561,,,,
2026-03-13T23:05:00+08:00,1.14564,1.14591,1.14524,1.14557,,,,
2026-03-13T23:10:00+08:00,1.14555,1.1461,1.14531,1.14604,,,,
2026-03-13T23:15:00+08:00,1.14603,1.14608,1.14522,1.14522,,,,
2026-03-13T23:20:00+08:00,1.14521,1.14557,1.14479,1.14485,,,,
2026-03-13T23:25:00+08:00,1.14484,1.14512,1.1447,1.14496,,,,
2026-03-13T23:30:00+08:00,1.1449,1.14504,1.14435,1.14458,,,,
2026-03-13T23:35:00+08:00,1.14462,1.14467,1.14404,1.14426,,,,
2026-03-13T23:40:00+08:00,1.14422,1.14438,1.14344,1.14369,,,,
2026-03-13T23:45:00+08:00,1.1437,1.14527,1.14362,1.14438,,,,
2026-03-13T23:50:00+08:00,1.14445,1.14447,1.14388,1.1442,Bear,,,
2026-03-13T23:55:00+08:00,1.14417,1.14455,1.14405,1.14432,,,,
2026-03-14T00:00:00+08:00,1.14433,1.14505,1.14417,1.14467,,,,
2026-03-14T00:05:00+08:00,1.14466,1.145,1.14448,1.14468,,,,
2026-03-14T00:10:00+08:00,1.14469,1.14488,1.1441,1.14434,,,,
2026-03-14T00:15:00+08:00,1.14435,1.14452,1.14391,1.14409,,,,
2026-03-14T00:20:00+08:00,1.14408,1.14449,1.14388,1.14402,,,,
2026-03-14T00:25:00+08:00,1.14403,1.1441,1.14386,1.14397,,,,
2026-03-14T00:30:00+08:00,1.14398,1.14423,1.14373,1.14375,,,,
2026-03-14T00:35:00+08:00,1.14376,1.14427,1.14368,1.1437,,,,
2026-03-14T00:40:00+08:00,1.14369,1.144,1.14363,1.14371,,,,
2026-03-14T00:45:00+08:00,1.14372,1.14423,1.14372,1.14421,,,,
2026-03-14T00:50:00+08:00,1.14422,1.14467,1.14421,1.14458,,,,
2026-03-14T00:55:00+08:00,1.14457,1.14461,1.14406,1.14421,,,,
2026-03-14T01:00:00+08:00,1.1442,1.14442,1.14382,1.14382,,,,
2026-03-14T01:05:00+08:00,1.14383,1.14393,1.14364,1.14368,,,,
2026-03-14T01:10:00+08:00,1.14367,1.14389,1.14342,1.1438,,,,
2026-03-14T01:15:00+08:00,1.14386,1.14443,1.14385,1.14439,,,,
2026-03-14T01:20:00+08:00,1.14442,1.14447,1.14404,1.14429,,,,
2026-03-14T01:25:00+08:00,1.1443,1.14448,1.14408,1.14441,,,,
2026-03-14T01:30:00+08:00,1.14442,1.14447,1.14409,1.14427,,,,
2026-03-14T01:35:00+08:00,1.14426,1.14454,1.14424,1.14445,,,,
2026-03-14T01:40:00+08:00,1.14447,1.14451,1.14408,1.14446,,,,
2026-03-14T01:45:00+08:00,1.14445,1.14462,1.14402,1.14408,,,,
2026-03-14T01:50:00+08:00,1.14411,1.14417,1.14394,1.1441,,,,
2026-03-14T01:55:00+08:00,1.14409,1.14428,1.14406,1.14424,Bull,,,
2026-03-14T02:00:00+08:00,1.14421,1.14429,1.14392,1.14423,,,,
2026-03-14T02:05:00+08:00,1.14422,1.14427,1.14385,1.14398,,,,
2026-03-14T02:10:00+08:00,1.14399,1.14401,1.14372,1.14384,,,,
2026-03-14T02:15:00+08:00,1.14383,1.14387,1.14332,1.14341,,,,
2026-03-14T02:20:00+08:00,1.14342,1.14354,1.14318,1.14329,,,,
2026-03-14T02:25:00+08:00,1.1433,1.1436,1.1433,1.1436,,,,
2026-03-14T02:30:00+08:00,1.14361,1.14395,1.14357,1.14388,,,,
2026-03-14T02:35:00+08:00,1.14389,1.14404,1.1437,1.14391,,,,
2026-03-14T02:40:00+08:00,1.1439,1.14403,1.14382,1.14394,,,,
2026-03-14T02:45:00+08:00,1.14394,1.14408,1.14389,1.14403,,,,
2026-03-14T02:50:00+08:00,1.144,1.14408,1.14368,1.14377,,,Bear,Bear
2026-03-14T02:55:00+08:00,1.14378,1.14378,1.14349,1.14359,,,,
2026-03-14T03:00:00+08:00,1.14362,1.1437,1.14333,1.14336,,,,
2026-03-14T03:05:00+08:00,1.14335,1.14335,1.14308,1.14317,,,,
2026-03-14T03:10:00+08:00,1.14317,1.14323,1.14279,1.14285,,,,
2026-03-14T03:15:00+08:00,1.14287,1.14288,1.1425,1.14281,,,,
2026-03-14T03:20:00+08:00,1.1428,1.14288,1.14256,1.14283,,,,
2026-03-14T03:25:00+08:00,1.14282,1.14283,1.14251,1.14253,,,,
2026-03-14T03:30:00+08:00,1.14252,1.1428,1.14251,1.14266,,,,
2026-03-14T03:35:00+08:00,1.14265,1.14271,1.14246,1.14251,,,,
2026-03-14T03:40:00+08:00,1.14252,1.14259,1.14242,1.14249,,,,
2026-03-14T03:45:00+08:00,1.14248,1.14254,1.14222,1.14231,,,,
2026-03-14T03:50:00+08:00,1.14232,1.14232,1.14199,1.14219,,,,
2026-03-14T03:55:00+08:00,1.14219,1.14227,1.14204,1.14223,,,,
2026-03-14T04:00:00+08:00,1.14222,1.14228,1.14202,1.14207,,,,
2026-03-14T04:05:00+08:00,1.14206,1.14211,1.14166,1.14174,,,,
2026-03-14T04:10:00+08:00,1.14172,1.14186,1.14159,1.14165,,,,
2026-03-14T04:15:00+08:00,1.14166,1.14178,1.14157,1.14167,,,,
2026-03-14T04:20:00+08:00,1.14166,1.14175,1.14133,1.14139,,,,
2026-03-14T04:25:00+08:00,1.14138,1.14149,1.14131,1.14148,,,,
2026-03-14T04:30:00+08:00,1.14146,1.14163,1.14119,1.14121,,,,
2026-03-14T04:35:00+08:00,1.14122,1.14123,1.1411,1.14113,,,,
2026-03-14T04:40:00+08:00,1.14113,1.1413,1.1411,1.1413,,,,
2026-03-14T04:45:00+08:00,1.14129,1.14142,1.14122,1.14142,,,,
2026-03-14T04:50:00+08:00,1.1414,1.14151,1.14124,1.14142,,,,
2026-03-16T05:00:00+08:00,1.14157,1.14196,1.14157,1.14193,,,,
2026-03-16T05:05:00+08:00,1.14191,1.14194,1.14173,1.14192,,,,
2026-03-16T05:10:00+08:00,1.14173,1.14212,1.14173,1.14211,,,,
2026-03-16T05:15:00+08:00,1.14212,1.14238,1.14198,1.14237,,,,
2026-03-16T05:20:00+08:00,1.14238,1.14246,1.14234,1.14239,,,,
2026-03-16T05:25:00+08:00,1.1424,1.14251,1.14237,1.14238,,,,
2026-03-16T05:30:00+08:00,1.14237,1.14257,1.14233,1.14254,Bull,,,
2026-03-16T05:35:00+08:00,1.14255,1.14261,1.14221,1.14259,,,,
2026-03-16T05:40:00+08:00,1.1426,1.1427,1.14259,1.14263,,,,
2026-03-16T05:45:00+08:00,1.14264,1.14273,1.14213,1.1426,,,,
2026-03-16T05:50:00+08:00,1.14261,1.14261,1.14235,1.14244,,,,
2026-03-16T05:55:00+08:00,1.14245,1.14273,1.14207,1.14239,,,,
2026-03-16T06:00:00+08:00,1.14239,1.1439,1.14219,1.1432,,,,
2026-03-16T06:05:00+08:00,1.14321,1.14321,1.14197,1.14201,Bear,,Bear,Bear
2026-03-16T06:10:00+08:00,1.14202,1.14327,1.14201,1.1428,,,,
2026-03-16T06:15:00+08:00,1.14281,1.14292,1.14197,1.1421,,,,
2026-03-16T06:20:00+08:00,1.14209,1.14225,1.1419,1.14205,,,,
2026-03-16T06:25:00+08:00,1.14206,1.1421,1.14201,1.14209,,,,
2026-03-16T06:30:00+08:00,1.1421,1.14249,1.14208,1.14216,,,,
2026-03-16T06:35:00+08:00,1.14215,1.14238,1.1421,1.14229,,,,
2026-03-16T06:40:00+08:00,1.14229,1.14232,1.14203,1.14211,,,,
2026-03-16T06:45:00+08:00,1.14211,1.14259,1.14211,1.14249,,,,
2026-03-16T06:50:00+08:00,1.14249,1.14276,1.14229,1.14252,,,,
2026-03-16T06:55:00+08:00,1.14251,1.14306,1.14251,1.14299,,,,
2026-03-16T07:00:00+08:00,1.14298,1.14311,1.1426,1.14279,,,,
2026-03-16T07:05:00+08:00,1.14281,1.14339,1.1428,1.14323,,,,
2026-03-16T07:10:00+08:00,1.14324,1.14343,1.14303,1.1432,,,,
2026-03-16T07:15:00+08:00,1.14321,1.14331,1.14285,1.14302,,,,
2026-03-16T07:20:00+08:00,1.14304,1.14305,1.14279,1.14287,,,,
2026-03-16T07:25:00+08:00,1.14288,1.14295,1.14264,1.14287,,,,
2026-03-16T07:30:00+08:00,1.14285,1.14313,1.14261,1.14294,,,,
2026-03-16T07:35:00+08:00,1.14295,1.14311,1.14289,1.14305,,,,
2026-03-16T07:40:00+08:00,1.14304,1.14328,1.14301,1.14324,,,,
2026-03-16T07:45:00+08:00,1.14323,1.14344,1.14322,1.14341,,,,
2026-03-16T07:50:00+08:00,1.1434,1.1435,1.14328,1.14345,,,,
2026-03-16T07:55:00+08:00,1.14344,1.14357,1.14331,1.14355,,,,
2026-03-16T08:00:00+08:00,1.14356,1.14429,1.14351,1.14411,,,,
2026-03-16T08:05:00+08:00,1.14412,1.14456,1.14409,1.14448,,,,
2026-03-16T08:10:00+08:00,1.14449,1.14473,1.14428,1.14464,,,,
2026-03-16T08:15:00+08:00,1.14465,1.14479,1.14445,1.14465,,,,
2026-03-16T08:20:00+08:00,1.14463,1.14489,1.14445,1.14489,,,,
2026-03-16T08:25:00+08:00,1.14487,1.14499,1.14473,1.14488,,,,
2026-03-16T08:30:00+08:00,1.1449,1.14503,1.14479,1.14501,,,,
2026-03-16T08:35:00+08:00,1.145,1.14528,1.1448,1.14513,,,,
2026-03-16T08:40:00+08:00,1.14512,1.14529,1.14507,1.14509,,,,
2026-03-16T08:45:00+08:00,1.14508,1.14536,1.14505,1.14521,,,,
2026-03-16T08:50:00+08:00,1.14522,1.14541,1.14499,1.14521,,,,
2026-03-16T08:55:00+08:00,1.1452,1.14555,1.14518,1.14549,,,,
2026-03-16T09:00:00+08:00,1.14547,1.14565,1.14493,1.14507,,,,
2026-03-16T09:05:00+08:00,1.14508,1.14508,1.14466,1.14467,,,,
2026-03-16T09:10:00+08:00,1.14468,1.14483,1.14438,1.14451,,,,
2026-03-16T09:15:00+08:00,1.1445,1.1447,1.14428,1.14464,,,,
2026-03-16T09:20:00+08:00,1.14465,1.14465,1.14421,1.14428,,,,
2026-03-16T09:25:00+08:00,1.14429,1.14446,1.14424,1.14425,,,,
2026-03-16T09:30:00+08:00,1.14427,1.14433,1.14397,1.14415,,,,
2026-03-16T09:35:00+08:00,1.14414,1.14453,1.14414,1.14444,,,,
2026-03-16T09:40:00+08:00,1.14443,1.14464,1.14443,1.14459,,,,
2026-03-16T09:45:00+08:00,1.1446,1.14493,1.14459,1.14469,,,,
2026-03-16T09:50:00+08:00,1.14468,1.14483,1.14449,1.14481,,,,
2026-03-16T09:55:00+08:00,1.14482,1.14497,1.14478,1.14495,,,,
2026-03-16T10:00:00+08:00,1.14496,1.14503,1.14445,1.14485,,,,
2026-03-16T10:05:00+08:00,1.14484,1.1449,1.14454,1.14487,,,,
2026-03-16T10:10:00+08:00,1.14488,1.14495,1.14478,1.14483,,,,
2026-03-16T10:15:00+08:00,1.14484,1.14492,1.1447,1.14491,,,,
2026-03-16T10:20:00+08:00,1.14489,1.14504,1.14486,1.14492,,,,
2026-03-16T10:25:00+08:00,1.14493,1.14493,1.14468,1.14486,,,,
2026-03-16T10:30:00+08:00,1.14487,1.14487,1.14456,1.14469,Bear,,,
2026-03-16T10:35:00+08:00,1.1447,1.14478,1.14465,1.14474,,,,
2026-03-16T10:40:00+08:00,1.14473,1.14491,1.14472,1.14481,,,,
2026-03-16T10:45:00+08:00,1.14483,1.14517,1.14475,1.14507,,,,
2026-03-16T10:50:00+08:00,1.14506,1.14511,1.14476,1.14479,Bear,,,
2026-03-16T10:55:00+08:00,1.14478,1.14502,1.14478,1.1448,,,,
2026-03-16T11:00:00+08:00,1.14479,1.14496,1.14457,1.14494,,,,
2026-03-16T11:05:00+08:00,1.14495,1.1452,1.14485,1.14505,,,,
2026-03-16T11:10:00+08:00,1.14504,1.14512,1.14484,1.14488,,,,
2026-03-16T11:15:00+08:00,1.14487,1.14497,1.14478,1.14494,,,,
2026-03-16T11:20:00+08:00,1.14494,1.14501,1.14484,1.14496,,,,
2026-03-16T11:25:00+08:00,1.14497,1.14506,1.14489,1.14505,,,,
2026-03-16T11:30:00+08:00,1.14503,1.14529,1.14501,1.14524,,,,
2026-03-16T11:35:00+08:00,1.14523,1.14524,1.14506,1.14513,,,,
2026-03-16T11:40:00+08:00,1.14512,1.14535,1.14511,1.14533,,,,
2026-03-16T11:45:00+08:00,1.14534,1.14541,1.14516,1.14529,,,,
2026-03-16T11:50:00+08:00,1.14528,1.14533,1.14508,1.14508,,,,
2026-03-16T11:55:00+08:00,1.14509,1.14515,1.14495,1.14507,,,,
2026-03-16T12:00:00+08:00,1.14506,1.14516,1.14501,1.14504,,,,
2026-03-16T12:05:00+08:00,1.14505,1.14513,1.14478,1.14483,,,,
2026-03-16T12:10:00+08:00,1.14484,1.14497,1.14483,1.1449,,,,
2026-03-16T12:15:00+08:00,1.14488,1.14499,1.14462,1.14469,,,,
2026-03-16T12:20:00+08:00,1.1447,1.14476,1.14458,1.14459,,,,
2026-03-16T12:25:00+08:00,1.1446,1.14472,1.14453,1.14457,,,,
2026-03-16T12:30:00+08:00,1.14458,1.14466,1.14455,1.14461,,,,
2026-03-16T12:35:00+08:00,1.1446,1.14462,1.14447,1.14449,,,,
2026-03-16T12:40:00+08:00,1.14448,1.1445,1.14433,1.14436,,,,
2026-03-16T12:45:00+08:00,1.14438,1.14446,1.14429,1.14437,,,,
2026-03-16T12:50:00+08:00,1.14436,1.1445,1.14428,1.14448,,,,
2026-03-16T12:55:00+08:00,1.14447,1.1445,1.14415,1.14416,Bear,,,
2026-03-16T13:00:00+08:00,1.14417,1.14433,1.144,1.14419,,,,
2026-03-16T13:05:00+08:00,1.14418,1.14435,1.14412,1.14419,,,,
2026-03-16T13:10:00+08:00,1.1442,1.14434,1.14412,1.14415,,,,
2026-03-16T13:15:00+08:00,1.14415,1.14422,1.14403,1.14415,,,,
2026-03-16T13:20:00+08:00,1.14417,1.14419,1.14397,1.14408,,,,
2026-03-16T13:25:00+08:00,1.14407,1.14414,1.14393,1.14397,,,,
2026-03-16T13:30:00+08:00,1.14396,1.14401,1.14362,1.14362,,,,
2026-03-16T13:35:00+08:00,1.14363,1.14394,1.14357,1.14381,,,,
2026-03-16T13:40:00+08:00,1.14381,1.14399,1.14373,1.14375,,,,
2026-03-16T13:45:00+08:00,1.14376,1.14378,1.14362,1.14375,,,,
2026-03-16T13:50:00+08:00,1.14374,1.14377,1.14354,1.14359,,,,
2026-03-16T13:55:00+08:00,1.14358,1.14366,1.14332,1.14347,,,,
2026-03-16T14:00:00+08:00,1.14347,1.14358,1.14318,1.14324,,,,
2026-03-16T14:05:00+08:00,1.14325,1.14346,1.14318,1.14344,Bull,,,
2026-03-16T14:10:00+08:00,1.14345,1.1436,1.14335,1.14346,,,,
2026-03-16T14:15:00+08:00,1.14347,1.14367,1.14344,1.14345,,,,
2026-03-16T14:20:00+08:00,1.14346,1.14348,1.14275,1.14277,,,,
2026-03-16T14:25:00+08:00,1.14276,1.14288,1.14257,1.14282,,,,
2026-03-16T14:30:00+08:00,1.14288,1.14314,1.14285,1.14294,,,,
2026-03-16T14:35:00+08:00,1.14293,1.14293,1.14252,1.14271,,,,
2026-03-16T14:40:00+08:00,1.14272,1.1428,1.14245,1.14276,,,,
2026-03-16T14:45:00+08:00,1.14278,1.14286,1.14246,1.14259,,,,
2026-03-16T14:50:00+08:00,1.1426,1.14291,1.14241,1.14288,,,,
2026-03-16T14:55:00+08:00,1.14289,1.14317,1.14285,1.14316,,,Bull,Bull
2026-03-16T15:00:00+08:00,1.14318,1.14345,1.1429,1.14336,,,,
2026-03-16T15:05:00+08:00,1.14335,1.14341,1.14308,1.14332,,,,
2026-03-16T15:10:00+08:00,1.14331,1.14349,1.14313,1.14313,,,,
2026-03-16T15:15:00+08:00,1.1431,1.14329,1.14291,1.14321,,,,
2026-03-16T15:20:00+08:00,1.1432,1.14322,1.14303,1.14315,,,,
2026-03-16T15:25:00+08:00,1.14313,1.14314,1.14246,1.14273,,,,
2026-03-16T15:30:00+08:00,1.14274,1.14279,1.14212,1.14214,,,,
2026-03-16T15:35:00+08:00,1.14214,1.14215,1.14149,1.14149,,,,
2026-03-16T15:40:00+08:00,1.1415,1.14205,1.14143,1.14202,Bull,,,
2026-03-16T15:45:00+08:00,1.14201,1.14271,1.14195,1.14266,,,,
2026-03-16T15:50:00+08:00,1.14267,1.14269,1.14228,1.14245,,,,
2026-03-16T15:55:00+08:00,1.14246,1.1426,1.14237,1.14258,,,,
2026-03-16T16:00:00+08:00,1.14264,1.14318,1.14264,1.14284,,,,
2026-03-16T16:05:00+08:00,1.14282,1.14338,1.14282,1.14337,,,,
2026-03-16T16:10:00+08:00,1.14339,1.14346,1.14273,1.14287,,,Bear,Bear
2026-03-16T16:15:00+08:00,1.14288,1.14308,1.1426,1.14306,,,,
2026-03-16T16:20:00+08:00,1.14308,1.14446,1.14303,1.14433,,,,
2026-03-16T16:25:00+08:00,1.14429,1.1444,1.14402,1.1442,,,,
2026-03-16T16:30:00+08:00,1.14421,1.14445,1.14397,1.14404,,,,
2026-03-16T16:35:00+08:00,1.14403,1.14422,1.1438,1.14381,,,,
2026-03-16T16:40:00+08:00,1.14382,1.14413,1.14359,1.14396,,,,
2026-03-16T16:45:00+08:00,1.14395,1.14454,1.1439,1.14418,,,,
2026-03-16T16:50:00+08:00,1.14417,1.1445,1.14388,1.14434,,,,
2026-03-16T16:55:00+08:00,1.14433,1.1445,1.14414,1.14449,,,,
2026-03-16T17:00:00+08:00,1.1445,1.14469,1.14423,1.14427,,,,
2026-03-16T17:05:00+08:00,1.1443,1.14458,1.1441,1.1444,,,,
2026-03-16T17:10:00+08:00,1.14439,1.14473,1.14426,1.14464,,,,
2026-03-16T17:15:00+08:00,1.14465,1.14478,1.14451,1.14461,Bear,,,
2026-03-16T17:20:00+08:00,1.1446,1.14473,1.14451,1.14464,,,,
2026-03-16T17:25:00+08:00,1.14465,1.14492,1.14451,1.14473,,,,
2026-03-16T17:30:00+08:00,1.14474,1.14481,1.14449,1.14451,,,,
2026-03-16T17:35:00+08:00,1.14454,1.14458,1.14433,1.1444,,,,
2026-03-16T17:40:00+08:00,1.14437,1.1448,1.14432,1.14479,,,,
2026-03-16T17:45:00+08:00,1.14478,1.14517,1.14478,1.14509,,,,
2026-03-16T17:50:00+08:00,1.14512,1.14527,1.14486,1.14521,,,,
2026-03-16T17:55:00+08:00,1.1452,1.14527,1.14492,1.145,,,,Bear
2026-03-16T18:00:00+08:00,1.14499,1.14522,1.14478,1.14491,,,,
2026-03-16T18:05:00+08:00,1.1449,1.14526,1.14475,1.14526,Bull,,,
2026-03-16T18:10:00+08:00,1.14524,1.14596,1.14524,1.14581,,,,
2026-03-16T18:15:00+08:00,1.1458,1.14677,1.1458,1.14675,,,,
2026-03-16T18:20:00+08:00,1.14674,1.14765,1.14674,1.14748,,,,
2026-03-16T18:25:00+08:00,1.14747,1.1478,1.1472,1.14754,,,,
2026-03-16T18:30:00+08:00,1.14755,1.14775,1.14698,1.14704,,,,
2026-03-16T18:35:00+08:00,1.14703,1.14725,1.14692,1.1471,,,,
2026-03-16T18:40:00+08:00,1.14709,1.14721,1.14682,1.14693,,,,
2026-03-16T18:45:00+08:00,1.14691,1.14716,1.14675,1.14715,,,,
2026-03-16T18:50:00+08:00,1.14713,1.14725,1.14681,1.14707,,,,
2026-03-16T18:55:00+08:00,1.14708,1.14766,1.14708,1.14752,,,,
2026-03-16T19:00:00+08:00,1.14753,1.14754,1.14709,1.14727,,,,
2026-03-16T19:05:00+08:00,1.14725,1.14765,1.14716,1.14751,,,,
2026-03-16T19:10:00+08:00,1.14752,1.14765,1.1473,1.14745,,,,
2026-03-16T19:15:00+08:00,1.14744,1.1478,1.14744,1.14774,,,,
2026-03-16T19:20:00+08:00,1.14772,1.14815,1.14754,1.14775,,,,
2026-03-16T19:25:00+08:00,1.14773,1.14778,1.14736,1.14743,,,,
2026-03-16T19:30:00+08:00,1.14744,1.1475,1.14722,1.14743,,,,
2026-03-16T19:35:00+08:00,1.14745,1.14774,1.14741,1.14755,,,,
2026-03-16T19:40:00+08:00,1.14754,1.14827,1.14737,1.14826,,,,
2026-03-16T19:45:00+08:00,1.14825,1.14872,1.14802,1.1484,,,,
2026-03-16T19:50:00+08:00,1.14841,1.14844,1.14774,1.14792,,Bear,Bear,Bear
2026-03-16T19:55:00+08:00,1.14791,1.14812,1.14775,1.14795,,,,
2026-03-16T20:00:00+08:00,1.14791,1.14825,1.14784,1.14807,,,,
2026-03-16T20:05:00+08:00,1.14808,1.14812,1.14781,1.14803,,,,
2026-03-16T20:10:00+08:00,1.14802,1.14851,1.14762,1.14827,,,,
2026-03-16T20:15:00+08:00,1.14828,1.14838,1.14809,1.14825,,,,
2026-03-16T20:20:00+08:00,1.14823,1.14827,1.14784,1.14809,,,,
2026-03-16T20:25:00+08:00,1.1481,1.14829,1.14799,1.14813,,,,
2026-03-16T20:30:00+08:00,1.14812,1.1488,1.14812,1.14846,,,,
2026-03-16T20:35:00+08:00,1.14847,1.14849,1.14813,1.14813,,,,
2026-03-16T20:40:00+08:00,1.14814,1.14829,1.14786,1.14804,,,,
2026-03-16T20:45:00+08:00,1.14805,1.14822,1.14759,1.14786,,,,
2026-03-16T20:50:00+08:00,1.14788,1.14792,1.1475,1.14776,,,,
2026-03-16T20:55:00+08:00,1.14769,1.14769,1.14722,1.14739,,,,
2026-03-16T21:00:00+08:00,1.14747,1.14778,1.14746,1.14772,,,,
2026-03-16T21:05:00+08:00,1.14773,1.14795,1.14768,1.14779,,,,
2026-03-16T21:10:00+08:00,1.1478,1.14811,1.14764,1.14804,,,,
2026-03-16T21:15:00+08:00,1.14804,1.14808,1.14771,1.14772,,,,
2026-03-16T21:20:00+08:00,1.14771,1.14825,1.14747,1.14811,,,,
2026-03-16T21:25:00+08:00,1.1481,1.14834,1.14807,1.1482,,,,
2026-03-16T21:30:00+08:00,1.14819,1.14875,1.14811,1.14834,,,,
2026-03-16T21:35:00+08:00,1.14832,1.14885,1.14821,1.14879,,,,
2026-03-16T21:40:00+08:00,1.14878,1.14903,1.14854,1.14889,,,,
2026-03-16T21:45:00+08:00,1.14887,1.1493,1.1488,1.14908,,,,
2026-03-16T21:50:00+08:00,1.14906,1.14973,1.149,1.14969,,,,
2026-03-16T21:55:00+08:00,1.1497,1.1501,1.1497,1.15004,,,,
2026-03-16T22:00:00+08:00,1.15003,1.15021,1.1496,1.14962,,,,
2026-03-16T22:05:00+08:00,1.1496,1.15009,1.14936,1.14987,,,,
2026-03-16T22:10:00+08:00,1.14986,1.15021,1.14976,1.15019,,,,
2026-03-16T22:15:00+08:00,1.15017,1.1502,1.14922,1.14928,,,,
2026-03-16T22:20:00+08:00,1.14926,1.14973,1.14925,1.14971,,,,
2026-03-16T22:25:00+08:00,1.14973,1.14978,1.14951,1.14953,,,,
2026-03-16T22:30:00+08:00,1.14953,1.14953,1.14881,1.14881,,,,
2026-03-16T22:35:00+08:00,1.14877,1.14911,1.14841,1.14852,,,,
2026-03-16T22:40:00+08:00,1.14851,1.14864,1.14832,1.1484,,,,
2026-03-16T22:45:00+08:00,1.14838,1.14847,1.14802,1.14838,,,,
2026-03-16T22:50:00+08:00,1.14836,1.14889,1.14835,1.14886,,,,
2026-03-16T22:55:00+08:00,1.14887,1.149,1.14881,1.14889,,,,
2026-03-16T23:00:00+08:00,1.14888,1.14908,1.14885,1.14904,,,,
2026-03-16T23:05:00+08:00,1.14903,1.14945,1.14881,1.14939,Bull,,,
2026-03-16T23:10:00+08:00,1.14938,1.14975,1.14915,1.14973,,,,
2026-03-16T23:15:00+08:00,1.14972,1.14988,1.14958,1.14974,,,,
2026-03-16T23:20:00+08:00,1.14975,1.14985,1.14966,1.14979,,,,
2026-03-16T23:25:00+08:00,1.1498,1.1498,1.14912,1.14924,,,,
2026-03-16T23:30:00+08:00,1.14923,1.14953,1.14919,1.14953,,,,
2026-03-16T23:35:00+08:00,1.14955,1.1499,1.14944,1.14986,Bull,,,
2026-03-16T23:40:00+08:00,1.14984,1.15004,1.14952,1.14952,,,,
2026-03-16T23:45:00+08:00,1.14951,1.14975,1.14943,1.14954,,,,
2026-03-16T23:50:00+08:00,1.14953,1.14953,1.14806,1.14851,,,,
2026-03-16T23:55:00+08:00,1.14849,1.1487,1.14808,1.1487,,,,
2026-03-17T00:00:00+08:00,1.14865,1.14928,1.1485,1.14885,,,,
2026-03-17T00:05:00+08:00,1.14884,1.14929,1.14884,1.14906,,,,
2026-03-17T00:10:00+08:00,1.14908,1.14929,1.14897,1.14911,,,,
2026-03-17T00:15:00+08:00,1.14912,1.14937,1.14879,1.14909,,,,
2026-03-17T00:20:00+08:00,1.1491,1.14922,1.14812,1.14812,,,,
2026-03-17T00:25:00+08:00,1.14811,1.14829,1.14781,1.14793,,,,Bear
2026-03-17T00:30:00+08:00,1.14793,1.14809,1.14776,1.14795,,,,
2026-03-17T00:35:00+08:00,1.14796,1.14893,1.14792,1.14893,,,,
2026-03-17T00:40:00+08:00,1.14892,1.14945,1.14883,1.14921,,,,
2026-03-17T00:45:00+08:00,1.14922,1.14962,1.149,1.14957,,,,
2026-03-17T00:50:00+08:00,1.14959,1.14994,1.14956,1.14975,,,,
2026-03-17T00:55:00+08:00,1.14976,1.14987,1.14926,1.14935,,,,
2026-03-17T01:00:00+08:00,1.14936,1.15043,1.14931,1.14984,,,,
2026-03-17T01:05:00+08:00,1.14985,1.15038,1.14983,1.14988,,,,
2026-03-17T01:10:00+08:00,1.14991,1.1504,1.14966,1.15,,,,
2026-03-17T01:15:00+08:00,1.14997,1.15005,1.14951,1.1498,,,Bear,Bear
2026-03-17T01:20:00+08:00,1.14979,1.14996,1.14967,1.14988,,,,
2026-03-17T01:25:00+08:00,1.14989,1.15008,1.14973,1.14976,,,,
2026-03-17T01:30:00+08:00,1.14974,1.1499,1.14965,1.14972,,,,
2026-03-17T01:35:00+08:00,1.1497,1.14975,1.14937,1.1494,,,,
2026-03-17T01:40:00+08:00,1.14939,1.14973,1.14938,1.14947,,,,
2026-03-17T01:45:00+08:00,1.14948,1.1498,1.14928,1.14931,,,,
2026-03-17T01:50:00+08:00,1.14932,1.14948,1.14906,1.14926,,,,
2026-03-17T01:55:00+08:00,1.14929,1.14946,1.14922,1.14922,,,,
2026-03-17T02:00:00+08:00,1.14921,1.14995,1.14921,1.14994,,,,
2026-03-17T02:05:00+08:00,1.14995,1.15066,1.14994,1.15046,,,,
2026-03-17T02:10:00+08:00,1.15047,1.15063,1.15023,1.15053,,,,
2026-03-17T02:15:00+08:00,1.15054,1.15081,1.15042,1.15075,,,,
2026-03-17T02:20:00+08:00,1.15073,1.1513,1.15062,1.15127,,,,
2026-03-17T02:25:00+08:00,1.15126,1.15224,1.15122,1.15212,,,,
2026-03-17T02:30:00+08:00,1.15211,1.15217,1.15171,1.15209,Bear,,,
2026-03-17T02:35:00+08:00,1.1521,1.1523,1.15192,1.15218,,,,
2026-03-17T02:40:00+08:00,1.15217,1.15235,1.15206,1.15231,,,,
2026-03-17T02:45:00+08:00,1.15234,1.15239,1.15183,1.15186,,,,
2026-03-17T02:50:00+08:00,1.15183,1.152,1.15171,1.15196,Bull,,,
2026-03-17T02:55:00+08:00,1.15198,1.15203,1.15168,1.15186,,,,
2026-03-17T03:00:00+08:00,1.15187,1.1521,1.15177,1.15185,,,,
2026-03-17T03:05:00+08:00,1.15183,1.15237,1.15172,1.1523,,,,
2026-03-17T03:10:00+08:00,1.15233,1.1525,1.15187,1.15214,,,,
2026-03-17T03:15:00+08:00,1.15216,1.15234,1.15199,1.15201,,,,
2026-03-17T03:20:00+08:00,1.152,1.15212,1.15173,1.15176,,,,
2026-03-17T03:25:00+08:00,1.15177,1.15223,1.15153,1.15182,,,,
2026-03-17T03:30:00+08:00,1.15185,1.15208,1.15166,1.15172,,,,
2026-03-17T03:35:00+08:00,1.15173,1.15215,1.15166,1.1518,,,,
2026-03-17T03:40:00+08:00,1.15179,1.15186,1.15109,1.1512,,,,
2026-03-17T03:45:00+08:00,1.15118,1.15122,1.15083,1.15085,,,,
2026-03-17T03:50:00+08:00,1.15084,1.15105,1.15061,1.15073,,,,Bear
2026-03-17T03:55:00+08:00,1.15074,1.15091,1.15062,1.15081,,,,
2026-03-17T04:00:00+08:00,1.15079,1.15102,1.15077,1.15086,,,,
2026-03-17T04:05:00+08:00,1.15086,1.15106,1.15085,1.15092,,,,
2026-03-17T04:10:00+08:00,1.15091,1.15096,1.15084,1.15084,,,,
2026-03-17T04:15:00+08:00,1.15083,1.15085,1.15053,1.15055,,,,
2026-03-17T04:20:00+08:00,1.15055,1.15067,1.15033,1.15035,,,,
2026-03-17T04:25:00+08:00,1.15033,1.15066,1.15032,1.15066,,,,
2026-03-17T04:30:00+08:00,1.15065,1.15067,1.15051,1.15052,Bear,,,
2026-03-17T04:35:00+08:00,1.15052,1.15061,1.15049,1.15059,,,,
2026-03-17T04:40:00+08:00,1.15057,1.1507,1.15047,1.15055,,,,
2026-03-17T04:45:00+08:00,1.15056,1.15071,1.15052,1.15066,,,,
2026-03-17T04:50:00+08:00,1.15065,1.15075,1.15057,1.15067,,,,
2026-03-17T04:55:00+08:00,1.15066,1.15068,1.15054,1.15059,,,,
2026-03-17T05:00:00+08:00,1.15033,1.1505,1.15033,1.15046,,,,
2026-03-17T05:05:00+08:00,1.15041,1.15065,1.15033,1.15047,,,,
2026-03-17T05:10:00+08:00,1.15049,1.15065,1.15045,1.15065,,,,
2026-03-17T05:15:00+08:00,1.15061,1.15078,1.15057,1.15066,,,,
2026-03-17T05:20:00+08:00,1.15065,1.15074,1.15059,1.15066,,,,
2026-03-17T05:25:00+08:00,1.15067,1.15067,1.15058,1.15062,,,,
2026-03-17T05:30:00+08:00,1.15058,1.15068,1.15053,1.1506,,,,
2026-03-17T05:35:00+08:00,1.15059,1.15065,1.15054,1.15061,,,,
2026-03-17T05:40:00+08:00,1.15061,1.15068,1.15058,1.15062,,,,
2026-03-17T05:45:00+08:00,1.15062,1.15069,1.15059,1.1506,,,,
2026-03-17T05:50:00+08:00,1.15059,1.15067,1.15058,1.1506,,,,
2026-03-17T05:55:00+08:00,1.15058,1.15069,1.1504,1.15043,,,,
2026-03-17T06:00:00+08:00,1.15048,1.1505,1.15024,1.1503,,,,
2026-03-17T06:05:00+08:00,1.15031,1.15043,1.15031,1.15039,,,,
2026-03-17T06:10:00+08:00,1.15039,1.15046,1.15037,1.15043,,,,
2026-03-17T06:15:00+08:00,1.15044,1.15051,1.15036,1.15048,,,,
2026-03-17T06:20:00+08:00,1.15046,1.15051,1.15029,1.15032,Bear,,,
2026-03-17T06:25:00+08:00,1.15029,1.15032,1.15022,1.15029,,,,
2026-03-17T06:30:00+08:00,1.15028,1.15028,1.15014,1.15015,,,,
2026-03-17T06:35:00+08:00,1.15015,1.15018,1.15003,1.15003,,,,
2026-03-17T06:40:00+08:00,1.15003,1.1501,1.14995,1.15006,,,,
2026-03-17T06:45:00+08:00,1.15007,1.1501,1.15001,1.15007,,,,
2026-03-17T06:50:00+08:00,1.15006,1.15006,1.14988,1.14989,,,,
2026-03-17T06:55:00+08:00,1.14989,1.14992,1.1498,1.14989,,,,
2026-03-17T07:00:00+08:00,1.1499,1.14997,1.1498,1.14982,,,,
2026-03-17T07:05:00+08:00,1.14981,1.14988,1.14974,1.14975,,,,
2026-03-17T07:10:00+08:00,1.14976,1.14977,1.14949,1.14963,,,,
2026-03-17T07:15:00+08:00,1.14961,1.14966,1.1495,1.14963,,,,
2026-03-17T07:20:00+08:00,1.14964,1.14965,1.14953,1.14957,,,,
2026-03-17T07:25:00+08:00,1.14959,1.14973,1.14958,1.14967,,,,
2026-03-17T07:30:00+08:00,1.14968,1.14977,1.14962,1.14971,,,,
2026-03-17T07:35:00+08:00,1.1497,1.14983,1.14967,1.14982,,,,
2026-03-17T07:40:00+08:00,1.14983,1.14991,1.14976,1.14981,,,,
2026-03-17T07:45:00+08:00,1.1498,1.14998,1.14962,1.14996,,,,
2026-03-17T07:50:00+08:00,1.14997,1.14999,1.14986,1.14994,,,,
2026-03-17T07:55:00+08:00,1.14993,1.14997,1.14981,1.14983,,,,
2026-03-17T08:00:00+08:00,1.14985,1.14985,1.14938,1.14941,Bear,,,
2026-03-17T08:05:00+08:00,1.1494,1.14959,1.14927,1.14932,,,,
2026-03-17T08:10:00+08:00,1.14931,1.14941,1.1492,1.14927,,,,
2026-03-17T08:15:00+08:00,1.14928,1.14947,1.14922,1.14925,,,,
2026-03-17T08:20:00+08:00,1.14924,1.14931,1.14911,1.14912,,,,
2026-03-17T08:25:00+08:00,1.1491,1.14912,1.14895,1.14902,,,,
2026-03-17T08:30:00+08:00,1.14903,1.14925,1.149,1.14925,,,,
2026-03-17T08:35:00+08:00,1.14924,1.14934,1.14916,1.14919,,,,
2026-03-17T08:40:00+08:00,1.14918,1.1492,1.14899,1.14911,,,,
2026-03-17T08:45:00+08:00,1.14912,1.14932,1.14912,1.14913,,,,
2026-03-17T08:50:00+08:00,1.14908,1.14943,1.14903,1.14904,,,,
2026-03-17T08:55:00+08:00,1.14906,1.14935,1.14891,1.14926,,,,
2026-03-17T09:00:00+08:00,1.14918,1.14924,1.14895,1.14897,,,,
2026-03-17T09:05:00+08:00,1.14898,1.14938,1.14896,1.14932,,,,
2026-03-17T09:10:00+08:00,1.1493,1.14958,1.14925,1.14933,,,,
2026-03-17T09:15:00+08:00,1.14932,1.14947,1.14872,1.14874,,,,
2026-03-17T09:20:00+08:00,1.14873,1.14898,1.14873,1.14887,Bull,,,
2026-03-17T09:25:00+08:00,1.14886,1.14898,1.14875,1.14888,,,,
2026-03-17T09:30:00+08:00,1.14889,1.14906,1.14888,1.149,,,,
2026-03-17T09:35:00+08:00,1.14902,1.14918,1.14867,1.14869,,,,
2026-03-17T09:40:00+08:00,1.1487,1.1488,1.14866,1.14878,,,,
2026-03-17T09:45:00+08:00,1.14877,1.14904,1.14868,1.14898,,,,
2026-03-17T09:50:00+08:00,1.14899,1.14935,1.14897,1.14934,,,,
2026-03-17T09:55:00+08:00,1.14935,1.1494,1.14921,1.1493,,,,
2026-03-17T10:00:00+08:00,1.14931,1.14934,1.14917,1.14931,,,,
2026-03-17T10:05:00+08:00,1.14931,1.14939,1.14918,1.14922,,,,
2026-03-17T10:10:00+08:00,1.14921,1.14924,1.1491,1.14916,,,,
2026-03-17T10:15:00+08:00,1.14917,1.14935,1.14915,1.14921,,,,
2026-03-17T10:20:00+08:00,1.14922,1.14933,1.14918,1.14928,,,,
2026-03-17T10:25:00+08:00,1.14927,1.14968,1.14921,1.14952,,,Bull,Bull
2026-03-17T10:30:00+08:00,1.14951,1.14968,1.14947,1.14967,,,,
2026-03-17T10:35:00+08:00,1.14966,1.1497,1.14948,1.1497,,,,
2026-03-17T10:40:00+08:00,1.14969,1.14978,1.14965,1.14976,,,,
2026-03-17T10:45:00+08:00,1.14975,1.14987,1.14973,1.14981,,,,
2026-03-17T10:50:00+08:00,1.14982,1.14982,1.14961,1.14972,,,Bear,Bear
2026-03-17T10:55:00+08:00,1.14973,1.14973,1.14949,1.1495,Bear,,,
2026-03-17T11:00:00+08:00,1.14947,1.14958,1.14934,1.14956,Bull,,,
2026-03-17T11:05:00+08:00,1.14957,1.14963,1.14948,1.14961,,,,
2026-03-17T11:10:00+08:00,1.14962,1.14974,1.1496,1.14974,,,,
2026-03-17T11:15:00+08:00,1.14972,1.1499,1.14971,1.1499,,,,
2026-03-17T11:20:00+08:00,1.14989,1.15003,1.14987,1.15001,,,,
2026-03-17T11:25:00+08:00,1.15,1.15012,1.14988,1.15012,,,,
2026-03-17T11:30:00+08:00,1.15012,1.15026,1.14975,1.1501,,,,
2026-03-17T11:35:00+08:00,1.15011,1.15031,1.1498,1.14992,,,,
2026-03-17T11:40:00+08:00,1.14991,1.14993,1.14974,1.1498,,,,
2026-03-17T11:45:00+08:00,1.14979,1.14981,1.14934,1.14936,,,,
2026-03-17T11:50:00+08:00,1.14937,1.14939,1.14919,1.14925,,,,
2026-03-17T11:55:00+08:00,1.14924,1.14934,1.14915,1.1492,,,,
2026-03-17T12:00:00+08:00,1.14919,1.14935,1.14914,1.14928,,,,
2026-03-17T12:05:00+08:00,1.14927,1.14928,1.14894,1.14899,,,,
2026-03-17T12:10:00+08:00,1.149,1.14914,1.149,1.14904,Bull,,,
2026-03-17T12:15:00+08:00,1.14905,1.14915,1.14903,1.14908,,,,
2026-03-17T12:20:00+08:00,1.14909,1.14929,1.14903,1.14927,,,,
2026-03-17T12:25:00+08:00,1.14926,1.14927,1.14913,1.14916,,,,
2026-03-17T12:30:00+08:00,1.14916,1.14948,1.14914,1.14943,,,,
2026-03-17T12:35:00+08:00,1.14943,1.14957,1.14943,1.14944,,,,
2026-03-17T12:40:00+08:00,1.14945,1.14964,1.14939,1.14964,,,Bull,Bull
2026-03-17T12:45:00+08:00,1.14963,1.14987,1.14963,1.14986,,,,
2026-03-17T12:50:00+08:00,1.14985,1.15,1.14983,1.14996,,,,
2026-03-17T12:55:00+08:00,1.14997,1.14997,1.14967,1.14971,,,Bear,Bear
2026-03-17T13:00:00+08:00,1.1497,1.14975,1.14954,1.1497,,,,
2026-03-17T13:05:00+08:00,1.14971,1.14977,1.14964,1.14969,,,,
2026-03-17T13:10:00+08:00,1.1497,1.14974,1.1494,1.14973,Bull,,,
2026-03-17T13:15:00+08:00,1.14974,1.14993,1.14972,1.14977,,,,
2026-03-17T13:20:00+08:00,1.14976,1.14976,1.14953,1.14961,,,,
2026-03-17T13:25:00+08:00,1.14957,1.14958,1.14945,1.14955,,,,
2026-03-17T13:30:00+08:00,1.14956,1.14958,1.14937,1.14944,,,,
2026-03-17T13:35:00+08:00,1.14943,1.14953,1.14928,1.14932,,,,
2026-03-17T13:40:00+08:00,1.14931,1.14932,1.14869,1.14873,,,,
2026-03-17T13:45:00+08:00,1.14876,1.14876,1.14842,1.1485,,,,
2026-03-17T13:50:00+08:00,1.14851,1.14852,1.14809,1.14812,,,,
2026-03-17T13:55:00+08:00,1.14811,1.14816,1.14781,1.14795,,,,
2026-03-17T14:00:00+08:00,1.14794,1.14805,1.14735,1.14744,,,,
2026-03-17T14:05:00+08:00,1.14744,1.14745,1.14686,1.14694,,,,
2026-03-17T14:10:00+08:00,1.14691,1.14726,1.1466,1.14697,Bull,,,
2026-03-17T14:15:00+08:00,1.14696,1.14718,1.1468,1.14715,,,,
2026-03-17T14:20:00+08:00,1.14714,1.14746,1.14701,1.14746,,,Bull,Bull
2026-03-17T14:25:00+08:00,1.14744,1.14755,1.14719,1.14755,,,,
2026-03-17T14:30:00+08:00,1.14754,1.14782,1.14751,1.14762,,,,
2026-03-17T14:35:00+08:00,1.14768,1.14776,1.1475,1.14774,,,,
2026-03-17T14:40:00+08:00,1.14775,1.14795,1.14766,1.14787,,,,
2026-03-17T14:45:00+08:00,1.14785,1.14787,1.14749,1.1475,,,,
2026-03-17T14:50:00+08:00,1.14751,1.14778,1.14746,1.14777,,,,
2026-03-17T14:55:00+08:00,1.14775,1.14819,1.14774,1.14819,,,,
2026-03-17T15:00:00+08:00,1.14817,1.14849,1.14798,1.14839,,,,
2026-03-17T15:05:00+08:00,1.14838,1.14883,1.14835,1.14875,,,,
2026-03-17T15:10:00+08:00,1.14876,1.149,1.14871,1.14886,,,,
2026-03-17T15:15:00+08:00,1.14884,1.14887,1.14825,1.14867,,,,
2026-03-17T15:20:00+08:00,1.14866,1.14903,1.14858,1.14895,Bull,,,
2026-03-17T15:25:00+08:00,1.14894,1.1496,1.14894,1.14936,,,,
2026-03-17T15:30:00+08:00,1.14935,1.14972,1.14934,1.1495,,,,
2026-03-17T15:35:00+08:00,1.14948,1.15003,1.14948,1.1499,,,,
2026-03-17T15:40:00+08:00,1.14989,1.15003,1.1496,1.14963,,,Bear,Bear
2026-03-17T15:45:00+08:00,1.14962,1.14979,1.14949,1.14966,,,,
2026-03-17T15:50:00+08:00,1.14965,1.14994,1.14957,1.14964,,,,
2026-03-17T15:55:00+08:00,1.14961,1.14961,1.14913,1.14951,,,,
2026-03-17T16:00:00+08:00,1.14951,1.14995,1.14912,1.14934,,,,
2026-03-17T16:05:00+08:00,1.14935,1.14952,1.14917,1.14927,,,,
2026-03-17T16:10:00+08:00,1.14928,1.14944,1.14894,1.14906,,,,
2026-03-17T16:15:00+08:00,1.14903,1.14916,1.14877,1.14916,Bull,,,
2026-03-17T16:20:00+08:00,1.14914,1.14954,1.14903,1.14946,,,,
2026-03-17T16:25:00+08:00,1.14945,1.15,1.14942,1.14994,,,,
2026-03-17T16:30:00+08:00,1.14995,1.15006,1.14951,1.14951,,,,
2026-03-17T16:35:00+08:00,1.14952,1.1502,1.14909,1.15015,Bull,,,
2026-03-17T16:40:00+08:00,1.15014,1.15115,1.15014,1.15105,,,,
2026-03-17T16:45:00+08:00,1.15102,1.1515,1.15089,1.15145,,,,
2026-03-17T16:50:00+08:00,1.15144,1.15181,1.15114,1.15135,,,,
2026-03-17T16:55:00+08:00,1.15134,1.15136,1.15053,1.15104,,,,
2026-03-17T17:00:00+08:00,1.15106,1.15156,1.15106,1.15133,Bull,,,
2026-03-17T17:05:00+08:00,1.15134,1.15169,1.15128,1.15144,,,,
2026-03-17T17:10:00+08:00,1.15143,1.15161,1.15116,1.15116,,,,
2026-03-17T17:15:00+08:00,1.15115,1.15132,1.15083,1.151,,,,
2026-03-17T17:20:00+08:00,1.15099,1.15128,1.15091,1.15125,,,,
2026-03-17T17:25:00+08:00,1.15122,1.15249,1.15122,1.1522,,,,
2026-03-17T17:30:00+08:00,1.1522,1.1524,1.15152,1.15157,,,,
2026-03-17T17:35:00+08:00,1.15152,1.15156,1.15104,1.15107,,,,
2026-03-17T17:40:00+08:00,1.15109,1.15123,1.15088,1.15109,,,,
2026-03-17T17:45:00+08:00,1.15108,1.15141,1.15084,1.15105,,,,
2026-03-17T17:50:00+08:00,1.15106,1.15117,1.1509,1.15114,,,,
2026-03-17T17:55:00+08:00,1.15113,1.15168,1.15105,1.15166,,,,
2026-03-17T18:00:00+08:00,1.15164,1.15164,1.15079,1.15116,,,,
2026-03-17T18:05:00+08:00,1.15117,1.15163,1.15096,1.1514,,,,
2026-03-17T18:10:00+08:00,1.15142,1.15146,1.15099,1.15103,,,,
2026-03-17T18:15:00+08:00,1.15102,1.15103,1.15038,1.15077,,,,
2026-03-17T18:20:00+08:00,1.1507,1.15103,1.15063,1.15073,,,,
2026-03-17T18:25:00+08:00,1.15075,1.15116,1.15072,1.1511,,,,
2026-03-17T18:30:00+08:00,1.15111,1.15112,1.15063,1.15095,,,,
2026-03-17T18:35:00+08:00,1.15093,1.15128,1.15088,1.15101,,,,
2026-03-17T18:40:00+08:00,1.151,1.15126,1.15093,1.15103,,,,
2026-03-17T18:45:00+08:00,1.15104,1.1512,1.15053,1.15059,,,,
2026-03-17T18:50:00+08:00,1.15057,1.15083,1.15056,1.1507,,,,
2026-03-17T18:55:00+08:00,1.15071,1.15086,1.15059,1.15063,,,,
2026-03-17T19:00:00+08:00,1.15064,1.1508,1.15046,1.15074,,,,
2026-03-17T19:05:00+08:00,1.15075,1.15121,1.15075,1.1512,,,,
2026-03-17T19:10:00+08:00,1.15121,1.15143,1.15112,1.15134,,,,
2026-03-17T19:15:00+08:00,1.15135,1.15151,1.15119,1.15141,,,,
2026-03-17T19:20:00+08:00,1.1514,1.15172,1.1513,1.15169,,,,
2026-03-17T19:25:00+08:00,1.15171,1.15188,1.15141,1.15141,,,,
2026-03-17T19:30:00+08:00,1.15143,1.15143,1.15103,1.15123,,,,
2026-03-17T19:35:00+08:00,1.15124,1.15148,1.15111,1.15145,Bull,,,
2026-03-17T19:40:00+08:00,1.15146,1.15156,1.15131,1.15146,,,,
2026-03-17T19:45:00+08:00,1.15145,1.15167,1.15117,1.15134,,,,
2026-03-17T19:50:00+08:00,1.15135,1.15149,1.15099,1.15101,,,,
2026-03-17T19:55:00+08:00,1.15102,1.15102,1.15068,1.15075,,,,
2026-03-17T20:00:00+08:00,1.15067,1.15113,1.15042,1.15111,,,Bull,Bull
2026-03-17T20:05:00+08:00,1.15112,1.15224,1.15107,1.15215,,,,
2026-03-17T20:10:00+08:00,1.15214,1.15233,1.15187,1.15222,,,,
2026-03-17T20:15:00+08:00,1.15218,1.15234,1.15166,1.15177,,,,
2026-03-17T20:20:00+08:00,1.15176,1.15183,1.1514,1.15153,,,,
2026-03-17T20:25:00+08:00,1.15151,1.1517,1.15106,1.15124,,,,
2026-03-17T20:30:00+08:00,1.15125,1.15203,1.15123,1.15195,,,,
2026-03-17T20:35:00+08:00,1.15194,1.15209,1.15157,1.15164,,,,
2026-03-17T20:40:00+08:00,1.15163,1.15173,1.15141,1.15164,,,,
2026-03-17T20:45:00+08:00,1.15163,1.15224,1.1516,1.15209,,,,
2026-03-17T20:50:00+08:00,1.15207,1.15248,1.15187,1.15238,,,,
2026-03-17T20:55:00+08:00,1.1524,1.15245,1.15213,1.15242,,,,
2026-03-17T21:00:00+08:00,1.15243,1.15365,1.15242,1.15346,,,,
2026-03-17T21:05:00+08:00,1.15344,1.15356,1.15293,1.15316,,,,
2026-03-17T21:10:00+08:00,1.15315,1.15348,1.15302,1.15339,,,,
2026-03-17T21:15:00+08:00,1.1534,1.15351,1.15322,1.15342,,,,
2026-03-17T21:20:00+08:00,1.15343,1.15437,1.15329,1.15395,,,,
2026-03-17T21:25:00+08:00,1.15394,1.15395,1.15336,1.15348,Bear,,,
2026-03-17T21:30:00+08:00,1.15347,1.15401,1.15339,1.15384,,,,
2026-03-17T21:35:00+08:00,1.15382,1.15418,1.15373,1.15404,,,,
2026-03-17T21:40:00+08:00,1.15401,1.15402,1.15335,1.15349,,,,
2026-03-17T21:45:00+08:00,1.15351,1.15398,1.15346,1.15367,,,,
2026-03-17T21:50:00+08:00,1.15366,1.15368,1.15285,1.15305,,,,
2026-03-17T21:55:00+08:00,1.15303,1.15323,1.15288,1.15305,Bull,,,
2026-03-17T22:00:00+08:00,1.15307,1.15327,1.15274,1.15315,,,,
2026-03-17T22:05:00+08:00,1.1532,1.15374,1.1532,1.15363,,,,
2026-03-17T22:10:00+08:00,1.15361,1.15369,1.15296,1.15296,,,,
2026-03-17T22:15:00+08:00,1.15297,1.15302,1.1525,1.15257,,Bear,Bear,Bear
2026-03-17T22:20:00+08:00,1.15256,1.1527,1.15226,1.15226,,,,
2026-03-17T22:25:00+08:00,1.15225,1.15265,1.15206,1.15246,,,,
2026-03-17T22:30:00+08:00,1.15245,1.15272,1.15217,1.15258,,,,
2026-03-17T22:35:00+08:00,1.15259,1.15296,1.15244,1.1526,,,,
2026-03-17T22:40:00+08:00,1.15261,1.15355,1.15241,1.1534,,,,
2026-03-17T22:45:00+08:00,1.15341,1.15377,1.15326,1.15369,,,,
2026-03-17T22:50:00+08:00,1.15372,1.15387,1.15347,1.15363,,,,
2026-03-17T22:55:00+08:00,1.15363,1.15368,1.15328,1.15333,,,,
2026-03-17T23:00:00+08:00,1.15332,1.1539,1.1533,1.15372,,,,
2026-03-17T23:05:00+08:00,1.15374,1.15375,1.15292,1.15296,,,,
2026-03-17T23:10:00+08:00,1.15297,1.15316,1.15285,1.15293,,,,
2026-03-17T23:15:00+08:00,1.15294,1.15329,1.15286,1.15295,,,,
2026-03-17T23:20:00+08:00,1.15293,1.15344,1.15243,1.15307,,,,
2026-03-17T23:25:00+08:00,1.15306,1.15348,1.1527,1.1527,,,,
2026-03-17T23:30:00+08:00,1.15271,1.15305,1.1523,1.15235,,,,
2026-03-17T23:35:00+08:00,1.15236,1.1526,1.15207,1.15238,,,,
2026-03-17T23:40:00+08:00,1.15239,1.15253,1.15207,1.15253,,,,
2026-03-17T23:45:00+08:00,1.15253,1.15275,1.15231,1.15231,Bear,,,
2026-03-17T23:50:00+08:00,1.15233,1.15248,1.15215,1.15242,,,,
2026-03-17T23:55:00+08:00,1.15243,1.15266,1.15232,1.15248,,,,
2026-03-18T00:00:00+08:00,1.15249,1.15255,1.15182,1.15203,,,,
2026-03-18T00:05:00+08:00,1.15202,1.15253,1.15191,1.15227,Bull,,,
2026-03-18T00:10:00+08:00,1.15228,1.153,1.15228,1.15234,,,,
2026-03-18T00:15:00+08:00,1.15235,1.15312,1.15212,1.15312,,,,
2026-03-18T00:20:00+08:00,1.15313,1.15313,1.15274,1.15294,,,,
2026-03-18T00:25:00+08:00,1.15296,1.15301,1.15272,1.15294,,,,
2026-03-18T00:30:00+08:00,1.15293,1.15316,1.1527,1.15296,,,,
2026-03-18T00:35:00+08:00,1.15297,1.15299,1.15268,1.15295,,,,
2026-03-18T00:40:00+08:00,1.15297,1.15315,1.15284,1.15307,,,,
2026-03-18T00:45:00+08:00,1.15308,1.1533,1.15286,1.153,,,Bear,Bear
2026-03-18T00:50:00+08:00,1.153,1.15313,1.1529,1.15312,,,,
2026-03-18T00:55:00+08:00,1.15313,1.15315,1.15278,1.15282,,,,
2026-03-18T01:00:00+08:00,1.15281,1.15303,1.15268,1.15296,,,,
2026-03-18T01:05:00+08:00,1.15297,1.15322,1.15279,1.15318,,,,
2026-03-18T01:10:00+08:00,1.15317,1.15327,1.15282,1.15285,,,,
2026-03-18T01:15:00+08:00,1.15284,1.15297,1.15262,1.15287,,,,
2026-03-18T01:20:00+08:00,1.1529,1.1533,1.15277,1.15312,,,,
2026-03-18T01:25:00+08:00,1.15311,1.15331,1.15298,1.15331,,,,
2026-03-18T01:30:00+08:00,1.1533,1.15355,1.15318,1.15354,,,,
2026-03-18T01:35:00+08:00,1.15355,1.15392,1.15353,1.1539,,,,
2026-03-18T01:40:00+08:00,1.15388,1.15396,1.15343,1.15355,,,,
2026-03-18T01:45:00+08:00,1.15356,1.15386,1.15354,1.15383,,,,
2026-03-18T01:50:00+08:00,1.15384,1.15398,1.1537,1.15396,,,,
2026-03-18T01:55:00+08:00,1.15397,1.15403,1.15379,1.15397,,,,
2026-03-18T02:00:00+08:00,1.15398,1.1545,1.15397,1.15447,,,,
2026-03-18T02:05:00+08:00,1.15449,1.15468,1.15434,1.15459,,,,
2026-03-18T02:10:00+08:00,1.15458,1.15473,1.15444,1.15452,,,,
2026-03-18T02:15:00+08:00,1.15451,1.15465,1.15448,1.15454,,,,
2026-03-18T02:20:00+08:00,1.15453,1.15468,1.15442,1.15444,,,Bear,Bear
2026-03-18T02:25:00+08:00,1.15445,1.15456,1.15427,1.15428,,,,
2026-03-18T02:30:00+08:00,1.1543,1.15433,1.15401,1.15407,,,,
2026-03-18T02:35:00+08:00,1.15402,1.1541,1.15394,1.15397,,,,
2026-03-18T02:40:00+08:00,1.15396,1.15413,1.15395,1.15406,,,,
2026-03-18T02:45:00+08:00,1.15407,1.15432,1.15403,1.15418,,,,
2026-03-18T02:50:00+08:00,1.15417,1.15423,1.15405,1.15419,,,,
2026-03-18T02:55:00+08:00,1.15418,1.15418,1.15386,1.15392,,,,
2026-03-18T03:00:00+08:00,1.15395,1.15397,1.1538,1.15392,,,,
2026-03-18T03:05:00+08:00,1.15393,1.15413,1.1539,1.15401,,,,
2026-03-18T03:10:00+08:00,1.154,1.15401,1.15391,1.15401,,,,
2026-03-18T03:15:00+08:00,1.154,1.15414,1.15395,1.1541,,,,
2026-03-18T03:20:00+08:00,1.15411,1.15413,1.15392,1.154,,,,
2026-03-18T03:25:00+08:00,1.15401,1.15403,1.15375,1.15382,,,,
2026-03-18T03:30:00+08:00,1.15383,1.15387,1.15357,1.15364,,,,
2026-03-18T03:35:00+08:00,1.15363,1.15372,1.15357,1.1536,,,,
2026-03-18T03:40:00+08:00,1.15361,1.15381,1.15357,1.15368,,,,
2026-03-18T03:45:00+08:00,1.15369,1.15375,1.1536,1.15367,,,,
2026-03-18T03:50:00+08:00,1.15364,1.15369,1.15358,1.15362,,,,
2026-03-18T03:55:00+08:00,1.15363,1.15363,1.15339,1.15357,,,,
2026-03-18T04:00:00+08:00,1.15355,1.15402,1.15351,1.15393,,,,
2026-03-18T04:05:00+08:00,1.15392,1.15399,1.15376,1.15377,Bear,,,
2026-03-18T04:10:00+08:00,1.15376,1.15376,1.15355,1.15375,,,,
2026-03-18T04:15:00+08:00,1.15376,1.15383,1.15374,1.15377,,,,
2026-03-18T04:20:00+08:00,1.15377,1.15379,1.15372,1.15374,,,,
2026-03-18T04:25:00+08:00,1.15374,1.15376,1.15364,1.15366,,,,
2026-03-18T04:30:00+08:00,1.15366,1.15382,1.15366,1.15378,,,,
2026-03-18T04:35:00+08:00,1.15378,1.15383,1.15373,1.15382,,,,
2026-03-18T04:40:00+08:00,1.15381,1.15396,1.1538,1.15395,,,,
2026-03-18T04:45:00+08:00,1.15395,1.1541,1.15393,1.15393,,,,
2026-03-18T04:50:00+08:00,1.15394,1.15416,1.15377,1.1541,,,,
2026-03-18T04:55:00+08:00,1.15408,1.15418,1.15396,1.15399,,,,
2026-03-18T05:00:00+08:00,1.1537,1.1539,1.15307,1.15345,,,,
2026-03-18T05:05:00+08:00,1.15344,1.15344,1.15331,1.15343,,,,
2026-03-18T05:10:00+08:00,1.15344,1.15347,1.15338,1.15342,,,,
2026-03-18T05:15:00+08:00,1.15341,1.15347,1.15337,1.15346,,,,
2026-03-18T05:20:00+08:00,1.15343,1.15352,1.1534,1.15348,,,,
2026-03-18T05:25:00+08:00,1.15347,1.1537,1.15347,1.15368,,,,
2026-03-18T05:30:00+08:00,1.15368,1.15369,1.15354,1.15358,,,,
2026-03-18T05:35:00+08:00,1.15359,1.15361,1.15356,1.15356,,,,
2026-03-18T05:40:00+08:00,1.15358,1.1536,1.15351,1.15353,,,,
2026-03-18T05:45:00+08:00,1.15354,1.15359,1.1535,1.15353,,,,
2026-03-18T05:50:00+08:00,1.15354,1.15372,1.15353,1.15368,,,,
2026-03-18T05:55:00+08:00,1.15367,1.15372,1.15346,1.15346,,,,
2026-03-18T06:00:00+08:00,1.15347,1.15392,1.15347,1.15388,,,,
2026-03-18T06:05:00+08:00,1.15388,1.15418,1.15386,1.15414,,,,
2026-03-18T06:10:00+08:00,1.15409,1.15445,1.15409,1.15428,,,,
2026-03-18T06:15:00+08:00,1.15428,1.15434,1.15424,1.15428,Bear,,,
2026-03-18T06:20:00+08:00,1.15428,1.15434,1.15418,1.15428,,,,
2026-03-18T06:25:00+08:00,1.15428,1.15434,1.1542,1.1542,,,,
2026-03-18T06:30:00+08:00,1.15421,1.15422,1.15405,1.15405,,,,
2026-03-18T06:35:00+08:00,1.15404,1.15415,1.15402,1.15405,,,,
2026-03-18T06:40:00+08:00,1.15404,1.15407,1.15398,1.15401,,,,
2026-03-18T06:45:00+08:00,1.154,1.15408,1.15397,1.15404,,,,
2026-03-18T06:50:00+08:00,1.15405,1.1541,1.15398,1.154,,,,
2026-03-18T06:55:00+08:00,1.15399,1.15402,1.15392,1.154,,,,
2026-03-18T07:00:00+08:00,1.154,1.15406,1.15374,1.15388,,,,
2026-03-18T07:05:00+08:00,1.15387,1.15394,1.15383,1.15389,Bull,,,
2026-03-18T07:10:00+08:00,1.1539,1.15392,1.15379,1.15387,,,,
2026-03-18T07:15:00+08:00,1.15389,1.15399,1.15378,1.15397,,,Bull,Bull
2026-03-18T07:20:00+08:00,1.15395,1.15399,1.15385,1.15387,,,,
2026-03-18T07:25:00+08:00,1.15386,1.15395,1.1538,1.15392,,,,
2026-03-18T07:30:00+08:00,1.15389,1.15406,1.15385,1.15396,,,,
2026-03-18T07:35:00+08:00,1.15398,1.15405,1.1539,1.15402,,,,
2026-03-18T07:40:00+08:00,1.15402,1.15404,1.15395,1.154,,,,
2026-03-18T07:45:00+08:00,1.15396,1.15411,1.15395,1.15405,,,,
2026-03-18T07:50:00+08:00,1.1541,1.15412,1.15402,1.1541,,,,
2026-03-18T07:55:00+08:00,1.15409,1.15411,1.15384,1.1539,,,,
2026-03-18T08:00:00+08:00,1.15394,1.15404,1.15373,1.15396,,,,
2026-03-18T08:05:00+08:00,1.15396,1.15425,1.15395,1.1542,,,,
2026-03-18T08:10:00+08:00,1.1542,1.1544,1.15413,1.15428,,,,
2026-03-18T08:15:00+08:00,1.15429,1.15435,1.15397,1.15401,Bear,,,
2026-03-18T08:20:00+08:00,1.154,1.15413,1.15378,1.15383,,,,
2026-03-18T08:25:00+08:00,1.15384,1.154,1.15369,1.15378,,,,
2026-03-18T08:30:00+08:00,1.1538,1.15396,1.15357,1.15357,,,,
2026-03-18T08:35:00+08:00,1.15358,1.15366,1.15336,1.15339,,,,
2026-03-18T08:40:00+08:00,1.15338,1.15355,1.15331,1.15348,,,,
2026-03-18T08:45:00+08:00,1.15348,1.15366,1.15348,1.15353,,,,
2026-03-18T08:50:00+08:00,1.15353,1.15363,1.15336,1.15338,,,,
2026-03-18T08:55:00+08:00,1.1534,1.15345,1.15321,1.15327,,,,
2026-03-18T09:00:00+08:00,1.15326,1.15403,1.15326,1.15391,,,,
2026-03-18T09:05:00+08:00,1.1539,1.15401,1.15376,1.15385,,,,
2026-03-18T09:10:00+08:00,1.15386,1.15391,1.15344,1.15349,,,,
2026-03-18T09:15:00+08:00,1.1535,1.15357,1.1534,1.15345,,,,
2026-03-18T09:20:00+08:00,1.15343,1.15357,1.15334,1.1534,,,,
2026-03-18T09:25:00+08:00,1.15336,1.15356,1.15335,1.15346,,,,
2026-03-18T09:30:00+08:00,1.15344,1.15364,1.15334,1.15358,,,,
2026-03-18T09:35:00+08:00,1.15359,1.15368,1.15352,1.15361,,,,
2026-03-18T09:40:00+08:00,1.15362,1.15375,1.15356,1.15358,,,,
2026-03-18T09:45:00+08:00,1.15359,1.15363,1.15343,1.15345,,,,
2026-03-18T09:50:00+08:00,1.15346,1.15347,1.15321,1.15337,,,,
2026-03-18T09:55:00+08:00,1.15336,1.15344,1.15332,1.1534,,,,
2026-03-18T10:00:00+08:00,1.15341,1.15352,1.15329,1.15335,Bear,,,
2026-03-18T10:05:00+08:00,1.15334,1.15343,1.15326,1.15343,,,,
2026-03-18T10:10:00+08:00,1.15342,1.15342,1.1533,1.15335,,,,
2026-03-18T10:15:00+08:00,1.15336,1.15354,1.15326,1.15348,,,,
2026-03-18T10:20:00+08:00,1.15349,1.15359,1.15341,1.15342,,,,
2026-03-18T10:25:00+08:00,1.15343,1.15359,1.15342,1.15356,,,,
2026-03-18T10:30:00+08:00,1.15354,1.15383,1.1535,1.15377,,,,
2026-03-18T10:35:00+08:00,1.15376,1.15376,1.1534,1.15347,,,,
2026-03-18T10:40:00+08:00,1.15348,1.15358,1.15345,1.15356,,,,
2026-03-18T10:45:00+08:00,1.15357,1.1536,1.15349,1.1535,,,,
2026-03-18T10:50:00+08:00,1.1535,1.1536,1.15344,1.15352,,,,
2026-03-18T10:55:00+08:00,1.15351,1.15355,1.15319,1.15326,,,,
2026-03-18T11:00:00+08:00,1.15325,1.15339,1.1532,1.15326,,,,
2026-03-18T11:05:00+08:00,1.15328,1.15335,1.15321,1.15326,,,,
2026-03-18T11:10:00+08:00,1.15327,1.1534,1.15324,1.15336,,,,
2026-03-18T11:15:00+08:00,1.15337,1.15338,1.15324,1.15331,Bear,,,
2026-03-18T11:20:00+08:00,1.15328,1.15337,1.15326,1.15328,,,,
2026-03-18T11:25:00+08:00,1.15327,1.15334,1.15324,1.15327,,,,
2026-03-18T11:30:00+08:00,1.15329,1.15335,1.15324,1.15333,,,,
2026-03-18T11:35:00+08:00,1.15332,1.15335,1.15325,1.15326,,,,
2026-03-18T11:40:00+08:00,1.15327,1.15338,1.15325,1.15338,,,,
2026-03-18T11:45:00+08:00,1.15339,1.15352,1.15336,1.15342,,,,
2026-03-18T11:50:00+08:00,1.1534,1.15352,1.1534,1.15346,,,,
2026-03-18T11:55:00+08:00,1.15345,1.15368,1.15344,1.15361,,,,
2026-03-18T12:00:00+08:00,1.15362,1.15387,1.15362,1.15382,,,,
2026-03-18T12:05:00+08:00,1.15386,1.15395,1.15381,1.15393,,,,
2026-03-18T12:10:00+08:00,1.15392,1.15398,1.1537,1.15381,,,,
2026-03-18T12:15:00+08:00,1.1538,1.15391,1.15379,1.15388,,,,
2026-03-18T12:20:00+08:00,1.15387,1.15398,1.15379,1.15387,,,,
2026-03-18T12:25:00+08:00,1.15386,1.15388,1.15381,1.15385,,,,
2026-03-18T12:30:00+08:00,1.15386,1.15398,1.15385,1.15395,,,,
2026-03-18T12:35:00+08:00,1.15394,1.15405,1.15386,1.15387,,,,
2026-03-18T12:40:00+08:00,1.15386,1.15398,1.15382,1.15392,,,,
2026-03-18T12:45:00+08:00,1.15391,1.15409,1.15387,1.15406,,,,
2026-03-18T12:50:00+08:00,1.15407,1.15426,1.15406,1.15406,,,Bear,Bear
2026-03-18T12:55:00+08:00,1.15407,1.15418,1.15401,1.15415,,,,
2026-03-18T13:00:00+08:00,1.15418,1.15423,1.15406,1.15407,,,,
2026-03-18T13:05:00+08:00,1.15408,1.15417,1.154,1.15414,,,,
2026-03-18T13:10:00+08:00,1.15412,1.15434,1.15412,1.15427,,,,
2026-03-18T13:15:00+08:00,1.15426,1.1544,1.15426,1.15428,,,,
2026-03-18T13:20:00+08:00,1.15427,1.15438,1.15416,1.15434,,,,
2026-03-18T13:25:00+08:00,1.15432,1.1544,1.1542,1.15423,,,,
2026-03-18T13:30:00+08:00,1.1542,1.15432,1.15418,1.15427,,,,
2026-03-18T13:35:00+08:00,1.15426,1.15455,1.15424,1.15447,,,,
2026-03-18T13:40:00+08:00,1.15446,1.15453,1.15436,1.15445,,,,
2026-03-18T13:45:00+08:00,1.15446,1.15458,1.15435,1.15456,,,,
2026-03-18T13:50:00+08:00,1.15455,1.1547,1.1545,1.15468,,,,
2026-03-18T13:55:00+08:00,1.15467,1.15467,1.15445,1.15456,,,,
2026-03-18T14:00:00+08:00,1.15457,1.15462,1.15445,1.15454,,,,
2026-03-18T14:05:00+08:00,1.15453,1.15478,1.15453,1.15474,,,,
2026-03-18T14:10:00+08:00,1.15475,1.15479,1.15457,1.15463,,,,
2026-03-18T14:15:00+08:00,1.15465,1.15479,1.15464,1.15474,,,,
2026-03-18T14:20:00+08:00,1.15475,1.1549,1.15474,1.15487,,,,
2026-03-18T14:25:00+08:00,1.15489,1.15493,1.15462,1.15488,,,,
2026-03-18T14:30:00+08:00,1.15487,1.15487,1.15437,1.15443,,,,
2026-03-18T14:35:00+08:00,1.15441,1.15447,1.15397,1.15407,,,,
2026-03-18T14:40:00+08:00,1.15405,1.15431,1.15402,1.1543,,,,
2026-03-18T14:45:00+08:00,1.15429,1.15432,1.15415,1.1542,,,,
2026-03-18T14:50:00+08:00,1.15419,1.15419,1.15395,1.15411,,,,
2026-03-18T14:55:00+08:00,1.15408,1.15432,1.15407,1.15423,,,,
2026-03-18T15:00:00+08:00,1.15427,1.15454,1.15406,1.15454,,,,
2026-03-18T15:05:00+08:00,1.15453,1.15456,1.15434,1.15448,,,,
2026-03-18T15:10:00+08:00,1.15448,1.15449,1.15418,1.15424,Bear,,,
2026-03-18T15:15:00+08:00,1.15425,1.15425,1.15393,1.15407,,,,
2026-03-18T15:20:00+08:00,1.15408,1.15409,1.1539,1.15398,,,,
2026-03-18T15:25:00+08:00,1.15397,1.15402,1.15361,1.15375,,,,
2026-03-18T15:30:00+08:00,1.15376,1.15378,1.15322,1.1533,,,,
2026-03-18T15:35:00+08:00,1.15328,1.15328,1.15295,1.15322,,,,
2026-03-18T15:40:00+08:00,1.15321,1.15323,1.15268,1.15271,,,,
2026-03-18T15:45:00+08:00,1.15272,1.15274,1.15234,1.15263,,,,
2026-03-18T15:50:00+08:00,1.15266,1.15304,1.15246,1.15289,,Bull,,Bull
2026-03-18T15:55:00+08:00,1.15277,1.15286,1.15239,1.15264,,,,
2026-03-18T16:00:00+08:00,1.15263,1.15305,1.15257,1.15296,,,,
2026-03-18T16:05:00+08:00,1.15297,1.15297,1.15243,1.15261,,,,
2026-03-18T16:10:00+08:00,1.1526,1.15298,1.15255,1.15284,,,,
2026-03-18T16:15:00+08:00,1.15282,1.153,1.15232,1.15233,,,,
2026-03-18T16:20:00+08:00,1.15232,1.1525,1.1521,1.15215,,,,
2026-03-18T16:25:00+08:00,1.15213,1.1522,1.15179,1.15209,,,,
2026-03-18T16:30:00+08:00,1.15207,1.15246,1.15204,1.15245,,,,
2026-03-18T16:35:00+08:00,1.15246,1.15265,1.15231,1.15255,,,,
2026-03-18T16:40:00+08:00,1.15254,1.15265,1.15235,1.15262,,,,
2026-03-18T16:45:00+08:00,1.15263,1.15298,1.1525,1.15294,,,,
2026-03-18T16:50:00+08:00,1.15297,1.15344,1.15296,1.15334,,,Bull,
2026-03-18T16:55:00+08:00,1.15333,1.15344,1.15317,1.15326,Bear,,,
2026-03-18T17:00:00+08:00,1.15323,1.15327,1.1529,1.15321,,,,
2026-03-18T17:05:00+08:00,1.15317,1.15334,1.15297,1.15325,Bull,,,
2026-03-18T17:10:00+08:00,1.15324,1.15325,1.15254,1.15254,,,,
2026-03-18T17:15:00+08:00,1.15252,1.1532,1.15252,1.15319,,,,
2026-03-18T17:20:00+08:00,1.15318,1.15357,1.15318,1.15353,,,,
2026-03-18T17:25:00+08:00,1.1535,1.15355,1.15308,1.1535,,,,
2026-03-18T17:30:00+08:00,1.15351,1.15352,1.15329,1.15341,,,,
2026-03-18T17:35:00+08:00,1.1534,1.15356,1.15339,1.15349,,,,
2026-03-18T17:40:00+08:00,1.15348,1.15395,1.15342,1.15385,,,,
2026-03-18T17:45:00+08:00,1.15384,1.15394,1.15359,1.15368,Bear,,,
2026-03-18T17:50:00+08:00,1.15371,1.15391,1.15362,1.15363,,,,
2026-03-18T17:55:00+08:00,1.15365,1.15391,1.15365,1.15387,,,,
2026-03-18T18:00:00+08:00,1.15386,1.154,1.15381,1.15389,,,,
2026-03-18T18:05:00+08:00,1.1539,1.15439,1.15382,1.15434,,,,
2026-03-18T18:10:00+08:00,1.15433,1.15441,1.1542,1.15433,,,,
2026-03-18T18:15:00+08:00,1.15433,1.15434,1.15409,1.1541,,,,
2026-03-18T18:20:00+08:00,1.15409,1.15414,1.15385,1.15389,Bear,,,
2026-03-18T18:25:00+08:00,1.15388,1.15395,1.15367,1.15369,,,,
2026-03-18T18:30:00+08:00,1.15368,1.15374,1.15337,1.15357,,,,
2026-03-18T18:35:00+08:00,1.15358,1.15376,1.15355,1.15366,,,,
2026-03-18T18:40:00+08:00,1.15367,1.154,1.15365,1.15397,,,,
2026-03-18T18:45:00+08:00,1.15395,1.15425,1.15389,1.15422,,,,
2026-03-18T18:50:00+08:00,1.15423,1.15424,1.15368,1.15387,Bear,,,
2026-03-18T18:55:00+08:00,1.15386,1.15412,1.15386,1.154,,,,
2026-03-18T19:00:00+08:00,1.15399,1.15457,1.15397,1.15449,,,,
2026-03-18T19:05:00+08:00,1.1545,1.15455,1.15435,1.15449,,,,
2026-03-18T19:10:00+08:00,1.1545,1.15494,1.1545,1.15488,,,,
2026-03-18T19:15:00+08:00,1.15488,1.15554,1.15482,1.1555,,,,
2026-03-18T19:20:00+08:00,1.15547,1.1555,1.15511,1.15513,,,,
2026-03-18T19:25:00+08:00,1.15516,1.15516,1.1532,1.15323,,Bear,,
2026-03-18T19:30:00+08:00,1.1532,1.15455,1.15302,1.15418,,,Bull,Bull
2026-03-18T19:35:00+08:00,1.15415,1.15416,1.15352,1.15358,,,,
2026-03-18T19:40:00+08:00,1.1536,1.1546,1.15342,1.15435,,,,
2026-03-18T19:45:00+08:00,1.15436,1.15438,1.15382,1.15423,Bear,,,
2026-03-18T19:50:00+08:00,1.15425,1.15483,1.15396,1.15471,,,,
2026-03-18T19:55:00+08:00,1.15468,1.15496,1.15438,1.15467,,,,
2026-03-18T20:00:00+08:00,1.15468,1.15482,1.1542,1.1542,,,,
2026-03-18T20:05:00+08:00,1.15416,1.15438,1.15313,1.1532,,,,
2026-03-18T20:10:00+08:00,1.15316,1.15366,1.15307,1.15354,,,,
2026-03-18T20:15:00+08:00,1.15355,1.15355,1.15279,1.15281,,,,
2026-03-18T20:20:00+08:00,1.15282,1.1534,1.15282,1.1529,,,,
2026-03-18T20:25:00+08:00,1.15289,1.15304,1.15242,1.15255,,,,
2026-03-18T20:30:00+08:00,1.15254,1.15254,1.15178,1.15228,,,,
2026-03-18T20:35:00+08:00,1.15227,1.15276,1.1521,1.1526,Bull,Bull,Bull,Bull
2026-03-18T20:40:00+08:00,1.15261,1.15292,1.15137,1.15169,,,,
2026-03-18T20:45:00+08:00,1.1517,1.1519,1.15114,1.15119,,,,
2026-03-18T20:50:00+08:00,1.1512,1.15156,1.15086,1.15095,,,,
2026-03-18T20:55:00+08:00,1.15093,1.15146,1.15055,1.15075,,,,
2026-03-18T21:00:00+08:00,1.15076,1.15088,1.15018,1.15043,,,,
2026-03-18T21:05:00+08:00,1.15042,1.1507,1.1498,1.14998,,,,
2026-03-18T21:10:00+08:00,1.14997,1.15003,1.14928,1.14953,,,,
2026-03-18T21:15:00+08:00,1.14953,1.14991,1.14905,1.14979,,,,
2026-03-18T21:20:00+08:00,1.14977,1.15042,1.14973,1.15036,,,,
2026-03-18T21:25:00+08:00,1.15037,1.15074,1.15024,1.15069,,,,
2026-03-18T21:30:00+08:00,1.15066,1.15077,1.15013,1.15037,,,,
2026-03-18T21:35:00+08:00,1.15038,1.1513,1.15036,1.15103,,,Bull,Bull
2026-03-18T21:40:00+08:00,1.15105,1.15123,1.15025,1.15057,,,,
2026-03-18T21:45:00+08:00,1.15059,1.15122,1.15046,1.15086,,,,
2026-03-18T21:50:00+08:00,1.15088,1.15096,1.15041,1.15079,,,,
2026-03-18T21:55:00+08:00,1.1508,1.15155,1.15071,1.15148,,,,
2026-03-18T22:00:00+08:00,1.1515,1.15232,1.15145,1.15224,,,,
2026-03-18T22:05:00+08:00,1.15223,1.15274,1.15155,1.15155,Bear,,,
2026-03-18T22:10:00+08:00,1.15156,1.15156,1.15062,1.15103,,,,
2026-03-18T22:15:00+08:00,1.15102,1.15133,1.15089,1.15114,,,,
2026-03-18T22:20:00+08:00,1.15111,1.15115,1.15065,1.15073,,,,
2026-03-18T22:25:00+08:00,1.15074,1.15092,1.15042,1.1508,,,,
2026-03-18T22:30:00+08:00,1.15081,1.15142,1.15072,1.15119,,,,
2026-03-18T22:35:00+08:00,1.15115,1.15154,1.15091,1.15121,,,,
2026-03-18T22:40:00+08:00,1.15122,1.15137,1.15083,1.15131,,,,
2026-03-18T22:45:00+08:00,1.1513,1.15173,1.15091,1.151,Bear,,,
2026-03-18T22:50:00+08:00,1.15101,1.15144,1.15097,1.15103,,,,
2026-03-18T22:55:00+08:00,1.15104,1.15172,1.15102,1.15165,,,,
2026-03-18T23:00:00+08:00,1.15164,1.15243,1.15163,1.1523,,,,
2026-03-18T23:05:00+08:00,1.15229,1.15298,1.15215,1.15245,,,,
2026-03-18T23:10:00+08:00,1.15246,1.1525,1.15188,1.15211,,,,
2026-03-18T23:15:00+08:00,1.15213,1.15225,1.15187,1.15211,,,,
2026-03-18T23:20:00+08:00,1.15214,1.15228,1.15162,1.15224,Bull,,,
2026-03-18T23:25:00+08:00,1.15222,1.15234,1.15181,1.15198,,,,
2026-03-18T23:30:00+08:00,1.15199,1.15243,1.15192,1.15219,,,,
2026-03-18T23:35:00+08:00,1.15218,1.15268,1.15215,1.15253,,,,
2026-03-18T23:40:00+08:00,1.15252,1.15257,1.15208,1.15227,,,,
2026-03-18T23:45:00+08:00,1.15226,1.15234,1.15196,1.15208,,,,
2026-03-18T23:50:00+08:00,1.15205,1.15234,1.15154,1.15162,,,,
2026-03-18T23:55:00+08:00,1.15163,1.15173,1.15114,1.15129,,,,
2026-03-19T00:00:00+08:00,1.15128,1.15168,1.15114,1.1514,,,,
2026-03-19T00:05:00+08:00,1.15139,1.15156,1.15125,1.15142,,,,
2026-03-19T00:10:00+08:00,1.15143,1.15182,1.15125,1.15175,,,,
2026-03-19T00:15:00+08:00,1.15174,1.15175,1.15117,1.15151,Bear,,,
2026-03-19T00:20:00+08:00,1.15152,1.15224,1.15148,1.15215,,,,
2026-03-19T00:25:00+08:00,1.15219,1.15222,1.1516,1.15191,,,Bear,Bear
2026-03-19T00:30:00+08:00,1.15186,1.15186,1.15128,1.15129,,,,
2026-03-19T00:35:00+08:00,1.15126,1.15127,1.15078,1.1512,,,,
2026-03-19T00:40:00+08:00,1.15119,1.1514,1.15101,1.15114,,,,
2026-03-19T00:45:00+08:00,1.15113,1.15116,1.15085,1.15089,,,,
2026-03-19T00:50:00+08:00,1.15088,1.15108,1.15067,1.15099,,,,
2026-03-19T00:55:00+08:00,1.15102,1.15116,1.15096,1.15107,,,,
2026-03-19T01:00:00+08:00,1.15105,1.15121,1.15093,1.151,,,,
2026-03-19T01:05:00+08:00,1.15101,1.15102,1.15057,1.15069,,,,
2026-03-19T01:10:00+08:00,1.1507,1.15073,1.15032,1.1504,,,,
2026-03-19T01:15:00+08:00,1.15041,1.15088,1.15026,1.15082,,,,
2026-03-19T01:20:00+08:00,1.15081,1.15091,1.15074,1.15084,,,,
2026-03-19T01:25:00+08:00,1.15081,1.15081,1.15058,1.15069,,,,
2026-03-19T01:30:00+08:00,1.15065,1.15106,1.15047,1.15104,,,,
2026-03-19T01:35:00+08:00,1.15101,1.15132,1.15098,1.15126,,,,
2026-03-19T01:40:00+08:00,1.15124,1.15124,1.15078,1.15115,,,,
2026-03-19T01:45:00+08:00,1.15114,1.15161,1.15112,1.15113,,,Bear,Bear
2026-03-19T01:50:00+08:00,1.15113,1.15155,1.15111,1.15155,,,,
2026-03-19T01:55:00+08:00,1.15156,1.15168,1.15144,1.15162,,,,
2026-03-19T02:00:00+08:00,1.15166,1.15254,1.15116,1.15205,,,,
2026-03-19T02:05:00+08:00,1.15207,1.15225,1.15144,1.15155,,,,
2026-03-19T02:10:00+08:00,1.15155,1.15176,1.15117,1.15135,,,,
2026-03-19T02:15:00+08:00,1.15137,1.15137,1.15029,1.15094,,,,
2026-03-19T02:20:00+08:00,1.15094,1.1511,1.15073,1.15096,,,,
2026-03-19T02:25:00+08:00,1.15092,1.15112,1.15073,1.15098,,,,
2026-03-19T02:30:00+08:00,1.15094,1.15122,1.14996,1.15042,,,,
2026-03-19T02:35:00+08:00,1.15041,1.15118,1.14941,1.14949,,,,
2026-03-19T02:40:00+08:00,1.14955,1.14999,1.14905,1.14911,,,,
2026-03-19T02:45:00+08:00,1.1491,1.14929,1.14871,1.14892,,,,
2026-03-19T02:50:00+08:00,1.14895,1.14903,1.14836,1.14854,,,,
2026-03-19T02:55:00+08:00,1.14852,1.14868,1.14772,1.14774,,,,
2026-03-19T03:00:00+08:00,1.14772,1.14819,1.14751,1.14818,Bull,,,
2026-03-19T03:05:00+08:00,1.14817,1.14827,1.14778,1.1482,,,,
2026-03-19T03:10:00+08:00,1.14818,1.14818,1.14753,1.1476,,,,
2026-03-19T03:15:00+08:00,1.14761,1.1479,1.14759,1.14761,,,,
2026-03-19T03:20:00+08:00,1.14762,1.14783,1.14705,1.14716,,,,
2026-03-19T03:25:00+08:00,1.14714,1.14754,1.14709,1.1474,,Bull,,Bull
2026-03-19T03:30:00+08:00,1.14736,1.14801,1.14734,1.14797,,,,
2026-03-19T03:35:00+08:00,1.14796,1.14811,1.14785,1.14796,,,,
2026-03-19T03:40:00+08:00,1.14797,1.14803,1.14746,1.14757,,,,
2026-03-19T03:45:00+08:00,1.14758,1.1476,1.14703,1.14726,,,,
2026-03-19T03:50:00+08:00,1.14732,1.14758,1.14692,1.14695,,,,
2026-03-19T03:55:00+08:00,1.14695,1.14715,1.14686,1.14694,,,,
2026-03-19T04:00:00+08:00,1.14691,1.14705,1.14679,1.14695,,,,
2026-03-19T04:05:00+08:00,1.14695,1.14695,1.1466,1.14671,,,,
2026-03-19T04:10:00+08:00,1.14671,1.14696,1.14622,1.14634,,,,
2026-03-19T04:15:00+08:00,1.14635,1.14636,1.14582,1.14584,,,,
2026-03-19T04:20:00+08:00,1.14584,1.14612,1.14528,1.14531,,,,
2026-03-19T04:25:00+08:00,1.14531,1.14547,1.14518,1.14528,,,,
2026-03-19T04:30:00+08:00,1.14528,1.14541,1.14511,1.14513,,,,
2026-03-19T04:35:00+08:00,1.14512,1.14532,1.14499,1.14517,,,,
2026-03-19T04:40:00+08:00,1.14518,1.1455,1.14517,1.1455,,,,
2026-03-19T04:45:00+08:00,1.1455,1.14566,1.14537,1.14551,,,,
2026-03-19T04:50:00+08:00,1.14551,1.14553,1.14501,1.14511,Bear,,,
2026-03-19T04:55:00+08:00,1.14513,1.14529,1.14502,1.14506,,,,
2026-03-19T05:00:00+08:00,1.14506,1.14516,1.145,1.145,,,,
2026-03-19T05:05:00+08:00,1.14496,1.14539,1.14496,1.14536,,,,
2026-03-19T05:10:00+08:00,1.14536,1.14587,1.14515,1.14583,,,,
2026-03-19T05:15:00+08:00,1.14584,1.14587,1.14511,1.14574,,,,
2026-03-19T05:20:00+08:00,1.14575,1.14651,1.14574,1.14613,,,,
2026-03-19T05:25:00+08:00,1.14608,1.14657,1.146,1.14642,,,,
2026-03-19T05:30:00+08:00,1.1464,1.14668,1.14627,1.14651,,,,
2026-03-19T05:35:00+08:00,1.1465,1.14651,1.14636,1.14642,,,,
2026-03-19T05:40:00+08:00,1.14642,1.14692,1.14642,1.14661,,,,
2026-03-19T05:45:00+08:00,1.14663,1.14676,1.14659,1.1467,,,,
2026-03-19T05:50:00+08:00,1.1467,1.14693,1.14632,1.14644,,,,
2026-03-19T05:55:00+08:00,1.14644,1.14649,1.14609,1.14611,Bear,,,
2026-03-19T06:00:00+08:00,1.14611,1.14658,1.14588,1.14589,,,,
2026-03-19T06:05:00+08:00,1.14589,1.14628,1.14585,1.14613,Bull,,,
2026-03-19T06:10:00+08:00,1.14611,1.14613,1.14525,1.14529,,,,
2026-03-19T06:15:00+08:00,1.14531,1.14565,1.14519,1.14532,,,,
2026-03-19T06:20:00+08:00,1.14532,1.14539,1.14512,1.14531,,,,
2026-03-19T06:25:00+08:00,1.1453,1.14553,1.14527,1.14529,,,,
2026-03-19T06:30:00+08:00,1.14529,1.14546,1.14516,1.14521,,,,
2026-03-19T06:35:00+08:00,1.14521,1.1455,1.1452,1.14549,,,,
2026-03-19T06:40:00+08:00,1.14548,1.14569,1.1453,1.1456,,,,
2026-03-19T06:45:00+08:00,1.14561,1.14583,1.14556,1.14574,,,,
2026-03-19T06:50:00+08:00,1.14573,1.14588,1.14564,1.14578,,,,
2026-03-19T06:55:00+08:00,1.14577,1.14584,1.14559,1.14567,,,,
2026-03-19T07:00:00+08:00,1.14566,1.14604,1.14552,1.146,,,,
2026-03-19T07:05:00+08:00,1.14598,1.14608,1.14589,1.14589,,,,
2026-03-19T07:10:00+08:00,1.14588,1.14594,1.14572,1.14582,,,,
2026-03-19T07:15:00+08:00,1.14583,1.1459,1.14573,1.14584,,,,
2026-03-19T07:20:00+08:00,1.14583,1.14612,1.14582,1.14611,,,,
2026-03-19T07:25:00+08:00,1.1461,1.14628,1.14602,1.14625,,,,
2026-03-19T07:30:00+08:00,1.14623,1.14634,1.14613,1.14629,,,,
2026-03-19T07:35:00+08:00,1.14628,1.14638,1.14613,1.14637,,,,
2026-03-19T07:40:00+08:00,1.14638,1.1466,1.1459,1.14595,,,,
2026-03-19T07:45:00+08:00,1.14592,1.14658,1.14576,1.14654,Bull,,,
2026-03-19T07:50:00+08:00,1.14653,1.14653,1.14626,1.14641,,,,
2026-03-19T07:55:00+08:00,1.14642,1.1465,1.14629,1.14634,,,,
2026-03-19T08:00:00+08:00,1.14629,1.14687,1.14621,1.14683,,,,
2026-03-19T08:05:00+08:00,1.14685,1.14694,1.14664,1.14667,,,,
2026-03-19T08:10:00+08:00,1.14667,1.14674,1.14636,1.14658,,,,
2026-03-19T08:15:00+08:00,1.14657,1.14671,1.14649,1.14666,,,,
2026-03-19T08:20:00+08:00,1.14665,1.14676,1.14642,1.14654,,,,
2026-03-19T08:25:00+08:00,1.14655,1.14696,1.14646,1.14692,,,,
2026-03-19T08:30:00+08:00,1.1469,1.14709,1.14661,1.14666,,,,
2026-03-19T08:35:00+08:00,1.14667,1.14695,1.14663,1.14687,,,,
2026-03-19T08:40:00+08:00,1.14687,1.14697,1.14662,1.14667,,,,
2026-03-19T08:45:00+08:00,1.14668,1.14725,1.14668,1.14716,,,,
2026-03-19T08:50:00+08:00,1.14717,1.1472,1.14687,1.14699,,,,
2026-03-19T08:55:00+08:00,1.14698,1.14745,1.14692,1.14741,,,,
2026-03-19T09:00:00+08:00,1.14739,1.1477,1.14733,1.14755,,,,
2026-03-19T09:05:00+08:00,1.14755,1.14776,1.14742,1.1477,,,,
2026-03-19T09:10:00+08:00,1.14768,1.14787,1.14745,1.14772,,,,
2026-03-19T09:15:00+08:00,1.14771,1.14792,1.14755,1.14778,,,,
2026-03-19T09:20:00+08:00,1.14777,1.14779,1.14756,1.14777,,,,
2026-03-19T09:25:00+08:00,1.14778,1.14799,1.14774,1.14795,,,,
2026-03-19T09:30:00+08:00,1.14796,1.14809,1.14784,1.14808,,,,
2026-03-19T09:35:00+08:00,1.14807,1.14838,1.148,1.14819,,,,
2026-03-19T09:40:00+08:00,1.1482,1.14829,1.14802,1.14808,,,,
2026-03-19T09:45:00+08:00,1.14807,1.14811,1.14783,1.14807,,,,
2026-03-19T09:50:00+08:00,1.14806,1.14807,1.14784,1.14796,,,,
2026-03-19T09:55:00+08:00,1.14797,1.14807,1.14761,1.14761,,,,
2026-03-19T10:00:00+08:00,1.14762,1.14766,1.14732,1.14744,,,,
2026-03-19T10:05:00+08:00,1.14742,1.14897,1.14718,1.14829,Bull,,,
2026-03-19T10:10:00+08:00,1.14827,1.1489,1.14823,1.14885,,,,
2026-03-19T10:15:00+08:00,1.14886,1.14904,1.14856,1.14901,,,,
2026-03-19T10:20:00+08:00,1.149,1.14914,1.14873,1.149,,,,
2026-03-19T10:25:00+08:00,1.14898,1.14908,1.14885,1.14903,,,,
2026-03-19T10:30:00+08:00,1.14902,1.14902,1.14878,1.14896,,,,
2026-03-19T10:35:00+08:00,1.14895,1.14906,1.14879,1.14888,,,,
2026-03-19T10:40:00+08:00,1.14887,1.14902,1.14877,1.14889,,,,
2026-03-19T10:45:00+08:00,1.14887,1.14894,1.14855,1.14877,,,,
2026-03-19T10:50:00+08:00,1.14878,1.14878,1.14835,1.14846,,,,
2026-03-19T10:55:00+08:00,1.14845,1.14861,1.14816,1.14821,,,,
2026-03-19T11:00:00+08:00,1.14819,1.14835,1.14801,1.1482,,,,
2026-03-19T11:05:00+08:00,1.14819,1.14827,1.14796,1.14808,,,,
2026-03-19T11:10:00+08:00,1.14807,1.14835,1.14797,1.14824,Bull,,,
2026-03-19T11:15:00+08:00,1.14824,1.14832,1.14812,1.14817,,,,
2026-03-19T11:20:00+08:00,1.14818,1.14829,1.14811,1.14813,,,,
2026-03-19T11:25:00+08:00,1.14814,1.14814,1.14785,1.14794,,,,
2026-03-19T11:30:00+08:00,1.14795,1.14795,1.14758,1.14775,,,,
2026-03-19T11:35:00+08:00,1.14774,1.14777,1.14754,1.14766,,,,
2026-03-19T11:40:00+08:00,1.14765,1.1478,1.14763,1.14766,,,,
2026-03-19T11:45:00+08:00,1.14765,1.14784,1.14762,1.14778,,,Bull,Bull
2026-03-19T11:50:00+08:00,1.14779,1.1478,1.14747,1.14749,,,,
2026-03-19T11:55:00+08:00,1.14748,1.14765,1.14746,1.14748,,,,
2026-03-19T12:00:00+08:00,1.14745,1.14751,1.14734,1.14741,,,,
2026-03-19T12:05:00+08:00,1.1474,1.14741,1.14717,1.14719,,,,
2026-03-19T12:10:00+08:00,1.14717,1.14732,1.14713,1.14729,,,,
2026-03-19T12:15:00+08:00,1.14731,1.14738,1.1471,1.14715,,,,
2026-03-19T12:20:00+08:00,1.14716,1.1474,1.14712,1.14716,,,,
2026-03-19T12:25:00+08:00,1.14715,1.14723,1.14704,1.14711,,,,
2026-03-19T12:30:00+08:00,1.14714,1.1473,1.14707,1.14724,,,,
2026-03-19T12:35:00+08:00,1.14725,1.14726,1.147,1.14701,,,,
2026-03-19T12:40:00+08:00,1.14702,1.14702,1.14669,1.14691,,,,
2026-03-19T12:45:00+08:00,1.14688,1.14696,1.1467,1.14676,,,,
2026-03-19T12:50:00+08:00,1.14675,1.14697,1.14674,1.14689,,,,
2026-03-19T12:55:00+08:00,1.14688,1.14704,1.14686,1.1469,,,,
2026-03-19T13:00:00+08:00,1.14688,1.14705,1.14679,1.14689,,,,
2026-03-19T13:05:00+08:00,1.1469,1.14697,1.14679,1.14691,,,,
2026-03-19T13:10:00+08:00,1.14689,1.14695,1.14677,1.14685,Bear,,,
2026-03-19T13:15:00+08:00,1.14686,1.14694,1.1468,1.14694,,,,
2026-03-19T13:20:00+08:00,1.14695,1.14711,1.14691,1.14707,,,,
2026-03-19T13:25:00+08:00,1.14708,1.14708,1.14692,1.14694,,,,
2026-03-19T13:30:00+08:00,1.14695,1.147,1.14682,1.14699,,,,
2026-03-19T13:35:00+08:00,1.14704,1.14711,1.14668,1.14675,,,,
2026-03-19T13:40:00+08:00,1.14676,1.14681,1.14633,1.1465,,,,
2026-03-19T13:45:00+08:00,1.14651,1.14686,1.14649,1.14674,,,,
2026-03-19T13:50:00+08:00,1.14673,1.14688,1.14661,1.14678,,,,
2026-03-19T13:55:00+08:00,1.1468,1.14695,1.14657,1.14657,,,Bear,Bear
2026-03-19T14:00:00+08:00,1.14658,1.14662,1.14635,1.14658,,,,
2026-03-19T14:05:00+08:00,1.14657,1.14668,1.14651,1.14659,,,,
2026-03-19T14:10:00+08:00,1.1466,1.14727,1.1466,1.14727,,,,
2026-03-19T14:15:00+08:00,1.14726,1.14767,1.14714,1.14756,,,,
2026-03-19T14:20:00+08:00,1.14757,1.14763,1.14727,1.14737,Bear,,,
2026-03-19T14:25:00+08:00,1.1474,1.14747,1.14686,1.14686,,,,
2026-03-19T14:30:00+08:00,1.14685,1.14691,1.14633,1.14648,,,,
2026-03-19T14:35:00+08:00,1.14647,1.1466,1.1462,1.14657,,,,
2026-03-19T14:40:00+08:00,1.14658,1.14672,1.14635,1.14671,,,,
2026-03-19T14:45:00+08:00,1.14671,1.14682,1.14624,1.14625,,,,
2026-03-19T14:50:00+08:00,1.14623,1.14648,1.14611,1.14625,,,,
2026-03-19T14:55:00+08:00,1.14624,1.14655,1.1461,1.14653,,,,
2026-03-19T15:00:00+08:00,1.14654,1.14681,1.14528,1.1458,,,,
2026-03-19T15:05:00+08:00,1.14579,1.14732,1.14556,1.14684,,,,
2026-03-19T15:10:00+08:00,1.14683,1.14709,1.14615,1.14676,Bear,,Bear,Bear
2026-03-19T15:15:00+08:00,1.14678,1.14753,1.14676,1.14727,,,,
2026-03-19T15:20:00+08:00,1.14728,1.14739,1.14655,1.14692,,,,
2026-03-19T15:25:00+08:00,1.14691,1.14699,1.14646,1.14652,,,,
2026-03-19T15:30:00+08:00,1.14651,1.14682,1.14624,1.14629,,,,
2026-03-19T15:35:00+08:00,1.1463,1.14647,1.14598,1.14643,,,,
2026-03-19T15:40:00+08:00,1.14644,1.14648,1.14583,1.14601,,,,
2026-03-19T15:45:00+08:00,1.14602,1.14659,1.14573,1.14645,,,,
2026-03-19T15:50:00+08:00,1.14641,1.14651,1.14564,1.14569,,,,
2026-03-19T15:55:00+08:00,1.14572,1.14574,1.14508,1.14525,,,,
2026-03-19T16:00:00+08:00,1.14526,1.14554,1.14496,1.14501,,,,
2026-03-19T16:05:00+08:00,1.14502,1.14523,1.14448,1.14482,,,,
2026-03-19T16:10:00+08:00,1.14483,1.14488,1.1444,1.1448,,,,
2026-03-19T16:15:00+08:00,1.14481,1.14563,1.14481,1.14555,,,,
2026-03-19T16:20:00+08:00,1.14554,1.14593,1.14506,1.14539,,,,
2026-03-19T16:25:00+08:00,1.1454,1.14544,1.14496,1.14518,,,,
2026-03-19T16:30:00+08:00,1.14517,1.14569,1.14501,1.14548,,,,
2026-03-19T16:35:00+08:00,1.14548,1.14561,1.14531,1.14542,,,,